transaction_id,is_laundering
TX0003459504,0
TX0003459505,1
TX0004059519,0
TX0004059583,0
TX0004059589,0
TX0004059596,0
TX0004059604,0
TX0004059639,0
TX0004059668,0
TX0004059714,0
TX0004059834,0
TX0004059901,0
TX0004059941,0
TX0004059966,0
TX0004059979,0
TX0004059998,0
TX0004060011,0
TX0004060027,0
TX0004060036,0
TX0004060085,0
TX0004060092,0
TX0004060135,0
TX0004060165,0
TX0004060197,0
TX0004060253,0
TX0004060337,0
TX0004060400,0
TX0004060408,0
TX0004060502,0
TX0004060505,0
TX0004060513,0
TX0004060623,0
TX0004060638,0
TX0004060661,0
TX0004060668,0
TX0004060699,0
TX0004060709,0
TX0004060723,0
TX0004060827,0
TX0004060841,0
TX0004060862,0
TX0004060890,0
TX0004060893,0
TX0004060913,0
TX0004060936,0
TX0004060980,0
TX0004061047,0
TX0004061101,0
TX0004061155,0
TX0004061162,0
TX0004061167,0
TX0004061205,0
TX0004061235,0
TX0004061260,0
TX0004061264,0
TX0004061328,0
TX0004061354,0
TX0004061366,0
TX0004061392,0
TX0004061426,0
TX0004061515,0
TX0004061525,0
TX0004061586,0
TX0004061589,0
TX0004061604,0
TX0004061619,0
TX0004061640,0
TX0004061643,0
TX0004061679,0
TX0004061691,0
TX0004061706,0
TX0004061733,0
TX0004061820,0
TX0004061829,0
TX0004061866,0
TX0004061914,0
TX0004061924,0
TX0004061958,0
TX0004061993,0
TX0004061994,0
TX0004062006,0
TX0004062008,0
TX0004062037,0
TX0004062057,0
TX0004062071,0
TX0004062074,0
TX0004062084,0
TX0004062110,0
TX0004062132,0
TX0004062158,0
TX0004062190,0
TX0004062219,0
TX0004062249,0
TX0004062257,0
TX0004062294,0
TX0004062386,0
TX0004062541,0
TX0004062567,0
TX0004062606,0
TX0004062609,0
TX0004062611,0
TX0004062667,0
TX0004062822,0
TX0004062834,0
TX0004062839,0
TX0004062855,0
TX0004062924,0
TX0004062940,0
TX0004062946,0
TX0004062947,0
TX0004063011,0
TX0004063024,0
TX0004063033,0
TX0004063060,0
TX0004063124,0
TX0004063127,0
TX0004063133,0
TX0004063141,0
TX0004063142,0
TX0004063147,0
TX0004063180,0
TX0004063196,0
TX0004063303,0
TX0004063304,0
TX0004063306,0
TX0004063321,0
TX0004063336,0
TX0004063342,0
TX0004063377,0
TX0004063395,0
TX0004063410,0
TX0004063416,0
TX0004063467,0
TX0004063468,0
TX0004063469,0
TX0004063470,0
TX0004063494,0
TX0004063514,0
TX0004063536,0
TX0004063537,0
TX0004063578,0
TX0004063607,0
TX0004063662,0
TX0004063663,0
TX0004063727,0
TX0004063795,0
TX0004063817,0
TX0004063835,0
TX0004063847,0
TX0004063867,0
TX0004063874,0
TX0004063879,0
TX0004063880,0
TX0004063895,0
TX0004063896,0
TX0004063916,0
TX0004063935,0
TX0004063976,0
TX0004064009,0
TX0004064010,0
TX0004064088,0
TX0004064117,0
TX0004064131,0
TX0004064208,0
TX0004064221,0
TX0004064247,0
TX0004064265,0
TX0004064338,0
TX0004064340,0
TX0004064447,0
TX0004064483,0
TX0004064519,0
TX0004064639,0
TX0004064646,0
TX0004064708,0
TX0004064730,0
TX0004064808,0
TX0004064820,0
TX0004064850,0
TX0004064867,0
TX0004064868,0
TX0004064915,0
TX0004064930,0
TX0004064957,0
TX0004065066,0
TX0004065095,0
TX0004065106,0
TX0004065128,0
TX0004065150,0
TX0004065175,0
TX0004065187,0
TX0004065230,0
TX0004065249,0
TX0004065288,0
TX0004065299,0
TX0004065363,0
TX0004065378,0
TX0004065389,0
TX0004065414,0
TX0004065444,0
TX0004065485,0
TX0004065500,0
TX0004065572,0
TX0004065637,0
TX0004065640,0
TX0004065704,0
TX0004065762,0
TX0004065799,0
TX0004065826,0
TX0004065841,0
TX0004065863,0
TX0004065890,0
TX0004065913,0
TX0004065916,0
TX0004065923,0
TX0004065926,0
TX0004065972,0
TX0004066007,0
TX0004066012,0
TX0004066016,0
TX0004066068,0
TX0004066099,0
TX0004066110,0
TX0004066161,0
TX0004066177,0
TX0004066264,0
TX0004066275,0
TX0004066276,0
TX0004066299,0
TX0004066369,0
TX0004066378,0
TX0004066435,0
TX0004066542,0
TX0004066551,0
TX0004066594,0
TX0004066622,0
TX0004066675,0
TX0004066683,0
TX0004066689,0
TX0004066775,0
TX0004066776,0
TX0004066780,0
TX0004066828,0
TX0004066866,0
TX0004066885,0
TX0004066908,0
TX0004066957,0
TX0004066959,0
TX0004066975,0
TX0004067059,0
TX0004067064,0
TX0004067107,0
TX0004067130,0
TX0004067193,0
TX0004067212,0
TX0004067227,0
TX0004067321,0
TX0004067342,0
TX0004067372,0
TX0004067400,0
TX0004067407,0
TX0004067435,0
TX0004067504,0
TX0004067544,0
TX0004067566,0
TX0004067595,0
TX0004067612,0
TX0004067617,0
TX0004067630,0
TX0004067708,0
TX0004067721,0
TX0004067748,0
TX0004067770,0
TX0004067777,0
TX0004067787,0
TX0004067789,0
TX0004067820,0
TX0004067828,0
TX0004067830,0
TX0004067833,0
TX0004067844,0
TX0004067852,0
TX0004067865,0
TX0004067907,0
TX0004067909,0
TX0004067938,0
TX0004068043,0
TX0004068061,0
TX0004068075,0
TX0004068101,0
TX0004068105,0
TX0004068130,0
TX0004068170,0
TX0004068208,0
TX0004068213,0
TX0004068223,0
TX0004068274,0
TX0004068280,0
TX0004068316,0
TX0004068336,0
TX0004068337,0
TX0004068341,0
TX0004068342,0
TX0004068353,0
TX0004068359,0
TX0004068379,0
TX0004068434,0
TX0004068445,0
TX0004068463,0
TX0004068490,0
TX0004068539,0
TX0004068556,0
TX0004068636,0
TX0004068680,0
TX0004068697,0
TX0004068707,0
TX0004068711,0
TX0004068738,0
TX0004068844,0
TX0004068909,0
TX0004069041,0
TX0004069044,0
TX0004069049,0
TX0004069069,0
TX0004069084,0
TX0004069108,0
TX0004069112,0
TX0004069119,0
TX0004069164,0
TX0004069177,0
TX0004069198,0
TX0004069258,0
TX0004069300,0
TX0004059534,0
TX0004059553,0
TX0004059563,0
TX0004059613,0
TX0004059621,0
TX0004059670,0
TX0004059674,0
TX0004059694,0
TX0004059730,0
TX0004059741,0
TX0004059767,0
TX0004059807,0
TX0004059813,0
TX0004059822,0
TX0004059831,0
TX0004059881,0
TX0004059923,0
TX0004059962,0
TX0004059975,0
TX0004059983,0
TX0004060086,0
TX0004060124,0
TX0004060126,0
TX0004060219,0
TX0004060235,0
TX0004060264,0
TX0004060303,0
TX0004060399,0
TX0004060418,0
TX0004060430,0
TX0004060439,0
TX0004060486,0
TX0004060518,0
TX0004060530,0
TX0004060549,0
TX0004060600,0
TX0004060642,0
TX0004060805,0
TX0004060895,0
TX0004060899,0
TX0004060915,0
TX0004060921,0
TX0004060954,0
TX0004061003,0
TX0004061026,0
TX0004061029,0
TX0004061045,0
TX0004061082,0
TX0004061083,0
TX0004061087,0
TX0004061171,0
TX0004061202,0
TX0004061240,0
TX0004061276,0
TX0004061358,0
TX0004061385,0
TX0004061438,0
TX0004061458,0
TX0004061471,0
TX0004061526,0
TX0004061531,0
TX0004061549,0
TX0004061566,0
TX0004061576,0
TX0004061608,0
TX0004061614,0
TX0004061628,0
TX0004061658,0
TX0004061659,0
TX0004061682,0
TX0004061712,0
TX0004061748,0
TX0004061803,0
TX0004061904,0
TX0004061927,0
TX0004061943,0
TX0004061983,0
TX0004061985,0
TX0004061989,0
TX0004062043,0
TX0004062106,0
TX0004062117,0
TX0004062127,0
TX0004062139,0
TX0004062142,0
TX0004062145,0
TX0004062195,0
TX0004062199,0
TX0004062228,0
TX0004062242,0
TX0004062270,0
TX0004062275,0
TX0004062277,0
TX0004062299,0
TX0004062311,0
TX0004062356,0
TX0004062407,0
TX0004062483,0
TX0004062516,0
TX0004062531,0
TX0004062544,0
TX0004062666,0
TX0004062672,0
TX0004062682,0
TX0004062718,0
TX0004062737,0
TX0004062743,0
TX0004062744,0
TX0004062765,0
TX0004062775,0
TX0004062810,0
TX0004062816,0
TX0004062887,0
TX0004062895,0
TX0004062959,0
TX0004062996,0
TX0004063073,0
TX0004063090,0
TX0004063091,0
TX0004063098,0
TX0004063121,0
TX0004063157,0
TX0004063250,0
TX0004063284,0
TX0004063297,0
TX0004063383,0
TX0004063414,0
TX0004063423,0
TX0004063531,0
TX0004063546,0
TX0004063609,0
TX0004063614,0
TX0004063630,0
TX0004063657,0
TX0004063750,0
TX0004063751,0
TX0004063784,0
TX0004063793,0
TX0004063812,0
TX0004063815,0
TX0004063834,0
TX0004063928,0
TX0004063957,0
TX0004064040,0
TX0004064100,0
TX0004064102,0
TX0004064126,0
TX0004064137,0
TX0004064142,0
TX0004064187,0
TX0004064188,0
TX0004064194,0
TX0004064196,0
TX0004064242,0
TX0004064253,0
TX0004064352,0
TX0004064368,0
TX0004064369,0
TX0004064370,0
TX0004064374,0
TX0004064381,0
TX0004064388,0
TX0004064410,0
TX0004064414,0
TX0004064422,0
TX0004064472,0
TX0004064492,0
TX0004064514,0
TX0004064558,0
TX0004064577,0
TX0004064586,0
TX0004064628,0
TX0004064736,0
TX0004064757,0
TX0004064773,0
TX0004064778,0
TX0004064824,0
TX0004064874,0
TX0004064886,0
TX0004064929,0
TX0004064975,0
TX0004065082,0
TX0004065133,0
TX0004065134,0
TX0004065161,0
TX0004065172,0
TX0004065200,0
TX0004065207,0
TX0004065219,0
TX0004065265,0
TX0004065314,0
TX0004065365,0
TX0004065401,0
TX0004065475,0
TX0004065492,0
TX0004065493,0
TX0004065540,0
TX0004065585,0
TX0004065605,0
TX0004065610,0
TX0004065630,0
TX0004065864,0
TX0004065878,0
TX0004065905,0
TX0004065909,0
TX0004065912,0
TX0004065924,0
TX0004065936,0
TX0004066042,0
TX0004066062,0
TX0004066196,0
TX0004066207,0
TX0004066329,0
TX0004066361,0
TX0004066368,0
TX0004066393,0
TX0004066441,0
TX0004066481,0
TX0004066537,0
TX0004066547,0
TX0004066568,0
TX0004066570,0
TX0004066571,0
TX0004066574,0
TX0004066575,0
TX0004066589,0
TX0004066591,0
TX0004066606,0
TX0004066708,0
TX0004066715,0
TX0004066721,0
TX0004066730,0
TX0004066735,0
TX0004066791,0
TX0004066815,0
TX0004066831,0
TX0004066849,0
TX0004066873,0
TX0004066921,0
TX0004066940,0
TX0004067015,0
TX0004067027,0
TX0004067094,0
TX0004067228,0
TX0004067235,0
TX0004067276,0
TX0004067277,0
TX0004067312,0
TX0004067320,0
TX0004067335,0
TX0004067347,0
TX0004067409,0
TX0004067466,0
TX0004067524,0
TX0004067545,0
TX0004067555,0
TX0004067604,0
TX0004067620,0
TX0004067636,0
TX0004067644,0
TX0004067645,0
TX0004067667,0
TX0004067668,0
TX0004067707,0
TX0004067744,0
TX0004067823,0
TX0004067840,0
TX0004067842,0
TX0004067919,0
TX0004067950,0
TX0004067979,0
TX0004068016,0
TX0004068019,0
TX0004068024,0
TX0004068025,0
TX0004068036,0
TX0004068053,0
TX0004068056,0
TX0004068057,0
TX0004068066,0
TX0004068071,0
TX0004068148,0
TX0004068163,0
TX0004068218,0
TX0004068243,0
TX0004068329,0
TX0004068332,0
TX0004068333,0
TX0004068338,0
TX0004068352,0
TX0004068391,0
TX0004068471,0
TX0004068480,0
TX0004068597,0
TX0004068598,0
TX0004068634,0
TX0004068663,0
TX0004068685,0
TX0004068696,0
TX0004068728,0
TX0004068754,0
TX0004068762,0
TX0004068768,0
TX0004068825,0
TX0004068868,0
TX0004068896,0
TX0004068955,0
TX0004068962,0
TX0004068978,0
TX0004069016,0
TX0004069033,0
TX0004069057,0
TX0004069079,0
TX0004069105,0
TX0004069173,0
TX0004069178,0
TX0004069188,0
TX0004069200,0
TX0004069215,0
TX0004069216,0
TX0004069252,0
TX0004069255,0
TX0004069295,0
TX0004069298,0
TX0004059533,0
TX0004059546,0
TX0004059606,0
TX0004059617,0
TX0004059686,0
TX0004059756,0
TX0004059757,0
TX0004059765,0
TX0004059780,0
TX0004059796,0
TX0004059820,0
TX0004059846,0
TX0004059900,0
TX0004059920,0
TX0004059928,0
TX0004059934,0
TX0004059943,0
TX0004059945,0
TX0004059968,0
TX0004059986,0
TX0004060015,0
TX0004060039,0
TX0004060069,0
TX0004060071,0
TX0004060091,0
TX0004060116,0
TX0004060139,0
TX0004060187,0
TX0004060195,0
TX0004060277,0
TX0004060351,0
TX0004060368,0
TX0004060386,0
TX0004060398,0
TX0004060459,0
TX0004060471,0
TX0004060521,0
TX0004060566,0
TX0004060630,0
TX0004060694,0
TX0004060700,0
TX0004060706,0
TX0004060712,0
TX0004060727,0
TX0004060783,0
TX0004060816,0
TX0004060826,0
TX0004060853,0
TX0004060858,0
TX0004060935,0
TX0004061011,0
TX0004061073,0
TX0004061080,0
TX0004061093,0
TX0004061190,0
TX0004061197,0
TX0004061200,0
TX0004061212,0
TX0004061237,0
TX0004061242,0
TX0004061266,0
TX0004061273,0
TX0004061293,0
TX0004061296,0
TX0004061316,0
TX0004061379,0
TX0004061394,0
TX0004061406,0
TX0004061439,0
TX0004061445,0
TX0004061473,0
TX0004061490,0
TX0004061498,0
TX0004061591,0
TX0004061651,0
TX0004061663,0
TX0004061673,0
TX0004061697,0
TX0004061713,0
TX0004061715,0
TX0004061726,0
TX0004061740,0
TX0004061753,0
TX0004061811,0
TX0004061838,0
TX0004061852,0
TX0004061853,0
TX0004061890,0
TX0004061902,0
TX0004061913,0
TX0004061941,0
TX0004061950,0
TX0004061968,0
TX0004061976,0
TX0004062012,0
TX0004062040,0
TX0004062086,0
TX0004062174,0
TX0004062184,0
TX0004062295,0
TX0004062315,0
TX0004062331,0
TX0004062362,0
TX0004062382,0
TX0004062390,0
TX0004062394,0
TX0004062431,0
TX0004062473,0
TX0004062488,0
TX0004062502,0
TX0004062548,0
TX0004062600,0
TX0004062617,0
TX0004062646,0
TX0004062655,0
TX0004062660,0
TX0004062735,0
TX0004062746,0
TX0004062823,0
TX0004062888,0
TX0004062890,0
TX0004062901,0
TX0004062964,0
TX0004063020,0
TX0004063032,0
TX0004063169,0
TX0004063268,0
TX0004063285,0
TX0004063289,0
TX0004063329,0
TX0004063341,0
TX0004063343,0
TX0004063372,0
TX0004063433,0
TX0004063487,0
TX0004063496,0
TX0004063516,0
TX0004063538,0
TX0004063560,0
TX0004063658,0
TX0004063683,0
TX0004063707,0
TX0004063708,0
TX0004063758,0
TX0004063760,0
TX0004063797,0
TX0004063808,0
TX0004063865,0
TX0004063875,0
TX0004063888,0
TX0004063893,0
TX0004063894,0
TX0004064043,0
TX0004064066,0
TX0004064111,0
TX0004064122,0
TX0004064163,0
TX0004064165,0
TX0004064185,0
TX0004064202,0
TX0004064228,0
TX0004064257,0
TX0004064274,0
TX0004064303,0
TX0004064345,0
TX0004064416,0
TX0004064419,0
TX0004064427,0
TX0004064461,0
TX0004064470,0
TX0004064500,0
TX0004064520,0
TX0004064523,0
TX0004064535,0
TX0004064588,0
TX0004064642,0
TX0004064663,0
TX0004064668,0
TX0004064685,0
TX0004064706,0
TX0004064739,0
TX0004064769,0
TX0004064770,0
TX0004064831,0
TX0004064864,0
TX0004064890,0
TX0004064965,0
TX0004065000,0
TX0004065018,0
TX0004065035,0
TX0004065055,0
TX0004065182,0
TX0004065275,0
TX0004065294,0
TX0004065306,0
TX0004065317,0
TX0004065343,0
TX0004065411,0
TX0004065471,0
TX0004065478,0
TX0004065530,0
TX0004065533,0
TX0004065541,0
TX0004065546,0
TX0004065547,0
TX0004065594,0
TX0004065598,0
TX0004065648,0
TX0004065663,0
TX0004065731,0
TX0004065742,0
TX0004065755,0
TX0004065788,0
TX0004065836,0
TX0004065855,0
TX0004065866,0
TX0004065921,0
TX0004065935,0
TX0004065957,0
TX0004065984,0
TX0004066034,0
TX0004066037,0
TX0004066061,0
TX0004066072,0
TX0004066139,0
TX0004066150,0
TX0004066309,0
TX0004066315,0
TX0004066317,0
TX0004066362,0
TX0004066401,0
TX0004066475,0
TX0004066490,0
TX0004066506,0
TX0004066521,0
TX0004066550,0
TX0004066565,0
TX0004066592,0
TX0004066761,0
TX0004066811,0
TX0004066840,0
TX0004066852,0
TX0004066871,0
TX0004066875,0
TX0004066880,0
TX0004066886,0
TX0004066911,0
TX0004066933,0
TX0004066944,0
TX0004067035,0
TX0004067075,0
TX0004067127,0
TX0004067141,0
TX0004067223,0
TX0004067259,0
TX0004067274,0
TX0004067295,0
TX0004067298,0
TX0004067304,0
TX0004067309,0
TX0004067368,0
TX0004067374,0
TX0004067390,0
TX0004067391,0
TX0004067415,0
TX0004067419,0
TX0004067423,0
TX0004067426,0
TX0004067467,0
TX0004067480,0
TX0004067530,0
TX0004067623,0
TX0004067633,0
TX0004067654,0
TX0004067662,0
TX0004067664,0
TX0004067694,0
TX0004067783,0
TX0004067795,0
TX0004067816,0
TX0004067856,0
TX0004067905,0
TX0004067917,0
TX0004067924,0
TX0004067939,0
TX0004067947,0
TX0004067953,0
TX0004067963,0
TX0004067992,0
TX0004068023,0
TX0004068037,0
TX0004068045,0
TX0004068086,0
TX0004068184,0
TX0004068185,0
TX0004068207,0
TX0004068262,0
TX0004068277,0
TX0004068278,0
TX0004068339,0
TX0004068340,0
TX0004068387,0
TX0004068421,0
TX0004068437,0
TX0004068441,0
TX0004068553,0
TX0004068582,0
TX0004068615,0
TX0004068642,0
TX0004068655,0
TX0004068666,0
TX0004068673,0
TX0004068702,0
TX0004068706,0
TX0004068747,0
TX0004068752,0
TX0004068764,0
TX0004068769,0
TX0004068900,0
TX0004068916,0
TX0004068938,0
TX0004068970,0
TX0004069020,0
TX0004069022,0
TX0004069027,0
TX0004069028,0
TX0004069055,0
TX0004069074,0
TX0004069151,0
TX0004069161,0
TX0004069240,0
TX0004069284,0
TX0003906799,1
TX0004059507,0
TX0004059607,0
TX0004059667,0
TX0004059736,0
TX0004059782,0
TX0004059849,0
TX0004059872,0
TX0004059903,0
TX0004059918,0
TX0004059952,0
TX0004059985,0
TX0004060016,0
TX0004060033,0
TX0004060043,0
TX0004060122,0
TX0004060150,0
TX0004060196,0
TX0004060200,0
TX0004060283,0
TX0004060413,0
TX0004060416,0
TX0004060437,0
TX0004060441,0
TX0004060457,0
TX0004060514,0
TX0004060535,0
TX0004060584,0
TX0004060634,0
TX0004060667,0
TX0004060708,0
TX0004060734,0
TX0004060754,0
TX0004060775,0
TX0004060789,0
TX0004060791,0
TX0004060794,0
TX0004060869,0
TX0004060870,0
TX0004060874,0
TX0004060908,0
TX0004060914,0
TX0004060928,0
TX0004060930,0
TX0004060939,0
TX0004060948,0
TX0004060956,0
TX0004060981,0
TX0004060986,0
TX0004060988,0
TX0004061006,0
TX0004061041,0
TX0004061053,0
TX0004061054,0
TX0004061071,0
TX0004061170,0
TX0004061176,0
TX0004061183,0
TX0004061233,0
TX0004061295,0
TX0004061323,0
TX0004061352,0
TX0004061367,0
TX0004061403,0
TX0004061425,0
TX0004061449,0
TX0004061480,0
TX0004061500,0
TX0004061508,0
TX0004061523,0
TX0004061557,0
TX0004061685,0
TX0004061686,0
TX0004061717,0
TX0004061729,0
TX0004061735,0
TX0004061758,0
TX0004061759,0
TX0004061835,0
TX0004061855,0
TX0004061917,0
TX0004061922,0
TX0004061970,0
TX0004061981,0
TX0004062023,0
TX0004062046,0
TX0004062105,0
TX0004062166,0
TX0004062192,0
TX0004062204,0
TX0004062234,0
TX0004062287,0
TX0004062293,0
TX0004062304,0
TX0004062318,0
TX0004062376,0
TX0004062389,0
TX0004062415,0
TX0004062427,0
TX0004062503,0
TX0004062511,0
TX0004062519,0
TX0004062520,0
TX0004062537,0
TX0004062587,0
TX0004062612,0
TX0004062613,0
TX0004062649,0
TX0004062684,0
TX0004062687,0
TX0004062690,0
TX0004062696,0
TX0004062815,0
TX0004062868,0
TX0004062871,0
TX0004062905,0
TX0004062925,0
TX0004062942,0
TX0004062956,0
TX0004062960,0
TX0004063004,0
TX0004063016,0
TX0004063102,0
TX0004063215,0
TX0004063219,0
TX0004063293,0
TX0004063312,0
TX0004063320,0
TX0004063356,0
TX0004063382,0
TX0004063452,0
TX0004063481,0
TX0004063495,0
TX0004063526,0
TX0004063530,0
TX0004063598,0
TX0004063613,0
TX0004063620,0
TX0004063629,0
TX0004063646,0
TX0004063681,0
TX0004063691,0
TX0004063695,0
TX0004063701,0
TX0004063767,0
TX0004063777,0
TX0004063778,0
TX0004063788,0
TX0004063800,0
TX0004063822,0
TX0004063842,0
TX0004063876,0
TX0004063878,0
TX0004063934,0
TX0004063946,0
TX0004063963,0
TX0004063975,0
TX0004064026,0
TX0004064072,0
TX0004064110,0
TX0004064120,0
TX0004064168,0
TX0004064172,0
TX0004064181,0
TX0004064204,0
TX0004064249,0
TX0004064251,0
TX0004064282,0
TX0004064328,0
TX0004064347,0
TX0004064356,0
TX0004064371,0
TX0004064437,0
TX0004064453,0
TX0004064539,0
TX0004064570,0
TX0004064580,0
TX0004064601,0
TX0004064696,0
TX0004064705,0
TX0004064764,0
TX0004064787,0
TX0004064795,0
TX0004064827,0
TX0004064839,0
TX0004064876,0
TX0004064896,0
TX0004064936,0
TX0004064970,0
TX0004065011,0
TX0004065036,0
TX0004065051,0
TX0004065079,0
TX0004065178,0
TX0004065202,0
TX0004065222,0
TX0004065253,0
TX0004065281,0
TX0004065307,0
TX0004065308,0
TX0004065328,0
TX0004065385,0
TX0004065398,0
TX0004065428,0
TX0004065460,0
TX0004065529,0
TX0004065555,0
TX0004065562,0
TX0004065563,0
TX0004065652,0
TX0004065703,0
TX0004065774,0
TX0004065887,0
TX0004065918,0
TX0004065974,0
TX0004065976,0
TX0004066024,0
TX0004066027,0
TX0004066066,0
TX0004066067,0
TX0004066111,0
TX0004066116,0
TX0004066144,0
TX0004066200,0
TX0004066225,0
TX0004066292,0
TX0004066316,0
TX0004066335,0
TX0004066344,0
TX0004066352,0
TX0004066358,0
TX0004066365,0
TX0004066400,0
TX0004066417,0
TX0004066453,0
TX0004066480,0
TX0004066483,0
TX0004066535,0
TX0004066578,0
TX0004066579,0
TX0004066600,0
TX0004066605,0
TX0004066614,0
TX0004066616,0
TX0004066638,0
TX0004066659,0
TX0004066663,0
TX0004066763,0
TX0004066773,0
TX0004066786,0
TX0004066824,0
TX0004066846,0
TX0004066881,0
TX0004066887,0
TX0004066892,0
TX0004066939,0
TX0004067017,0
TX0004067018,0
TX0004067043,0
TX0004067083,0
TX0004067099,0
TX0004067117,0
TX0004067119,0
TX0004067131,0
TX0004067165,0
TX0004067173,0
TX0004067177,0
TX0004067181,0
TX0004067249,0
TX0004067290,0
TX0004067329,0
TX0004067333,0
TX0004067337,0
TX0004067344,0
TX0004067362,0
TX0004067396,0
TX0004067397,0
TX0004067433,0
TX0004067613,0
TX0004067683,0
TX0004067688,0
TX0004067696,0
TX0004067709,0
TX0004067712,0
TX0004067713,0
TX0004067717,0
TX0004067719,0
TX0004067720,0
TX0004067733,0
TX0004067755,0
TX0004067897,0
TX0004067976,0
TX0004067980,0
TX0004067993,0
TX0004068044,0
TX0004068134,0
TX0004068165,0
TX0004068236,0
TX0004068307,0
TX0004068401,0
TX0004068415,0
TX0004068436,0
TX0004068443,0
TX0004068447,0
TX0004068496,0
TX0004068523,0
TX0004068580,0
TX0004068594,0
TX0004068665,0
TX0004068671,0
TX0004068675,0
TX0004068695,0
TX0004068798,0
TX0004068849,0
TX0004068869,0
TX0004068942,0
TX0004068967,0
TX0004068977,0
TX0004069021,0
TX0004069030,0
TX0004069072,0
TX0004069103,0
TX0004069116,0
TX0004069141,0
TX0004069194,0
TX0004069201,0
TX0004069270,0
TX0004059586,0
TX0004059642,0
TX0004059677,0
TX0004059700,0
TX0004059716,0
TX0004059748,0
TX0004059752,0
TX0004059789,0
TX0004059844,0
TX0004059916,0
TX0004059935,0
TX0004059974,0
TX0004059980,0
TX0004059991,0
TX0004060129,0
TX0004060144,0
TX0004060170,0
TX0004060176,0
TX0004060193,0
TX0004060237,0
TX0004060265,0
TX0004060316,0
TX0004060330,0
TX0004060343,0
TX0004060359,0
TX0004060363,0
TX0004060370,0
TX0004060393,0
TX0004060406,0
TX0004060422,0
TX0004060445,0
TX0004060538,0
TX0004060580,0
TX0004060636,0
TX0004060637,0
TX0004060669,0
TX0004060674,0
TX0004060677,0
TX0004060681,0
TX0004060688,0
TX0004060715,0
TX0004060717,0
TX0004060737,0
TX0004060761,0
TX0004060769,0
TX0004060814,0
TX0004060854,0
TX0004060855,0
TX0004060940,0
TX0004060958,0
TX0004060966,0
TX0004060976,0
TX0004060977,0
TX0004060995,0
TX0004061037,0
TX0004061097,0
TX0004061135,0
TX0004061180,0
TX0004061195,0
TX0004061196,0
TX0004061219,0
TX0004061241,0
TX0004061256,0
TX0004061262,0
TX0004061308,0
TX0004061336,0
TX0004061343,0
TX0004061362,0
TX0004061418,0
TX0004061476,0
TX0004061578,0
TX0004061603,0
TX0004061625,0
TX0004061667,0
TX0004061668,0
TX0004061694,0
TX0004061720,0
TX0004061762,0
TX0004061771,0
TX0004061772,0
TX0004061794,0
TX0004061813,0
TX0004061867,0
TX0004061933,0
TX0004061942,0
TX0004061956,0
TX0004061986,0
TX0004062097,0
TX0004062229,0
TX0004062230,0
TX0004062232,0
TX0004062244,0
TX0004062259,0
TX0004062260,0
TX0004062327,0
TX0004062334,0
TX0004062351,0
TX0004062368,0
TX0004062383,0
TX0004062441,0
TX0004062448,0
TX0004062464,0
TX0004062482,0
TX0004062560,0
TX0004062618,0
TX0004062657,0
TX0004062663,0
TX0004062675,0
TX0004062707,0
TX0004062708,0
TX0004062715,0
TX0004062732,0
TX0004062740,0
TX0004062786,0
TX0004062847,0
TX0004062864,0
TX0004062896,0
TX0004062902,0
TX0004062909,0
TX0004062969,0
TX0004062976,0
TX0004062983,0
TX0004062987,0
TX0004063047,0
TX0004063117,0
TX0004063120,0
TX0004063138,0
TX0004063166,0
TX0004063193,0
TX0004063222,0
TX0004063236,0
TX0004063252,0
TX0004063283,0
TX0004063326,0
TX0004063344,0
TX0004063370,0
TX0004063396,0
TX0004063441,0
TX0004063458,0
TX0004063464,0
TX0004063475,0
TX0004063567,0
TX0004063622,0
TX0004063624,0
TX0004063639,0
TX0004063682,0
TX0004063706,0
TX0004063721,0
TX0004063722,0
TX0004063734,0
TX0004063735,0
TX0004063736,0
TX0004063737,0
TX0004063853,0
TX0004063854,0
TX0004063860,0
TX0004063872,0
TX0004063885,0
TX0004063905,0
TX0004063973,0
TX0004064153,0
TX0004064291,0
TX0004064343,0
TX0004064441,0
TX0004064465,0
TX0004064534,0
TX0004064549,0
TX0004064615,0
TX0004064635,0
TX0004064741,0
TX0004064762,0
TX0004064772,0
TX0004064811,0
TX0004064918,0
TX0004064939,0
TX0004064947,0
TX0004064948,0
TX0004064971,0
TX0004064981,0
TX0004064982,0
TX0004065004,0
TX0004065007,0
TX0004065038,0
TX0004065063,0
TX0004065109,0
TX0004065255,0
TX0004065257,0
TX0004065266,0
TX0004065267,0
TX0004065369,0
TX0004065371,0
TX0004065422,0
TX0004065466,0
TX0004065489,0
TX0004065534,0
TX0004065568,0
TX0004065606,0
TX0004065617,0
TX0004065660,0
TX0004065724,0
TX0004065793,0
TX0004065822,0
TX0004065937,0
TX0004065944,0
TX0004065960,0
TX0004066002,0
TX0004066004,0
TX0004066026,0
TX0004066049,0
TX0004066132,0
TX0004066145,0
TX0004066165,0
TX0004066172,0
TX0004066174,0
TX0004066192,0
TX0004066213,0
TX0004066293,0
TX0004066342,0
TX0004066477,0
TX0004066510,0
TX0004066666,0
TX0004066779,0
TX0004066862,0
TX0004066948,0
TX0004066949,0
TX0004066950,0
TX0004066961,0
TX0004066987,0
TX0004066992,0
TX0004067012,0
TX0004067016,0
TX0004067048,0
TX0004067116,0
TX0004067144,0
TX0004067153,0
TX0004067160,0
TX0004067161,0
TX0004067210,0
TX0004067244,0
TX0004067281,0
TX0004067282,0
TX0004067349,0
TX0004067408,0
TX0004067436,0
TX0004067448,0
TX0004067462,0
TX0004067502,0
TX0004067512,0
TX0004067535,0
TX0004067562,0
TX0004067599,0
TX0004067661,0
TX0004067670,0
TX0004067728,0
TX0004067741,0
TX0004067779,0
TX0004067781,0
TX0004067829,0
TX0004067831,0
TX0004067920,0
TX0004067934,0
TX0004067985,0
TX0004068055,0
TX0004068085,0
TX0004068108,0
TX0004068115,0
TX0004068190,0
TX0004068193,0
TX0004068225,0
TX0004068291,0
TX0004068292,0
TX0004068390,0
TX0004068403,0
TX0004068419,0
TX0004068423,0
TX0004068467,0
TX0004068481,0
TX0004068482,0
TX0004068497,0
TX0004068540,0
TX0004068639,0
TX0004068687,0
TX0004068692,0
TX0004068809,0
TX0004068872,0
TX0004068875,0
TX0004068984,0
TX0004069019,0
TX0004069034,0
TX0004069067,0
TX0004069087,0
TX0004069146,0
TX0004069154,0
TX0004069189,0
TX0004069204,0
TX0004069225,0
TX0004069238,0
TX0004069289,0
TX0004069292,0
TX0004069301,0
TX0004059522,0
TX0004059558,0
TX0004059566,0
TX0004059571,0
TX0004059599,0
TX0004059601,0
TX0004059602,0
TX0004059631,0
TX0004059643,0
TX0004059654,0
TX0004059709,0
TX0004059751,0
TX0004059777,0
TX0004059799,0
TX0004059805,0
TX0004059888,0
TX0004059896,0
TX0004059944,0
TX0004059948,0
TX0004059963,0
TX0004060026,0
TX0004060052,0
TX0004060078,0
TX0004060082,0
TX0004060104,0
TX0004060123,0
TX0004060147,0
TX0004060153,0
TX0004060160,0
TX0004060182,0
TX0004060211,0
TX0004060226,0
TX0004060366,0
TX0004060448,0
TX0004060450,0
TX0004060517,0
TX0004060602,0
TX0004060635,0
TX0004060657,0
TX0004060671,0
TX0004060693,0
TX0004060701,0
TX0004060742,0
TX0004060751,0
TX0004060875,0
TX0004060894,0
TX0004060896,0
TX0004060932,0
TX0004061002,0
TX0004061022,0
TX0004061033,0
TX0004061043,0
TX0004061072,0
TX0004061099,0
TX0004061118,0
TX0004061153,0
TX0004061156,0
TX0004061178,0
TX0004061186,0
TX0004061203,0
TX0004061298,0
TX0004061305,0
TX0004061307,0
TX0004061311,0
TX0004061313,0
TX0004061314,0
TX0004061319,0
TX0004061322,0
TX0004061332,0
TX0004061372,0
TX0004061408,0
TX0004061465,0
TX0004061493,0
TX0004061496,0
TX0004061562,0
TX0004061611,0
TX0004061635,0
TX0004061647,0
TX0004061662,0
TX0004061728,0
TX0004061775,0
TX0004061787,0
TX0004061791,0
TX0004061793,0
TX0004061845,0
TX0004061848,0
TX0004061877,0
TX0004061884,0
TX0004061944,0
TX0004061957,0
TX0004062021,0
TX0004062031,0
TX0004062041,0
TX0004062095,0
TX0004062125,0
TX0004062128,0
TX0004062196,0
TX0004062227,0
TX0004062274,0
TX0004062330,0
TX0004062436,0
TX0004062463,0
TX0004062494,0
TX0004062501,0
TX0004062518,0
TX0004062527,0
TX0004062533,0
TX0004062568,0
TX0004062632,0
TX0004062662,0
TX0004062665,0
TX0004062669,0
TX0004062714,0
TX0004062754,0
TX0004062792,0
TX0004062819,0
TX0004062831,0
TX0004062865,0
TX0004062884,0
TX0004062906,0
TX0004062930,0
TX0004063019,0
TX0004063028,0
TX0004063061,0
TX0004063067,0
TX0004063137,0
TX0004063161,0
TX0004063198,0
TX0004063201,0
TX0004063213,0
TX0004063237,0
TX0004063274,0
TX0004063301,0
TX0004063309,0
TX0004063313,0
TX0004063355,0
TX0004063385,0
TX0004063406,0
TX0004063540,0
TX0004063548,0
TX0004063572,0
TX0004063581,0
TX0004063589,0
TX0004063667,0
TX0004063712,0
TX0004063714,0
TX0004063755,0
TX0004063762,0
TX0004063769,0
TX0004063802,0
TX0004063829,0
TX0004064028,0
TX0004064054,0
TX0004064055,0
TX0004064106,0
TX0004064133,0
TX0004064154,0
TX0004064380,0
TX0004064382,0
TX0004064383,0
TX0004064431,0
TX0004064433,0
TX0004064467,0
TX0004064504,0
TX0004064533,0
TX0004064569,0
TX0004064576,0
TX0004064579,0
TX0004064593,0
TX0004064647,0
TX0004064697,0
TX0004064734,0
TX0004064735,0
TX0004064780,0
TX0004064796,0
TX0004064804,0
TX0004064846,0
TX0004064861,0
TX0004064865,0
TX0004064866,0
TX0004064889,0
TX0004064902,0
TX0004064953,0
TX0004064964,0
TX0004064974,0
TX0004065029,0
TX0004065030,0
TX0004065045,0
TX0004065059,0
TX0004065091,0
TX0004065096,0
TX0004065097,0
TX0004065107,0
TX0004065117,0
TX0004065131,0
TX0004065163,0
TX0004065180,0
TX0004065246,0
TX0004065276,0
TX0004065286,0
TX0004065292,0
TX0004065323,0
TX0004065395,0
TX0004065429,0
TX0004065480,0
TX0004065495,0
TX0004065543,0
TX0004065592,0
TX0004065613,0
TX0004065651,0
TX0004065673,0
TX0004065679,0
TX0004065705,0
TX0004065725,0
TX0004065740,0
TX0004065753,0
TX0004065781,0
TX0004065853,0
TX0004065854,0
TX0004065895,0
TX0004065898,0
TX0004065900,0
TX0004065931,0
TX0004065973,0
TX0004066038,0
TX0004066043,0
TX0004066081,0
TX0004066096,0
TX0004066126,0
TX0004066163,0
TX0004066188,0
TX0004066189,0
TX0004066223,0
TX0004066304,0
TX0004066322,0
TX0004066336,0
TX0004066359,0
TX0004066371,0
TX0004066380,0
TX0004066451,0
TX0004066465,0
TX0004066487,0
TX0004066489,0
TX0004066501,0
TX0004066541,0
TX0004066544,0
TX0004066545,0
TX0004066586,0
TX0004066609,0
TX0004066612,0
TX0004066640,0
TX0004066672,0
TX0004066680,0
TX0004066787,0
TX0004066803,0
TX0004066859,0
TX0004066867,0
TX0004066895,0
TX0004066914,0
TX0004066930,0
TX0004066963,0
TX0004066967,0
TX0004067000,0
TX0004067019,0
TX0004067025,0
TX0004067077,0
TX0004067143,0
TX0004067159,0
TX0004067184,0
TX0004067230,0
TX0004067268,0
TX0004067299,0
TX0004067300,0
TX0004067308,0
TX0004067316,0
TX0004067425,0
TX0004067447,0
TX0004067479,0
TX0004067519,0
TX0004067553,0
TX0004067584,0
TX0004067590,0
TX0004067594,0
TX0004067649,0
TX0004067692,0
TX0004067698,0
TX0004067703,0
TX0004067718,0
TX0004067722,0
TX0004067764,0
TX0004067773,0
TX0004067811,0
TX0004067849,0
TX0004067860,0
TX0004067861,0
TX0004067903,0
TX0004068011,0
TX0004068041,0
TX0004068048,0
TX0004068082,0
TX0004068124,0
TX0004068145,0
TX0004068151,0
TX0004068201,0
TX0004068211,0
TX0004068219,0
TX0004068247,0
TX0004068303,0
TX0004068305,0
TX0004068313,0
TX0004068458,0
TX0004068492,0
TX0004068501,0
TX0004068543,0
TX0004068552,0
TX0004068555,0
TX0004068570,0
TX0004068583,0
TX0004068627,0
TX0004068648,0
TX0004068650,0
TX0004068678,0
TX0004068703,0
TX0004068713,0
TX0004068733,0
TX0004068760,0
TX0004068780,0
TX0004068810,0
TX0004068884,0
TX0004068910,0
TX0004068929,0
TX0004068968,0
TX0004069015,0
TX0004069068,0
TX0004069099,0
TX0004069142,0
TX0004069153,0
TX0004069206,0
TX0004069282,0
TX0003162466,1
TX0004059529,0
TX0004059582,0
TX0004059624,0
TX0004059632,0
TX0004059650,0
TX0004059703,0
TX0004059712,0
TX0004059728,0
TX0004059733,0
TX0004059788,0
TX0004059792,0
TX0004059798,0
TX0004059815,0
TX0004059840,0
TX0004059870,0
TX0004059877,0
TX0004059878,0
TX0004059879,0
TX0004059892,0
TX0004059910,0
TX0004059950,0
TX0004059969,0
TX0004060019,0
TX0004060023,0
TX0004060038,0
TX0004060077,0
TX0004060113,0
TX0004060137,0
TX0004060169,0
TX0004060225,0
TX0004060230,0
TX0004060260,0
TX0004060298,0
TX0004060318,0
TX0004060346,0
TX0004060365,0
TX0004060367,0
TX0004060381,0
TX0004060414,0
TX0004060458,0
TX0004060461,0
TX0004060477,0
TX0004060482,0
TX0004060490,0
TX0004060512,0
TX0004060562,0
TX0004060563,0
TX0004060564,0
TX0004060576,0
TX0004060577,0
TX0004060583,0
TX0004060585,0
TX0004060606,0
TX0004060611,0
TX0004060629,0
TX0004060643,0
TX0004060713,0
TX0004060755,0
TX0004060767,0
TX0004060782,0
TX0004060856,0
TX0004060863,0
TX0004060891,0
TX0004060918,0
TX0004060952,0
TX0004060982,0
TX0004061229,0
TX0004061300,0
TX0004061318,0
TX0004061370,0
TX0004061384,0
TX0004061420,0
TX0004061447,0
TX0004061497,0
TX0004061499,0
TX0004061528,0
TX0004061532,0
TX0004061545,0
TX0004061564,0
TX0004061599,0
TX0004061653,0
TX0004061696,0
TX0004061702,0
TX0004061766,0
TX0004061769,0
TX0004061834,0
TX0004061839,0
TX0004061860,0
TX0004061881,0
TX0004061899,0
TX0004061905,0
TX0004061908,0
TX0004061909,0
TX0004062045,0
TX0004062051,0
TX0004062062,0
TX0004062068,0
TX0004062072,0
TX0004062083,0
TX0004062144,0
TX0004062154,0
TX0004062155,0
TX0004062186,0
TX0004062209,0
TX0004062254,0
TX0004062282,0
TX0004062309,0
TX0004062310,0
TX0004062347,0
TX0004062358,0
TX0004062489,0
TX0004062525,0
TX0004062535,0
TX0004062542,0
TX0004062574,0
TX0004062589,0
TX0004062647,0
TX0004062694,0
TX0004062736,0
TX0004062749,0
TX0004062763,0
TX0004062769,0
TX0004062770,0
TX0004062826,0
TX0004062918,0
TX0004062972,0
TX0004062977,0
TX0004062991,0
TX0004062997,0
TX0004063097,0
TX0004063099,0
TX0004063135,0
TX0004063146,0
TX0004063164,0
TX0004063248,0
TX0004063288,0
TX0004063302,0
TX0004063315,0
TX0004063384,0
TX0004063432,0
TX0004063436,0
TX0004063442,0
TX0004063462,0
TX0004063510,0
TX0004063512,0
TX0004063524,0
TX0004063563,0
TX0004063568,0
TX0004063573,0
TX0004063593,0
TX0004063615,0
TX0004063719,0
TX0004063720,0
TX0004063739,0
TX0004063770,0
TX0004063772,0
TX0004063785,0
TX0004063792,0
TX0004063796,0
TX0004063828,0
TX0004063960,0
TX0004063967,0
TX0004063992,0
TX0004064022,0
TX0004064041,0
TX0004064084,0
TX0004064087,0
TX0004064096,0
TX0004064103,0
TX0004064238,0
TX0004064260,0
TX0004064266,0
TX0004064275,0
TX0004064292,0
TX0004064297,0
TX0004064417,0
TX0004064432,0
TX0004064459,0
TX0004064460,0
TX0004064503,0
TX0004064529,0
TX0004064555,0
TX0004064625,0
TX0004064633,0
TX0004064634,0
TX0004064648,0
TX0004064711,0
TX0004064719,0
TX0004064722,0
TX0004064726,0
TX0004064727,0
TX0004064748,0
TX0004064749,0
TX0004064758,0
TX0004064801,0
TX0004064810,0
TX0004064835,0
TX0004064856,0
TX0004064872,0
TX0004064967,1
TX0004064969,0
TX0004064978,0
TX0004065065,0
TX0004065098,0
TX0004065208,0
TX0004065269,0
TX0004065283,0
TX0004065300,0
TX0004065419,0
TX0004065421,0
TX0004065465,0
TX0004065467,0
TX0004065472,0
TX0004065519,0
TX0004065520,0
TX0004065553,0
TX0004065618,0
TX0004065647,0
TX0004065650,0
TX0004065658,0
TX0004065670,0
TX0004065694,0
TX0004065735,0
TX0004065776,0
TX0004065784,0
TX0004065790,0
TX0004065795,0
TX0004065809,0
TX0004065813,0
TX0004065837,0
TX0004065843,0
TX0004065867,0
TX0004065872,0
TX0004065902,0
TX0004065971,0
TX0004065994,0
TX0004066003,0
TX0004066055,0
TX0004066137,0
TX0004066159,0
TX0004066167,0
TX0004066212,0
TX0004066219,0
TX0004066222,0
TX0004066226,0
TX0004066298,0
TX0004066373,0
TX0004066374,0
TX0004066395,0
TX0004066468,0
TX0004066485,0
TX0004066486,0
TX0004066531,0
TX0004066536,0
TX0004066557,0
TX0004066652,0
TX0004066704,0
TX0004066732,0
TX0004066747,0
TX0004066790,0
TX0004066804,0
TX0004066819,0
TX0004066821,0
TX0004066857,0
TX0004066861,0
TX0004066876,0
TX0004066925,0
TX0004066964,0
TX0004067042,0
TX0004067057,0
TX0004067065,0
TX0004067103,0
TX0004067136,0
TX0004067241,0
TX0004067258,0
TX0004067271,0
TX0004067294,0
TX0004067315,0
TX0004067332,0
TX0004067350,0
TX0004067354,0
TX0004067356,0
TX0004067367,0
TX0004067376,0
TX0004067477,0
TX0004067503,0
TX0004067522,0
TX0004067567,0
TX0004067676,0
TX0004067727,0
TX0004067740,0
TX0004067742,0
TX0004067766,0
TX0004067826,0
TX0004067857,0
TX0004067866,0
TX0004067891,0
TX0004067954,0
TX0004067971,0
TX0004067978,0
TX0004068028,0
TX0004068103,0
TX0004068112,0
TX0004068119,0
TX0004068131,0
TX0004068133,0
TX0004068194,0
TX0004068197,0
TX0004068215,0
TX0004068250,0
TX0004068263,0
TX0004068275,0
TX0004068348,0
TX0004068366,0
TX0004068506,0
TX0004068512,0
TX0004068564,0
TX0004068584,0
TX0004068592,0
TX0004068607,0
TX0004068610,0
TX0004068625,0
TX0004068661,0
TX0004068750,0
TX0004068782,0
TX0004068784,0
TX0004068804,0
TX0004068821,0
TX0004068826,0
TX0004068831,0
TX0004068842,0
TX0004068860,0
TX0004068891,0
TX0004068895,0
TX0004068925,0
TX0004068936,0
TX0004068943,0
TX0004068951,0
TX0004068963,0
TX0004069005,0
TX0004069025,0
TX0004069046,0
TX0004069054,0
TX0004069058,0
TX0004069127,0
TX0004069131,0
TX0004069150,0
TX0004069170,0
TX0004069302,0
TX0002976948,0
TX0002976949,1
TX0004059530,0
TX0004059540,0
TX0004059541,0
TX0004059551,0
TX0004059565,0
TX0004059573,0
TX0004059575,0
TX0004059594,0
TX0004059626,0
TX0004059675,0
TX0004059680,0
TX0004059683,0
TX0004059744,0
TX0004059772,0
TX0004059809,0
TX0004059832,0
TX0004059838,0
TX0004059854,0
TX0004059891,0
TX0004059909,0
TX0004060004,0
TX0004060030,0
TX0004060037,0
TX0004060060,0
TX0004060094,0
TX0004060111,0
TX0004060138,0
TX0004060142,0
TX0004060206,0
TX0004060287,0
TX0004060290,0
TX0004060348,0
TX0004060369,0
TX0004060376,0
TX0004060382,0
TX0004060407,0
TX0004060423,0
TX0004060444,0
TX0004060475,0
TX0004060509,0
TX0004060532,0
TX0004060540,0
TX0004060607,0
TX0004060739,0
TX0004060758,0
TX0004060808,0
TX0004060830,0
TX0004060848,0
TX0004060882,0
TX0004060885,0
TX0004060900,0
TX0004060909,0
TX0004060984,0
TX0004060993,0
TX0004061023,0
TX0004061038,0
TX0004061058,0
TX0004061061,0
TX0004061062,0
TX0004061096,0
TX0004061144,0
TX0004061207,0
TX0004061243,0
TX0004061287,0
TX0004061299,0
TX0004061356,0
TX0004061389,0
TX0004061423,0
TX0004061436,0
TX0004061442,0
TX0004061479,0
TX0004061512,0
TX0004061518,0
TX0004061542,0
TX0004061665,0
TX0004061837,0
TX0004061851,0
TX0004061873,0
TX0004062064,0
TX0004062113,0
TX0004062150,0
TX0004062162,0
TX0004062210,0
TX0004062212,0
TX0004062269,0
TX0004062379,0
TX0004062401,0
TX0004062410,0
TX0004062421,0
TX0004062434,0
TX0004062461,0
TX0004062524,0
TX0004062528,0
TX0004062529,0
TX0004062543,0
TX0004062619,0
TX0004062652,0
TX0004062751,0
TX0004062759,0
TX0004062854,0
TX0004062867,0
TX0004062899,0
TX0004062914,0
TX0004062936,0
TX0004062949,0
TX0004062955,0
TX0004062995,0
TX0004063008,0
TX0004063030,0
TX0004063041,0
TX0004063100,0
TX0004063106,0
TX0004063160,0
TX0004063173,0
TX0004063177,0
TX0004063263,0
TX0004063294,0
TX0004063364,0
TX0004063367,0
TX0004063405,0
TX0004063463,0
TX0004063474,0
TX0004063497,0
TX0004063552,0
TX0004063571,0
TX0004063600,0
TX0004063601,0
TX0004063602,0
TX0004063603,0
TX0004063610,0
TX0004063619,0
TX0004063643,0
TX0004063645,0
TX0004063654,0
TX0004063655,0
TX0004063669,0
TX0004063670,0
TX0004063703,0
TX0004063810,0
TX0004063836,0
TX0004063837,0
TX0004063925,0
TX0004063929,0
TX0004063930,0
TX0004063931,0
TX0004064016,0
TX0004064058,0
TX0004064091,0
TX0004064139,0
TX0004064141,0
TX0004064174,0
TX0004064288,0
TX0004064329,0
TX0004064339,0
TX0004064409,0
TX0004064421,0
TX0004064434,0
TX0004064454,0
TX0004064490,0
TX0004064493,0
TX0004064494,0
TX0004064578,0
TX0004064581,0
TX0004064582,0
TX0004064597,0
TX0004064616,0
TX0004064644,0
TX0004064654,0
TX0004064655,0
TX0004064674,0
TX0004064716,0
TX0004064738,0
TX0004064754,0
TX0004064858,0
TX0004064940,0
TX0004064962,0
TX0004064984,0
TX0004064997,0
TX0004065039,0
TX0004065094,0
TX0004065099,0
TX0004065105,0
TX0004065112,0
TX0004065165,0
TX0004065215,0
TX0004065216,0
TX0004065223,0
TX0004065272,0
TX0004065280,0
TX0004065282,0
TX0004065293,0
TX0004065330,0
TX0004065370,0
TX0004065384,0
TX0004065387,0
TX0004065454,0
TX0004065482,0
TX0004065490,0
TX0004065512,0
TX0004065559,0
TX0004065629,0
TX0004065646,0
TX0004065655,0
TX0004065687,0
TX0004065701,0
TX0004065720,0
TX0004065734,0
TX0004065752,0
TX0004065761,0
TX0004065785,0
TX0004065831,0
TX0004065888,0
TX0004065956,0
TX0004065965,0
TX0004065979,0
TX0004065993,0
TX0004065996,0
TX0004066001,0
TX0004066008,0
TX0004066044,0
TX0004066090,0
TX0004066141,0
TX0004066160,0
TX0004066166,0
TX0004066245,0
TX0004066289,0
TX0004066323,0
TX0004066338,0
TX0004066366,0
TX0004066390,0
TX0004066409,0
TX0004066416,0
TX0004066446,0
TX0004066505,0
TX0004066534,0
TX0004066572,0
TX0004066573,0
TX0004066634,0
TX0004066682,0
TX0004066717,0
TX0004066843,0
TX0004066936,0
TX0004067032,0
TX0004067082,0
TX0004067115,0
TX0004067126,0
TX0004067140,0
TX0004067204,0
TX0004067236,0
TX0004067243,0
TX0004067252,0
TX0004067325,0
TX0004067373,0
TX0004067432,0
TX0004067481,0
TX0004067498,0
TX0004067505,0
TX0004067513,0
TX0004067578,0
TX0004067608,0
TX0004067631,0
TX0004067640,0
TX0004067641,0
TX0004067686,0
TX0004067690,0
TX0004067702,0
TX0004067731,0
TX0004067765,0
TX0004067798,0
TX0004067810,0
TX0004067817,0
TX0004067867,0
TX0004067878,0
TX0004067886,0
TX0004067898,0
TX0004067904,0
TX0004067929,0
TX0004067952,0
TX0004067959,0
TX0004067968,0
TX0004067970,0
TX0004067988,0
TX0004068015,0
TX0004068042,0
TX0004068046,0
TX0004068054,0
TX0004068062,0
TX0004068076,0
TX0004068091,0
TX0004068100,0
TX0004068168,0
TX0004068179,0
TX0004068195,0
TX0004068212,0
TX0004068228,0
TX0004068239,0
TX0004068242,0
TX0004068251,0
TX0004068266,0
TX0004068273,0
TX0004068296,0
TX0004068315,0
TX0004068351,0
TX0004068371,0
TX0004068393,0
TX0004068452,0
TX0004068462,0
TX0004068531,0
TX0004068534,0
TX0004068604,0
TX0004068677,0
TX0004068691,0
TX0004068722,0
TX0004068758,0
TX0004068801,0
TX0004068802,0
TX0004068814,0
TX0004068817,0
TX0004068839,0
TX0004068841,0
TX0004068886,0
TX0004068888,0
TX0004068939,0
TX0004068971,0
TX0004068989,0
TX0004069062,0
TX0004069063,0
TX0004069075,0
TX0004069092,0
TX0004069199,0
TX0004069267,0
TX0004069273,0
TX0004059510,0
TX0004059535,0
TX0004059623,0
TX0004059678,0
TX0004059697,0
TX0004059713,0
TX0004059746,0
TX0004059749,0
TX0004059775,0
TX0004059826,0
TX0004059853,0
TX0004059856,0
TX0004059929,0
TX0004059949,0
TX0004059953,0
TX0004059970,0
TX0004059978,0
TX0004059981,0
TX0004059990,0
TX0004060000,0
TX0004060057,0
TX0004060075,0
TX0004060088,0
TX0004060118,0
TX0004060130,0
TX0004060145,0
TX0004060227,0
TX0004060280,0
TX0004060289,0
TX0004060308,0
TX0004060326,0
TX0004060405,0
TX0004060411,0
TX0004060515,0
TX0004060516,0
TX0004060531,0
TX0004060565,0
TX0004060571,0
TX0004060573,0
TX0004060588,0
TX0004060593,0
TX0004060613,0
TX0004060646,0
TX0004060660,0
TX0004060684,0
TX0004060730,0
TX0004060787,0
TX0004060804,0
TX0004060859,0
TX0004060860,0
TX0004060872,0
TX0004060917,0
TX0004060951,0
TX0004060969,0
TX0004060973,0
TX0004060985,0
TX0004061027,0
TX0004061050,0
TX0004061055,0
TX0004061064,0
TX0004061104,0
TX0004061110,0
TX0004061115,0
TX0004061173,0
TX0004061187,0
TX0004061192,0
TX0004061232,0
TX0004061251,0
TX0004061258,0
TX0004061277,0
TX0004061289,0
TX0004061325,0
TX0004061348,0
TX0004061410,0
TX0004061427,0
TX0004061453,0
TX0004061470,0
TX0004061475,0
TX0004061517,0
TX0004061569,0
TX0004061584,0
TX0004061596,0
TX0004061617,0
TX0004061672,0
TX0004061723,0
TX0004061724,0
TX0004061825,0
TX0004061854,0
TX0004061876,0
TX0004062070,0
TX0004062278,0
TX0004062289,0
TX0004062314,0
TX0004062340,0
TX0004062341,0
TX0004062346,0
TX0004062425,0
TX0004062452,0
TX0004062457,0
TX0004062495,0
TX0004062509,0
TX0004062540,0
TX0004062561,0
TX0004062622,0
TX0004062636,0
TX0004062668,0
TX0004062713,0
TX0004062724,0
TX0004062750,0
TX0004062776,0
TX0004062824,0
TX0004062971,0
TX0004063029,0
TX0004063168,0
TX0004063200,0
TX0004063224,0
TX0004063244,0
TX0004063317,0
TX0004063333,0
TX0004063398,0
TX0004063427,0
TX0004063445,0
TX0004063459,0
TX0004063479,0
TX0004063480,0
TX0004063539,0
TX0004063542,0
TX0004063556,0
TX0004063576,0
TX0004063583,0
TX0004063587,0
TX0004063605,0
TX0004063671,0
TX0004063686,0
TX0004063742,0
TX0004063779,0
TX0004063805,0
TX0004063871,0
TX0004063881,0
TX0004063901,0
TX0004063913,0
TX0004063920,0
TX0004063932,0
TX0004063970,0
TX0004064006,0
TX0004064019,0
TX0004064034,0
TX0004064037,0
TX0004064057,0
TX0004064059,0
TX0004064109,0
TX0004064113,0
TX0004064119,0
TX0004064127,0
TX0004064207,0
TX0004064244,0
TX0004064267,0
TX0004064313,0
TX0004064314,0
TX0004064335,0
TX0004064362,0
TX0004064376,0
TX0004064394,0
TX0004064426,0
TX0004064428,0
TX0004064497,0
TX0004064546,0
TX0004064548,0
TX0004064602,0
TX0004064617,0
TX0004064656,0
TX0004064657,0
TX0004064679,0
TX0004064707,0
TX0004064710,0
TX0004064721,0
TX0004064725,0
TX0004064775,0
TX0004064803,0
TX0004064830,0
TX0004064843,0
TX0004064873,0
TX0004064913,0
TX0004064914,0
TX0004064916,0
TX0004064993,0
TX0004065042,0
TX0004065075,0
TX0004065114,0
TX0004065166,0
TX0004065190,0
TX0004065228,0
TX0004065254,0
TX0004065310,0
TX0004065312,0
TX0004065313,0
TX0004065324,0
TX0004065326,0
TX0004065331,0
TX0004065344,0
TX0004065375,0
TX0004065388,0
TX0004065405,0
TX0004065408,0
TX0004065409,0
TX0004065420,0
TX0004065435,0
TX0004065442,0
TX0004065477,0
TX0004065526,0
TX0004065571,0
TX0004065578,0
TX0004065615,0
TX0004065625,0
TX0004065641,0
TX0004065661,0
TX0004065666,0
TX0004065697,0
TX0004065719,0
TX0004065748,0
TX0004065756,0
TX0004065757,0
TX0004065821,0
TX0004065825,0
TX0004065834,0
TX0004065835,0
TX0004065894,0
TX0004065990,0
TX0004065991,0
TX0004066005,0
TX0004066021,0
TX0004066035,0
TX0004066071,0
TX0004066119,0
TX0004066122,0
TX0004066142,0
TX0004066187,0
TX0004066236,0
TX0004066247,0
TX0004066258,0
TX0004066280,0
TX0004066281,0
TX0004066295,0
TX0004066333,0
TX0004066360,0
TX0004066389,0
TX0004066426,0
TX0004066511,0
TX0004066660,0
TX0004066720,0
TX0004066897,0
TX0004066898,0
TX0004066907,0
TX0004067020,0
TX0004067030,0
TX0004067080,0
TX0004067102,0
TX0004067118,0
TX0004067156,0
TX0004067162,0
TX0004067209,0
TX0004067234,0
TX0004067240,0
TX0004067273,0
TX0004067288,0
TX0004067379,0
TX0004067383,0
TX0004067414,0
TX0004067443,0
TX0004067471,0
TX0004067473,0
TX0004067488,0
TX0004067506,0
TX0004067542,0
TX0004067554,0
TX0004067571,0
TX0004067615,0
TX0004067628,0
TX0004067642,0
TX0004067643,0
TX0004067678,0
TX0004067700,0
TX0004067734,0
TX0004067735,0
TX0004067758,0
TX0004067803,0
TX0004067809,0
TX0004067858,0
TX0004067859,0
TX0004067956,0
TX0004067983,0
TX0004068029,0
TX0004068120,0
TX0004068121,0
TX0004068139,0
TX0004068149,0
TX0004068177,0
TX0004068198,0
TX0004068216,0
TX0004068226,0
TX0004068237,0
TX0004068300,0
TX0004068345,0
TX0004068392,0
TX0004068428,0
TX0004068435,0
TX0004068466,0
TX0004068474,0
TX0004068504,0
TX0004068537,0
TX0004068563,0
TX0004068646,0
TX0004068765,0
TX0004068773,0
TX0004068786,0
TX0004068813,0
TX0004068835,0
TX0004068937,0
TX0004068985,0
TX0004068998,0
TX0004069004,0
TX0004069011,0
TX0004069061,0
TX0004069070,0
TX0004069073,0
TX0004069078,0
TX0004069107,0
TX0004069166,0
TX0004069219,0
TX0004069226,0
TX0004069256,0
TX0004069259,0
TX0004069296,0
TX0003469183,0
TX0003469184,1
TX0003951312,0
TX0003951313,1
TX0004059693,0
TX0004059727,0
TX0004059779,0
TX0004059817,0
TX0004059823,0
TX0004059957,0
TX0004059976,0
TX0004060014,0
TX0004060028,0
TX0004060041,0
TX0004060062,0
TX0004060125,0
TX0004060131,0
TX0004060140,0
TX0004060174,0
TX0004060184,0
TX0004060213,0
TX0004060231,0
TX0004060345,0
TX0004060354,0
TX0004060389,0
TX0004060390,0
TX0004060431,0
TX0004060472,0
TX0004060481,0
TX0004060508,0
TX0004060527,0
TX0004060534,0
TX0004060551,0
TX0004060554,0
TX0004060625,0
TX0004060653,0
TX0004060790,0
TX0004060807,0
TX0004060867,0
TX0004060944,0
TX0004061009,0
TX0004061020,0
TX0004061021,0
TX0004061125,0
TX0004061271,0
TX0004061286,0
TX0004061290,0
TX0004061321,0
TX0004061349,0
TX0004061363,0
TX0004061435,0
TX0004061443,0
TX0004061466,0
TX0004061486,0
TX0004061553,0
TX0004061554,0
TX0004061561,0
TX0004061629,0
TX0004061632,0
TX0004061669,0
TX0004061716,0
TX0004061776,0
TX0004061797,0
TX0004061824,0
TX0004061906,0
TX0004061915,0
TX0004061947,0
TX0004061969,0
TX0004062002,0
TX0004062047,0
TX0004062061,0
TX0004062080,0
TX0004062093,0
TX0004062116,0
TX0004062157,0
TX0004062164,0
TX0004062256,0
TX0004062265,0
TX0004062271,0
TX0004062308,0
TX0004062322,0
TX0004062332,0
TX0004062345,0
TX0004062365,0
TX0004062409,0
TX0004062414,0
TX0004062419,0
TX0004062423,0
TX0004062449,0
TX0004062572,0
TX0004062595,0
TX0004062605,0
TX0004062676,0
TX0004062679,0
TX0004062716,0
TX0004062742,0
TX0004062766,0
TX0004062781,0
TX0004062873,0
TX0004062874,0
TX0004062881,0
TX0004062893,0
TX0004062894,0
TX0004062897,0
TX0004062923,0
TX0004062958,0
TX0004063082,0
TX0004063114,0
TX0004063118,0
TX0004063165,0
TX0004063184,0
TX0004063192,0
TX0004063241,0
TX0004063254,0
TX0004063281,0
TX0004063318,0
TX0004063347,0
TX0004063374,0
TX0004063411,0
TX0004063437,0
TX0004063456,0
TX0004063555,0
TX0004063574,0
TX0004063599,0
TX0004063649,0
TX0004063650,0
TX0004063679,0
TX0004063688,0
TX0004063700,0
TX0004063730,0
TX0004063814,0
TX0004063891,0
TX0004063892,0
TX0004063909,0
TX0004063923,0
TX0004063983,0
TX0004063997,0
TX0004064008,0
TX0004064030,0
TX0004064046,0
TX0004064062,0
TX0004064064,0
TX0004064105,0
TX0004064112,0
TX0004064150,0
TX0004064170,0
TX0004064210,0
TX0004064216,0
TX0004064285,0
TX0004064324,0
TX0004064336,0
TX0004064365,0
TX0004064402,0
TX0004064415,0
TX0004064480,0
TX0004064527,0
TX0004064531,0
TX0004064537,0
TX0004064543,0
TX0004064547,0
TX0004064556,0
TX0004064564,0
TX0004064568,0
TX0004064574,0
TX0004064606,0
TX0004064619,0
TX0004064630,0
TX0004064631,0
TX0004064659,0
TX0004064669,0
TX0004064672,0
TX0004064746,0
TX0004064747,0
TX0004064750,0
TX0004064751,0
TX0004064813,0
TX0004064822,0
TX0004064825,0
TX0004064832,0
TX0004064853,0
TX0004064854,0
TX0004064903,0
TX0004064922,1
TX0004064951,0
TX0004064996,0
TX0004065046,0
TX0004065049,0
TX0004065054,0
TX0004065092,0
TX0004065140,0
TX0004065155,0
TX0004065156,0
TX0004065181,0
TX0004065239,0
TX0004065240,0
TX0004065263,0
TX0004065318,0
TX0004065373,0
TX0004065412,0
TX0004065413,0
TX0004065452,0
TX0004065491,0
TX0004065599,0
TX0004065604,0
TX0004065628,0
TX0004065644,0
TX0004065676,0
TX0004065677,0
TX0004065688,0
TX0004065699,0
TX0004065779,0
TX0004065780,0
TX0004065808,0
TX0004065840,0
TX0004065847,0
TX0004065852,0
TX0004065870,0
TX0004065891,0
TX0004065901,0
TX0004065904,0
TX0004065910,0
TX0004065925,0
TX0004065953,0
TX0004065985,0
TX0004066010,0
TX0004066048,0
TX0004066076,0
TX0004066100,0
TX0004066118,0
TX0004066121,0
TX0004066124,0
TX0004066170,0
TX0004066179,0
TX0004066181,0
TX0004066234,0
TX0004066240,0
TX0004066243,0
TX0004066248,0
TX0004066296,0
TX0004066356,0
TX0004066357,0
TX0004066367,0
TX0004066471,0
TX0004066509,0
TX0004066546,0
TX0004066583,0
TX0004066595,0
TX0004066597,0
TX0004066602,0
TX0004066630,0
TX0004066647,0
TX0004066648,0
TX0004066651,0
TX0004066677,0
TX0004066686,0
TX0004066731,0
TX0004066742,0
TX0004066760,0
TX0004066784,0
TX0004066812,0
TX0004066830,0
TX0004066848,0
TX0004066853,0
TX0004066869,0
TX0004066870,0
TX0004066894,0
TX0004066920,0
TX0004067002,0
TX0004067010,0
TX0004067024,0
TX0004067038,0
TX0004067046,0
TX0004067053,0
TX0004067058,0
TX0004067093,0
TX0004067096,0
TX0004067180,0
TX0004067263,0
TX0004067326,0
TX0004067370,0
TX0004067499,0
TX0004067521,0
TX0004067556,0
TX0004067557,0
TX0004067572,0
TX0004067626,0
TX0004067656,0
TX0004067732,0
TX0004067750,0
TX0004067762,0
TX0004067788,0
TX0004067799,0
TX0004067872,0
TX0004067885,0
TX0004067948,0
TX0004068000,0
TX0004068001,0
TX0004068109,0
TX0004068125,0
TX0004068156,0
TX0004068159,0
TX0004068162,0
TX0004068252,0
TX0004068279,0
TX0004068347,0
TX0004068349,0
TX0004068355,0
TX0004068365,0
TX0004068378,0
TX0004068389,0
TX0004068410,0
TX0004068413,0
TX0004068456,0
TX0004068529,0
TX0004068542,0
TX0004068551,0
TX0004068558,0
TX0004068621,0
TX0004068653,0
TX0004068699,0
TX0004068736,0
TX0004068756,0
TX0004068766,0
TX0004068812,0
TX0004068874,0
TX0004068876,0
TX0004068905,0
TX0004068944,0
TX0004068983,0
TX0004068986,0
TX0004069097,0
TX0004069102,0
TX0004069132,0
TX0004069138,0
TX0004069167,0
TX0004069181,0
TX0004069192,0
TX0004069222,0
TX0004069237,0
TX0004069278,0
TX0004069281,0
TX0004059526,0
TX0004059637,0
TX0004059656,0
TX0004059676,0
TX0004059682,0
TX0004059696,0
TX0004059725,0
TX0004059759,0
TX0004059773,0
TX0004059791,0
TX0004059797,0
TX0004059818,0
TX0004059841,0
TX0004059852,0
TX0004059859,0
TX0004059868,0
TX0004059897,0
TX0004059902,0
TX0004059919,0
TX0004059932,0
TX0004059960,0
TX0004059961,0
TX0004059964,0
TX0004059993,0
TX0004060021,0
TX0004060022,0
TX0004060040,0
TX0004060172,0
TX0004060192,0
TX0004060251,0
TX0004060259,0
TX0004060278,0
TX0004060352,0
TX0004060428,0
TX0004060449,0
TX0004060473,0
TX0004060529,0
TX0004060541,0
TX0004060550,0
TX0004060603,0
TX0004060647,0
TX0004060649,0
TX0004060687,0
TX0004060707,0
TX0004060746,0
TX0004060798,0
TX0004060799,0
TX0004060846,0
TX0004060861,0
TX0004060876,0
TX0004060912,0
TX0004060923,0
TX0004060941,0
TX0004061000,0
TX0004061161,0
TX0004061165,0
TX0004061179,0
TX0004061216,0
TX0004061217,0
TX0004061263,0
TX0004061274,0
TX0004061333,0
TX0004061407,0
TX0004061412,0
TX0004061462,0
TX0004061592,0
TX0004061597,0
TX0004061613,0
TX0004061631,0
TX0004061656,0
TX0004061670,0
TX0004061739,0
TX0004061843,0
TX0004061856,0
TX0004061918,0
TX0004061972,0
TX0004061973,0
TX0004061996,0
TX0004062020,0
TX0004062038,0
TX0004062058,0
TX0004062096,0
TX0004062161,0
TX0004062211,0
TX0004062214,0
TX0004062237,0
TX0004062253,0
TX0004062290,0
TX0004062306,0
TX0004062384,0
TX0004062399,0
TX0004062403,0
TX0004062545,0
TX0004062551,0
TX0004062563,0
TX0004062571,0
TX0004062578,0
TX0004062641,0
TX0004062658,0
TX0004062674,0
TX0004062709,0
TX0004062728,0
TX0004062788,0
TX0004062803,0
TX0004062812,0
TX0004062818,0
TX0004062828,0
TX0004062835,0
TX0004062837,0
TX0004062875,0
TX0004062876,0
TX0004062882,0
TX0004062889,0
TX0004062915,0
TX0004062928,0
TX0004062979,0
TX0004063017,0
TX0004063050,1
TX0004063056,0
TX0004063066,0
TX0004063126,0
TX0004063128,0
TX0004063136,0
TX0004063139,0
TX0004063140,0
TX0004063204,0
TX0004063206,0
TX0004063242,0
TX0004063251,0
TX0004063266,0
TX0004063338,0
TX0004063340,0
TX0004063349,0
TX0004063392,0
TX0004063401,0
TX0004063413,0
TX0004063419,0
TX0004063430,0
TX0004063453,0
TX0004063484,0
TX0004063525,0
TX0004063529,0
TX0004063570,0
TX0004063642,0
TX0004063710,0
TX0004063711,0
TX0004063761,0
TX0004063782,0
TX0004063794,0
TX0004063848,0
TX0004063873,0
TX0004063884,0
TX0004063948,0
TX0004063949,0
TX0004063993,0
TX0004064020,0
TX0004064023,0
TX0004064149,0
TX0004064151,0
TX0004064158,0
TX0004064166,0
TX0004064177,0
TX0004064178,0
TX0004064203,0
TX0004064215,0
TX0004064332,0
TX0004064363,0
TX0004064399,0
TX0004064401,0
TX0004064446,0
TX0004064522,0
TX0004064525,0
TX0004064603,0
TX0004064620,0
TX0004064641,0
TX0004064684,0
TX0004064695,0
TX0004064700,0
TX0004064793,0
TX0004064815,0
TX0004064877,0
TX0004064901,0
TX0004064904,0
TX0004064911,0
TX0004064912,0
TX0004065009,0
TX0004065090,0
TX0004065102,0
TX0004065139,0
TX0004065153,0
TX0004065203,0
TX0004065221,0
TX0004065233,0
TX0004065325,0
TX0004065349,0
TX0004065351,0
TX0004065357,0
TX0004065367,0
TX0004065391,0
TX0004065415,0
TX0004065468,0
TX0004065545,0
TX0004065560,0
TX0004065564,0
TX0004065612,0
TX0004065626,0
TX0004065654,0
TX0004065662,0
TX0004065667,0
TX0004065668,0
TX0004065671,0
TX0004065681,0
TX0004065743,0
TX0004065800,0
TX0004065801,0
TX0004065873,0
TX0004065930,0
TX0004065940,0
TX0004065941,0
TX0004066020,0
TX0004066094,0
TX0004066107,0
TX0004066162,0
TX0004066178,0
TX0004066199,0
TX0004066202,0
TX0004066391,0
TX0004066396,0
TX0004066423,0
TX0004066428,0
TX0004066469,0
TX0004066520,0
TX0004066554,0
TX0004066604,0
TX0004066620,0
TX0004066623,0
TX0004066664,0
TX0004066688,0
TX0004066690,0
TX0004066696,0
TX0004066702,0
TX0004066711,0
TX0004066716,0
TX0004066725,0
TX0004066823,0
TX0004066838,0
TX0004066890,0
TX0004066896,0
TX0004067029,0
TX0004067049,0
TX0004067074,0
TX0004067085,0
TX0004067092,0
TX0004067124,0
TX0004067139,0
TX0004067146,0
TX0004067169,0
TX0004067176,0
TX0004067194,0
TX0004067196,0
TX0004067221,0
TX0004067233,0
TX0004067242,0
TX0004067265,0
TX0004067324,0
TX0004067450,0
TX0004067472,0
TX0004067491,0
TX0004067496,0
TX0004067507,0
TX0004067523,0
TX0004067558,0
TX0004067570,0
TX0004067583,0
TX0004067596,0
TX0004067602,0
TX0004067607,0
TX0004067697,0
TX0004067767,0
TX0004067806,0
TX0004067890,0
TX0004067908,0
TX0004067962,0
TX0004068026,0
TX0004068058,0
TX0004068089,0
TX0004068137,0
TX0004068254,0
TX0004068324,0
TX0004068372,0
TX0004068397,0
TX0004068451,0
TX0004068491,0
TX0004068581,0
TX0004068595,0
TX0004068608,0
TX0004068640,0
TX0004068652,0
TX0004068667,0
TX0004068714,0
TX0004068723,0
TX0004068742,0
TX0004068796,0
TX0004068885,0
TX0004068920,0
TX0004068922,0
TX0004068926,0
TX0004068959,0
TX0004068987,0
TX0004069053,0
TX0004069076,0
TX0004069096,0
TX0004069106,0
TX0004069118,0
TX0004069162,0
TX0004069176,0
TX0004069179,0
TX0004069180,0
TX0004069190,0
TX0004069211,0
TX0004069220,0
TX0004069263,0
TX0004069264,0
TX0004069276,0
TX0004059544,0
TX0004059610,0
TX0004059646,0
TX0004059648,0
TX0004059679,0
TX0004059684,0
TX0004059706,0
TX0004059729,0
TX0004059806,0
TX0004059833,0
TX0004059866,0
TX0004059876,0
TX0004059883,0
TX0004059927,0
TX0004060017,0
TX0004060101,0
TX0004060112,0
TX0004060141,0
TX0004060236,0
TX0004060241,0
TX0004060311,0
TX0004060342,0
TX0004060387,0
TX0004060394,0
TX0004060397,0
TX0004060404,0
TX0004060425,0
TX0004060456,0
TX0004060470,0
TX0004060474,0
TX0004060511,0
TX0004060597,0
TX0004060608,0
TX0004060645,0
TX0004060654,0
TX0004060757,0
TX0004060771,0
TX0004060779,0
TX0004060780,0
TX0004060812,0
TX0004060821,0
TX0004060822,0
TX0004060898,0
TX0004060924,0
TX0004060925,0
TX0004060946,0
TX0004060990,0
TX0004061010,0
TX0004061028,0
TX0004061075,0
TX0004061077,0
TX0004061090,0
TX0004061092,0
TX0004061105,0
TX0004061138,0
TX0004061164,0
TX0004061177,0
TX0004061185,0
TX0004061210,0
TX0004061246,0
TX0004061269,0
TX0004061317,0
TX0004061371,0
TX0004061377,0
TX0004061402,0
TX0004061434,0
TX0004061440,0
TX0004061495,0
TX0004061506,0
TX0004061547,0
TX0004061568,0
TX0004061598,0
TX0004061650,0
TX0004061741,0
TX0004061760,0
TX0004061764,0
TX0004061810,0
TX0004061869,0
TX0004061880,0
TX0004061889,0
TX0004061897,0
TX0004061916,0
TX0004062022,0
TX0004062053,0
TX0004062081,0
TX0004062104,0
TX0004062156,0
TX0004062160,0
TX0004062175,0
TX0004062176,0
TX0004062177,0
TX0004062223,0
TX0004062266,0
TX0004062280,0
TX0004062307,0
TX0004062374,0
TX0004062428,0
TX0004062435,0
TX0004062442,0
TX0004062484,0
TX0004062490,0
TX0004062492,0
TX0004062539,0
TX0004062550,0
TX0004062576,0
TX0004062580,0
TX0004062581,0
TX0004062596,0
TX0004062607,0
TX0004062623,0
TX0004062705,0
TX0004062722,0
TX0004062731,0
TX0004062738,0
TX0004062760,0
TX0004062764,0
TX0004062794,0
TX0004062836,0
TX0004062845,0
TX0004062984,0
TX0004063022,0
TX0004063086,0
TX0004063089,0
TX0004063092,0
TX0004063110,0
TX0004063115,0
TX0004063162,0
TX0004063191,0
TX0004063207,0
TX0004063249,0
TX0004063323,0
TX0004063325,0
TX0004063348,0
TX0004063379,0
TX0004063380,0
TX0004063390,0
TX0004063399,0
TX0004063422,0
TX0004063508,0
TX0004063561,0
TX0004063623,0
TX0004063641,0
TX0004063644,0
TX0004063653,0
TX0004063659,0
TX0004063660,0
TX0004063752,0
TX0004063753,0
TX0004063827,0
TX0004063864,0
TX0004063922,0
TX0004063927,0
TX0004063938,0
TX0004063942,0
TX0004063959,0
TX0004063968,0
TX0004063971,0
TX0004063978,0
TX0004063986,0
TX0004064003,0
TX0004064007,0
TX0004064083,0
TX0004064104,0
TX0004064160,0
TX0004064167,0
TX0004064206,0
TX0004064209,0
TX0004064214,0
TX0004064237,0
TX0004064289,0
TX0004064290,0
TX0004064323,0
TX0004064373,0
TX0004064463,0
TX0004064499,0
TX0004064509,0
TX0004064607,0
TX0004064650,0
TX0004064664,0
TX0004064666,0
TX0004064675,0
TX0004064691,0
TX0004064742,0
TX0004064743,0
TX0004064917,0
TX0004064952,0
TX0004064966,0
TX0004064972,0
TX0004064983,0
TX0004065026,0
TX0004065027,0
TX0004065028,0
TX0004065130,0
TX0004065154,0
TX0004065185,0
TX0004065248,0
TX0004065262,0
TX0004065273,0
TX0004065284,0
TX0004065316,0
TX0004065360,0
TX0004065377,0
TX0004065455,0
TX0004065487,0
TX0004065497,0
TX0004065506,0
TX0004065507,0
TX0004065575,0
TX0004065576,0
TX0004065653,0
TX0004065669,0
TX0004065737,0
TX0004065760,0
TX0004065828,0
TX0004065849,0
TX0004065889,0
TX0004065949,0
TX0004066028,0
TX0004066077,0
TX0004066143,0
TX0004066204,0
TX0004066228,0
TX0004066274,0
TX0004066370,0
TX0004066386,0
TX0004066407,0
TX0004066412,0
TX0004066413,0
TX0004066424,0
TX0004066462,0
TX0004066488,0
TX0004066500,0
TX0004066514,0
TX0004066517,0
TX0004066518,0
TX0004066524,0
TX0004066617,0
TX0004066618,0
TX0004066645,0
TX0004066694,0
TX0004066695,0
TX0004066748,0
TX0004066777,0
TX0004066785,0
TX0004066851,0
TX0004066858,0
TX0004066863,0
TX0004066901,0
TX0004066905,0
TX0004066906,0
TX0004066912,0
TX0004066923,0
TX0004066927,0
TX0004066943,0
TX0004066960,0
TX0004067005,0
TX0004067044,0
TX0004067106,0
TX0004067148,0
TX0004067171,0
TX0004067218,0
TX0004067251,0
TX0004067283,0
TX0004067327,0
TX0004067330,0
TX0004067364,0
TX0004067380,0
TX0004067417,0
TX0004067427,0
TX0004067482,0
TX0004067529,0
TX0004067559,0
TX0004067575,0
TX0004067579,0
TX0004067652,0
TX0004067655,0
TX0004067675,0
TX0004067754,0
TX0004067759,0
TX0004067769,0
TX0004067804,0
TX0004067848,0
TX0004067869,0
TX0004067922,0
TX0004067946,0
TX0004067961,0
TX0004067977,0
TX0004068038,0
TX0004068049,0
TX0004068050,0
TX0004068080,0
TX0004068098,0
TX0004068160,0
TX0004068202,0
TX0004068238,0
TX0004068257,0
TX0004068259,0
TX0004068293,0
TX0004068294,0
TX0004068298,0
TX0004068299,0
TX0004068322,0
TX0004068350,0
TX0004068367,0
TX0004068394,0
TX0004068409,0
TX0004068464,0
TX0004068487,0
TX0004068494,0
TX0004068510,0
TX0004068520,0
TX0004068550,0
TX0004068682,0
TX0004068689,0
TX0004068745,0
TX0004068833,0
TX0004068851,0
TX0004068863,0
TX0004068864,0
TX0004068914,0
TX0004068965,0
TX0004068992,0
TX0004069012,0
TX0004069043,0
TX0004069047,0
TX0004069071,0
TX0004069213,0
TX0004069249,0
TX0004069297,0
TX0001936577,0
TX0001936578,1
TX0003459546,0
TX0003459547,1
TX0004059523,0
TX0004059525,0
TX0004059557,0
TX0004059673,0
TX0004059681,0
TX0004059689,0
TX0004059731,0
TX0004059737,0
TX0004059743,0
TX0004059761,0
TX0004059785,0
TX0004059794,0
TX0004059812,0
TX0004059857,0
TX0004059893,0
TX0004059899,0
TX0004059904,0
TX0004059936,0
TX0004059942,0
TX0004059947,0
TX0004060006,0
TX0004060008,0
TX0004060013,0
TX0004060044,0
TX0004060109,0
TX0004060128,0
TX0004060272,0
TX0004060338,0
TX0004060358,0
TX0004060378,0
TX0004060451,0
TX0004060452,0
TX0004060455,0
TX0004060487,0
TX0004060504,0
TX0004060506,0
TX0004060528,0
TX0004060539,0
TX0004060557,0
TX0004060578,0
TX0004060616,0
TX0004060618,0
TX0004060644,0
TX0004060658,0
TX0004060659,0
TX0004060716,0
TX0004060747,0
TX0004060823,0
TX0004060833,0
TX0004060849,0
TX0004060884,0
TX0004060904,0
TX0004060905,0
TX0004060916,0
TX0004060920,0
TX0004060929,0
TX0004060933,0
TX0004060943,0
TX0004060998,0
TX0004061032,0
TX0004061089,0
TX0004061095,0
TX0004061160,0
TX0004061211,0
TX0004061228,0
TX0004061234,0
TX0004061259,0
TX0004061261,0
TX0004061265,0
TX0004061268,0
TX0004061270,0
TX0004061285,0
TX0004061324,0
TX0004061327,0
TX0004061374,0
TX0004061417,0
TX0004061444,0
TX0004061460,0
TX0004061501,0
TX0004061507,0
TX0004061521,0
TX0004061570,0
TX0004061680,0
TX0004061687,0
TX0004061738,0
TX0004061749,0
TX0004061756,0
TX0004061804,0
TX0004061807,0
TX0004061830,0
TX0004061831,0
TX0004061849,0
TX0004061882,0
TX0004061887,0
TX0004061893,0
TX0004061898,0
TX0004061931,0
TX0004061934,0
TX0004061967,0
TX0004062001,0
TX0004062030,0
TX0004062130,0
TX0004062146,0
TX0004062191,0
TX0004062194,0
TX0004062263,0
TX0004062279,0
TX0004062285,0
TX0004062286,0
TX0004062343,0
TX0004062361,0
TX0004062395,0
TX0004062400,0
TX0004062500,0
TX0004062521,0
TX0004062522,0
TX0004062565,0
TX0004062582,0
TX0004062592,0
TX0004062661,0
TX0004062693,0
TX0004062700,0
TX0004062761,0
TX0004062773,0
TX0004062774,0
TX0004062817,0
TX0004062844,0
TX0004062886,0
TX0004062932,0
TX0004062965,0
TX0004063055,0
TX0004063058,0
TX0004063156,0
TX0004063187,0
TX0004063255,0
TX0004063260,0
TX0004063352,0
TX0004063365,0
TX0004063368,0
TX0004063369,0
TX0004063403,0
TX0004063478,0
TX0004063519,0
TX0004063557,0
TX0004063582,0
TX0004063621,0
TX0004063674,0
TX0004063675,0
TX0004063693,0
TX0004063724,0
TX0004063729,0
TX0004063743,0
TX0004063763,0
TX0004063774,0
TX0004063791,0
TX0004063921,0
TX0004063947,0
TX0004063962,0
TX0004063998,0
TX0004064001,0
TX0004064061,0
TX0004064128,0
TX0004064129,0
TX0004064135,0
TX0004064144,0
TX0004064171,0
TX0004064211,0
TX0004064225,0
TX0004064280,0
TX0004064281,0
TX0004064309,0
TX0004064344,0
TX0004064357,0
TX0004064387,0
TX0004064389,0
TX0004064471,0
TX0004064510,0
TX0004064541,0
TX0004064592,0
TX0004064637,0
TX0004064638,0
TX0004064683,0
TX0004064760,0
TX0004064768,0
TX0004064802,0
TX0004064895,0
TX0004064935,0
TX0004064949,0
TX0004065020,0
TX0004065037,0
TX0004065043,0
TX0004065056,0
TX0004065060,0
TX0004065067,0
TX0004065080,0
TX0004065088,0
TX0004065129,0
TX0004065176,0
TX0004065278,0
TX0004065341,0
TX0004065342,0
TX0004065355,0
TX0004065362,0
TX0004065381,0
TX0004065383,0
TX0004065402,0
TX0004065440,0
TX0004065469,0
TX0004065494,0
TX0004065537,0
TX0004065579,0
TX0004065584,0
TX0004065589,0
TX0004065678,0
TX0004065698,0
TX0004065710,0
TX0004065712,0
TX0004065750,0
TX0004065768,0
TX0004065798,0
TX0004065846,0
TX0004065851,0
TX0004065877,0
TX0004065967,0
TX0004065968,0
TX0004065987,1
TX0004065999,0
TX0004066070,0
TX0004066078,0
TX0004066079,0
TX0004066080,0
TX0004066109,0
TX0004066125,0
TX0004066146,0
TX0004066154,0
TX0004066158,0
TX0004066184,0
TX0004066208,0
TX0004066233,0
TX0004066302,0
TX0004066307,0
TX0004066339,0
TX0004066398,0
TX0004066414,0
TX0004066415,0
TX0004066450,0
TX0004066470,0
TX0004066497,0
TX0004066507,0
TX0004066561,0
TX0004066650,0
TX0004066657,0
TX0004066723,0
TX0004066765,0
TX0004066800,0
TX0004066902,0
TX0004066972,0
TX0004066986,0
TX0004067028,0
TX0004067051,0
TX0004067061,0
TX0004067079,0
TX0004067200,0
TX0004067213,0
TX0004067216,0
TX0004067311,0
TX0004067357,0
TX0004067403,0
TX0004067405,0
TX0004067434,0
TX0004067445,0
TX0004067455,0
TX0004067492,0
TX0004067493,0
TX0004067497,0
TX0004067515,0
TX0004067527,0
TX0004067536,0
TX0004067569,0
TX0004067576,0
TX0004067592,0
TX0004067605,0
TX0004067677,0
TX0004067699,0
TX0004067711,0
TX0004067751,0
TX0004067775,0
TX0004067796,0
TX0004067812,0
TX0004067822,0
TX0004067827,0
TX0004067838,0
TX0004067845,0
TX0004067896,0
TX0004067900,0
TX0004067933,0
TX0004067943,0
TX0004067944,0
TX0004067972,0
TX0004068004,0
TX0004068017,0
TX0004068018,0
TX0004068031,0
TX0004068088,0
TX0004068141,0
TX0004068174,0
TX0004068176,0
TX0004068241,0
TX0004068255,0
TX0004068268,0
TX0004068306,0
TX0004068314,0
TX0004068346,0
TX0004068354,0
TX0004068370,0
TX0004068450,0
TX0004068465,0
TX0004068468,0
TX0004068499,0
TX0004068515,0
TX0004068545,0
TX0004068588,0
TX0004068617,0
TX0004068641,0
TX0004068670,0
TX0004068709,0
TX0004068716,0
TX0004068748,0
TX0004068771,0
TX0004068820,0
TX0004068827,0
TX0004068877,0
TX0004068879,0
TX0004068901,0
TX0004068917,0
TX0004068974,0
TX0004069003,0
TX0004069014,0
TX0004069081,0
TX0004069085,0
TX0004069088,0
TX0004069093,0
TX0004069113,0
TX0004069174,0
TX0004069239,0
TX0004069245,0
TX0004069277,0
TX0004059527,0
TX0004059547,0
TX0004059548,0
TX0004059619,0
TX0004059635,0
TX0004059658,0
TX0004059717,0
TX0004059723,0
TX0004059776,0
TX0004059778,0
TX0004059786,0
TX0004059842,0
TX0004059867,0
TX0004059880,0
TX0004059886,0
TX0004059906,0
TX0004059955,0
TX0004059999,0
TX0004060103,0
TX0004060107,0
TX0004060161,0
TX0004060163,0
TX0004060171,0
TX0004060208,0
TX0004060218,0
TX0004060240,0
TX0004060327,0
TX0004060372,0
TX0004060468,0
TX0004060478,0
TX0004060497,0
TX0004060555,0
TX0004060559,0
TX0004060569,0
TX0004060673,0
TX0004060696,0
TX0004060711,0
TX0004060749,0
TX0004060753,0
TX0004060770,0
TX0004060784,0
TX0004060785,0
TX0004060800,0
TX0004060839,0
TX0004060851,0
TX0004060864,0
TX0004060868,0
TX0004060963,0
TX0004060994,0
TX0004061018,0
TX0004061019,0
TX0004061060,0
TX0004061100,0
TX0004061112,0
TX0004061113,0
TX0004061114,0
TX0004061119,0
TX0004061145,0
TX0004061163,0
TX0004061283,0
TX0004061309,0
TX0004061351,0
TX0004061357,0
TX0004061429,0
TX0004061468,0
TX0004061488,0
TX0004061530,0
TX0004061534,0
TX0004061536,0
TX0004061539,0
TX0004061567,0
TX0004061574,0
TX0004061646,0
TX0004061708,0
TX0004061732,0
TX0004061757,0
TX0004061805,0
TX0004061863,0
TX0004061875,0
TX0004061900,0
TX0004061901,0
TX0004061920,0
TX0004061951,0
TX0004061954,0
TX0004061961,0
TX0004061980,0
TX0004062098,0
TX0004062108,0
TX0004062109,0
TX0004062115,0
TX0004062235,0
TX0004062267,0
TX0004062273,0
TX0004062305,0
TX0004062316,0
TX0004062381,0
TX0004062413,0
TX0004062418,0
TX0004062420,0
TX0004062422,0
TX0004062424,0
TX0004062433,0
TX0004062456,0
TX0004062465,0
TX0004062487,0
TX0004062515,0
TX0004062584,0
TX0004062745,0
TX0004062797,0
TX0004062798,0
TX0004062800,0
TX0004062989,0
TX0004063014,0
TX0004063023,0
TX0004063040,0
TX0004063129,0
TX0004063167,0
TX0004063205,0
TX0004063227,0
TX0004063231,0
TX0004063246,0
TX0004063279,0
TX0004063282,0
TX0004063292,0
TX0004063305,0
TX0004063400,0
TX0004063443,0
TX0004063451,0
TX0004063461,0
TX0004063493,0
TX0004063533,0
TX0004063575,0
TX0004063611,0
TX0004063631,0
TX0004063748,0
TX0004063749,0
TX0004063823,0
TX0004063858,0
TX0004063883,0
TX0004063940,0
TX0004063954,0
TX0004064025,0
TX0004064044,0
TX0004064056,0
TX0004064077,0
TX0004064146,0
TX0004064192,0
TX0004064233,0
TX0004064246,0
TX0004064262,0
TX0004064298,0
TX0004064333,0
TX0004064348,0
TX0004064400,0
TX0004064411,0
TX0004064425,0
TX0004064429,0
TX0004064448,0
TX0004064466,0
TX0004064585,0
TX0004064587,0
TX0004064622,0
TX0004064623,0
TX0004064632,0
TX0004064640,0
TX0004064662,0
TX0004064704,0
TX0004065019,0
TX0004065033,0
TX0004065076,0
TX0004065086,0
TX0004065132,0
TX0004065136,0
TX0004065145,0
TX0004065152,0
TX0004065225,0
TX0004065285,0
TX0004065295,0
TX0004065298,0
TX0004065393,0
TX0004065403,0
TX0004065423,0
TX0004065461,0
TX0004065486,0
TX0004065510,0
TX0004065565,0
TX0004065631,0
TX0004065682,0
TX0004065691,0
TX0004065708,0
TX0004065711,0
TX0004065749,0
TX0004065896,0
TX0004065933,0
TX0004065938,0
TX0004065955,0
TX0004065969,0
TX0004065978,0
TX0004066000,0
TX0004066013,0
TX0004066025,0
TX0004066033,0
TX0004066053,0
TX0004066088,0
TX0004066136,0
TX0004066149,0
TX0004066211,0
TX0004066254,0
TX0004066257,0
TX0004066312,0
TX0004066328,0
TX0004066331,0
TX0004066346,0
TX0004066353,0
TX0004066394,0
TX0004066434,0
TX0004066459,0
TX0004066590,0
TX0004066598,0
TX0004066611,0
TX0004066624,0
TX0004066632,0
TX0004066635,0
TX0004066668,0
TX0004066697,0
TX0004066699,0
TX0004066719,0
TX0004066722,0
TX0004066756,0
TX0004066759,0
TX0004066832,0
TX0004066836,0
TX0004066837,0
TX0004066903,0
TX0004066904,0
TX0004066984,0
TX0004066995,0
TX0004066997,0
TX0004067047,0
TX0004067055,0
TX0004067067,0
TX0004067070,0
TX0004067202,0
TX0004067286,0
TX0004067287,0
TX0004067346,0
TX0004067363,0
TX0004067457,0
TX0004067463,0
TX0004067500,0
TX0004067508,0
TX0004067509,0
TX0004067606,0
TX0004067761,0
TX0004067782,0
TX0004067819,0
TX0004067841,0
TX0004067846,0
TX0004067882,0
TX0004067930,0
TX0004067957,0
TX0004067998,0
TX0004068009,0
TX0004068013,0
TX0004068034,0
TX0004068040,0
TX0004068070,0
TX0004068074,0
TX0004068143,0
TX0004068164,0
TX0004068311,0
TX0004068312,0
TX0004068360,0
TX0004068384,0
TX0004068386,0
TX0004068455,0
TX0004068460,0
TX0004068478,0
TX0004068479,0
TX0004068484,0
TX0004068568,0
TX0004068571,0
TX0004068593,0
TX0004068612,0
TX0004068619,0
TX0004068658,0
TX0004068672,0
TX0004068746,0
TX0004068785,0
TX0004068800,0
TX0004068822,0
TX0004068829,0
TX0004068832,0
TX0004068903,0
TX0004068954,0
TX0004068966,0
TX0004068976,0
TX0004069024,0
TX0004069029,0
TX0004069205,0
TX0004069224,0
TX0004069243,0
TX0004059514,0
TX0004059524,0
TX0004059559,0
TX0004059579,0
TX0004059598,0
TX0004059614,0
TX0004059649,0
TX0004059663,0
TX0004059719,0
TX0004059758,0
TX0004059790,0
TX0004059819,0
TX0004059874,0
TX0004059933,0
TX0004059939,0
TX0004059977,0
TX0004060065,0
TX0004060097,0
TX0004060119,0
TX0004060186,0
TX0004060232,0
TX0004060255,0
TX0004060269,0
TX0004060275,0
TX0004060304,0
TX0004060317,0
TX0004060331,0
TX0004060360,0
TX0004060364,0
TX0004060377,0
TX0004060536,0
TX0004060568,0
TX0004060595,0
TX0004060598,0
TX0004060639,0
TX0004060680,0
TX0004060695,0
TX0004060720,0
TX0004060731,0
TX0004060844,0
TX0004060879,0
TX0004060937,0
TX0004060975,0
TX0004061025,0
TX0004061069,0
TX0004061102,0
TX0004061107,0
TX0004061111,0
TX0004061151,0
TX0004061239,0
TX0004061244,0
TX0004061288,0
TX0004061291,0
TX0004061306,0
TX0004061342,0
TX0004061373,0
TX0004061376,0
TX0004061448,0
TX0004061494,0
TX0004061637,0
TX0004061705,0
TX0004061727,0
TX0004061730,0
TX0004061761,0
TX0004061798,0
TX0004061800,0
TX0004061809,0
TX0004061819,0
TX0004061827,0
TX0004061842,0
TX0004061864,0
TX0004061868,0
TX0004061891,0
TX0004061926,0
TX0004062059,0
TX0004062079,0
TX0004062090,0
TX0004062092,0
TX0004062151,0
TX0004062167,0
TX0004062218,0
TX0004062303,0
TX0004062337,0
TX0004062370,0
TX0004062371,0
TX0004062372,0
TX0004062373,0
TX0004062406,0
TX0004062440,0
TX0004062466,0
TX0004062472,0
TX0004062493,0
TX0004062514,0
TX0004062566,0
TX0004062644,0
TX0004062645,0
TX0004062699,0
TX0004062789,0
TX0004062809,0
TX0004062833,0
TX0004062869,0
TX0004062913,0
TX0004062939,0
TX0004063010,0
TX0004063065,0
TX0004063134,0
TX0004063145,0
TX0004063151,0
TX0004063159,0
TX0004063176,0
TX0004063183,0
TX0004063214,0
TX0004063228,0
TX0004063232,0
TX0004063240,0
TX0004063295,0
TX0004063314,0
TX0004063330,0
TX0004063409,0
TX0004063428,0
TX0004063498,0
TX0004063559,0
TX0004063632,0
TX0004063696,0
TX0004063757,0
TX0004063783,0
TX0004063787,0
TX0004063811,0
TX0004063887,0
TX0004063933,0
TX0004063953,0
TX0004063999,0
TX0004064063,0
TX0004064080,0
TX0004064086,0
TX0004064093,0
TX0004064101,0
TX0004064116,0
TX0004064121,0
TX0004064147,0
TX0004064256,0
TX0004064258,0
TX0004064271,0
TX0004064359,0
TX0004064397,0
TX0004064444,0
TX0004064455,0
TX0004064506,0
TX0004064511,0
TX0004064526,0
TX0004064551,0
TX0004064566,0
TX0004064594,0
TX0004064600,0
TX0004064613,0
TX0004064660,0
TX0004064797,0
TX0004064849,0
TX0004064860,0
TX0004064894,0
TX0004064937,0
TX0004064990,0
TX0004065008,0
TX0004065016,0
TX0004065052,0
TX0004065074,0
TX0004065146,0
TX0004065174,0
TX0004065194,0
TX0004065211,0
TX0004065227,0
TX0004065251,0
TX0004065270,0
TX0004065277,0
TX0004065305,0
TX0004065309,0
TX0004065396,0
TX0004065542,0
TX0004065602,0
TX0004065718,0
TX0004065722,0
TX0004065775,0
TX0004065806,0
TX0004065845,0
TX0004065861,0
TX0004065879,0
TX0004065954,0
TX0004065977,0
TX0004065981,0
TX0004066022,0
TX0004066023,0
TX0004066036,0
TX0004066052,0
TX0004066075,0
TX0004066103,0
TX0004066104,0
TX0004066134,0
TX0004066147,0
TX0004066157,0
TX0004066185,0
TX0004066193,0
TX0004066239,0
TX0004066385,0
TX0004066418,0
TX0004066438,0
TX0004066464,0
TX0004066493,0
TX0004066527,0
TX0004066540,0
TX0004066556,0
TX0004066567,0
TX0004066580,0
TX0004066608,0
TX0004066655,0
TX0004066667,0
TX0004066703,0
TX0004066724,0
TX0004066766,0
TX0004066783,0
TX0004066788,0
TX0004066794,0
TX0004066797,0
TX0004066826,0
TX0004066855,0
TX0004066874,0
TX0004066968,0
TX0004066985,0
TX0004067021,0
TX0004067052,0
TX0004067078,0
TX0004067145,0
TX0004067149,0
TX0004067191,0
TX0004067222,0
TX0004067260,0
TX0004067262,0
TX0004067296,0
TX0004067306,0
TX0004067313,0
TX0004067336,0
TX0004067399,0
TX0004067428,0
TX0004067430,0
TX0004067468,0
TX0004067517,0
TX0004067573,0
TX0004067593,0
TX0004067614,0
TX0004067634,0
TX0004067671,0
TX0004067753,0
TX0004067851,0
TX0004067874,0
TX0004067894,0
TX0004067902,0
TX0004067935,0
TX0004068003,0
TX0004068006,0
TX0004068022,0
TX0004068063,0
TX0004068096,0
TX0004068106,0
TX0004068113,0
TX0004068231,0
TX0004068232,0
TX0004068246,0
TX0004068272,0
TX0004068283,0
TX0004068288,0
TX0004068302,0
TX0004068400,0
TX0004068477,0
TX0004068525,0
TX0004068579,0
TX0004068609,0
TX0004068613,0
TX0004068724,0
TX0004068789,0
TX0004068823,0
TX0004068846,0
TX0004068859,0
TX0004068870,0
TX0004068932,0
TX0004068947,0
TX0004068948,0
TX0004069026,0
TX0004069036,0
TX0004069042,0
TX0004069060,0
TX0004069129,0
TX0004069185,0
TX0004069195,0
TX0004069209,0
TX0004069279,0
TX0004069283,0
TX0004069288,0
TX0004059518,0
TX0004059564,0
TX0004059569,0
TX0004059605,0
TX0004059695,0
TX0004059698,0
TX0004059755,0
TX0004059768,0
TX0004059803,0
TX0004059816,0
TX0004059825,0
TX0004059839,0
TX0004059937,0
TX0004060048,0
TX0004060098,0
TX0004060102,0
TX0004060105,0
TX0004060106,0
TX0004060110,0
TX0004060115,0
TX0004060167,0
TX0004060212,0
TX0004060223,0
TX0004060244,0
TX0004060245,0
TX0004060274,0
TX0004060281,0
TX0004060291,0
TX0004060302,0
TX0004060305,0
TX0004060306,0
TX0004060314,0
TX0004060324,0
TX0004060356,0
TX0004060426,0
TX0004060440,0
TX0004060443,0
TX0004060454,0
TX0004060484,0
TX0004060485,0
TX0004060493,0
TX0004060520,0
TX0004060567,0
TX0004060633,0
TX0004060640,0
TX0004060650,0
TX0004060655,0
TX0004060679,0
TX0004060721,0
TX0004060725,0
TX0004060732,0
TX0004060756,0
TX0004060759,0
TX0004060819,0
TX0004060824,0
TX0004060866,0
TX0004060881,0
TX0004060888,0
TX0004060906,0
TX0004060910,0
TX0004060926,0
TX0004060942,0
TX0004060983,0
TX0004060999,0
TX0004061017,0
TX0004061141,0
TX0004061174,0
TX0004061193,0
TX0004061209,0
TX0004061224,0
TX0004061231,0
TX0004061253,0
TX0004061279,0
TX0004061375,0
TX0004061382,0
TX0004061419,0
TX0004061481,0
TX0004061483,0
TX0004061492,0
TX0004061510,0
TX0004061555,0
TX0004061556,0
TX0004061585,0
TX0004061587,0
TX0004061602,0
TX0004061620,0
TX0004061630,0
TX0004061634,0
TX0004061703,0
TX0004061709,0
TX0004061731,0
TX0004061821,0
TX0004061844,0
TX0004061886,0
TX0004061936,0
TX0004061939,0
TX0004061988,0
TX0004062005,0
TX0004062011,0
TX0004062025,0
TX0004062066,0
TX0004062077,0
TX0004062165,0
TX0004062206,0
TX0004062264,0
TX0004062281,0
TX0004062283,0
TX0004062342,0
TX0004062377,0
TX0004062396,0
TX0004062412,0
TX0004062468,0
TX0004062479,0
TX0004062547,0
TX0004062552,0
TX0004062558,0
TX0004062697,0
TX0004062703,0
TX0004062723,0
TX0004062758,0
TX0004062830,0
TX0004062848,0
TX0004062863,0
TX0004062978,0
TX0004063001,0
TX0004063039,0
TX0004063064,0
TX0004063083,0
TX0004063125,0
TX0004063152,0
TX0004063178,0
TX0004063189,0
TX0004063217,0
TX0004063221,0
TX0004063253,0
TX0004063264,0
TX0004063272,0
TX0004063415,0
TX0004063477,0
TX0004063534,0
TX0004063550,0
TX0004063562,0
TX0004063591,0
TX0004063594,0
TX0004063637,0
TX0004063638,0
TX0004063687,0
TX0004063715,0
TX0004063718,0
TX0004063766,0
TX0004063801,0
TX0004063803,0
TX0004063899,0
TX0004063915,0
TX0004063939,0
TX0004064002,0
TX0004064027,0
TX0004064145,0
TX0004064191,0
TX0004064212,0
TX0004064217,0
TX0004064243,0
TX0004064306,0
TX0004064317,0
TX0004064407,0
TX0004064469,0
TX0004064512,0
TX0004064713,0
TX0004064724,0
TX0004064729,0
TX0004064737,0
TX0004064781,0
TX0004064792,0
TX0004064805,0
TX0004064817,0
TX0004064821,0
TX0004064881,0
TX0004064883,0
TX0004064898,0
TX0004064906,0
TX0004064926,0
TX0004064944,0
TX0004064976,0
TX0004065017,0
TX0004065057,0
TX0004065058,0
TX0004065124,0
TX0004065148,0
TX0004065171,0
TX0004065192,0
TX0004065204,0
TX0004065217,0
TX0004065290,0
TX0004065296,0
TX0004065297,0
TX0004065333,0
TX0004065334,0
TX0004065354,0
TX0004065441,0
TX0004065459,0
TX0004065479,0
TX0004065496,0
TX0004065566,0
TX0004065574,0
TX0004065580,0
TX0004065611,0
TX0004065624,0
TX0004065635,0
TX0004065643,0
TX0004065721,0
TX0004065736,0
TX0004065759,0
TX0004065786,0
TX0004065789,0
TX0004065818,0
TX0004065824,0
TX0004065862,0
TX0004065876,0
TX0004065886,0
TX0004065917,0
TX0004065920,0
TX0004065934,0
TX0004065951,0
TX0004065970,0
TX0004066039,0
TX0004066060,0
TX0004066074,0
TX0004066089,0
TX0004066108,0
TX0004066115,0
TX0004066135,0
TX0004066140,0
TX0004066151,0
TX0004066183,0
TX0004066201,0
TX0004066215,0
TX0004066235,0
TX0004066251,0
TX0004066252,0
TX0004066262,0
TX0004066290,0
TX0004066308,0
TX0004066327,0
TX0004066410,0
TX0004066411,0
TX0004066427,0
TX0004066437,0
TX0004066467,0
TX0004066508,0
TX0004066523,0
TX0004066525,0
TX0004066533,0
TX0004066543,0
TX0004066593,0
TX0004066705,0
TX0004066713,0
TX0004066762,0
TX0004066772,0
TX0004066798,0
TX0004066834,0
TX0004066915,0
TX0004066941,0
TX0004066996,0
TX0004067041,0
TX0004067072,0
TX0004067179,0
TX0004067197,0
TX0004067211,0
TX0004067237,0
TX0004067275,0
TX0004067301,0
TX0004067302,0
TX0004067334,0
TX0004067341,0
TX0004067369,0
TX0004067377,0
TX0004067410,0
TX0004067418,0
TX0004067453,0
TX0004067494,0
TX0004067539,0
TX0004067577,0
TX0004067587,0
TX0004067622,0
TX0004067629,0
TX0004067685,0
TX0004067695,0
TX0004067760,0
TX0004067807,0
TX0004067808,0
TX0004067921,0
TX0004067926,0
TX0004067955,0
TX0004067975,0
TX0004067986,0
TX0004067996,0
TX0004068007,0
TX0004068065,0
TX0004068077,0
TX0004068122,0
TX0004068142,0
TX0004068181,0
TX0004068204,0
TX0004068227,0
TX0004068240,0
TX0004068253,0
TX0004068331,0
TX0004068334,0
TX0004068335,0
TX0004068369,0
TX0004068375,0
TX0004068385,0
TX0004068398,0
TX0004068407,0
TX0004068416,0
TX0004068417,0
TX0004068430,0
TX0004068440,0
TX0004068448,0
TX0004068493,0
TX0004068519,0
TX0004068546,0
TX0004068548,0
TX0004068557,0
TX0004068576,0
TX0004068587,0
TX0004068727,0
TX0004068735,0
TX0004068751,0
TX0004068866,0
TX0004068882,0
TX0004068918,0
TX0004068972,0
TX0004069052,0
TX0004069066,0
TX0004069083,0
TX0004069100,0
TX0004069128,0
TX0004069157,0
TX0004069165,0
TX0004069182,0
TX0004069202,0
TX0004069208,0
TX0004069218,0
TX0004069223,0
TX0004069247,0
TX0004059508,0
TX0004059560,0
TX0004059597,0
TX0004059609,0
TX0004059661,0
TX0004059691,0
TX0004059707,0
TX0004059750,0
TX0004059754,0
TX0004059771,0
TX0004059774,0
TX0004059804,0
TX0004059821,0
TX0004059845,0
TX0004059847,0
TX0004059889,0
TX0004059926,0
TX0004059951,0
TX0004059994,0
TX0004059996,0
TX0004060005,0
TX0004060045,0
TX0004060051,0
TX0004060080,0
TX0004060090,0
TX0004060146,0
TX0004060157,0
TX0004060188,0
TX0004060189,0
TX0004060194,0
TX0004060214,0
TX0004060257,0
TX0004060268,0
TX0004060295,0
TX0004060315,0
TX0004060350,0
TX0004060415,0
TX0004060417,0
TX0004060421,0
TX0004060489,0
TX0004060491,0
TX0004060496,0
TX0004060560,0
TX0004060587,0
TX0004060718,0
TX0004060748,0
TX0004060760,0
TX0004060772,0
TX0004060802,0
TX0004060828,0
TX0004060835,0
TX0004060877,0
TX0004060880,0
TX0004060902,0
TX0004060934,0
TX0004061042,0
TX0004061108,0
TX0004061121,0
TX0004061123,0
TX0004061124,0
TX0004061142,0
TX0004061230,0
TX0004061245,0
TX0004061297,0
TX0004061369,0
TX0004061398,0
TX0004061404,0
TX0004061415,0
TX0004061430,0
TX0004061441,0
TX0004061514,0
TX0004061537,0
TX0004061560,0
TX0004061698,0
TX0004061734,0
TX0004061778,0
TX0004061816,0
TX0004061858,0
TX0004061992,0
TX0004062032,0
TX0004062172,0
TX0004062187,0
TX0004062188,0
TX0004062189,0
TX0004062248,0
TX0004062291,0
TX0004062301,0
TX0004062387,0
TX0004062430,0
TX0004062470,0
TX0004062475,0
TX0004062507,0
TX0004062569,0
TX0004062593,0
TX0004062598,0
TX0004062603,0
TX0004062642,0
TX0004062691,0
TX0004062747,0
TX0004062757,0
TX0004062802,0
TX0004062808,0
TX0004062814,0
TX0004062832,0
TX0004062842,0
TX0004062900,0
TX0004062910,0
TX0004062912,0
TX0004062934,0
TX0004062950,0
TX0004062966,0
TX0004062973,0
TX0004063005,0
TX0004063026,0
TX0004063027,0
TX0004063036,0
TX0004063163,0
TX0004063170,0
TX0004063174,0
TX0004063261,0
TX0004063298,0
TX0004063299,0
TX0004063332,0
TX0004063345,0
TX0004063353,0
TX0004063359,0
TX0004063429,0
TX0004063549,0
TX0004063551,0
TX0004063604,0
TX0004063633,0
TX0004063680,0
TX0004063689,0
TX0004063690,0
TX0004063697,0
TX0004063702,0
TX0004063740,0
TX0004063741,0
TX0004063868,0
TX0004063900,0
TX0004063912,0
TX0004063969,0
TX0004063984,0
TX0004064053,0
TX0004064074,0
TX0004064075,0
TX0004064108,0
TX0004064148,0
TX0004064164,0
TX0004064169,0
TX0004064201,0
TX0004064219,0
TX0004064227,0
TX0004064229,0
TX0004064293,0
TX0004064307,0
TX0004064327,0
TX0004064366,0
TX0004064367,0
TX0004064378,0
TX0004064418,0
TX0004064435,0
TX0004064473,0
TX0004064502,0
TX0004064636,0
TX0004064680,0
TX0004064731,0
TX0004064744,0
TX0004064745,0
TX0004064771,0
TX0004064776,0
TX0004064785,0
TX0004064788,0
TX0004064800,0
TX0004064823,0
TX0004064838,0
TX0004064869,0
TX0004064879,0
TX0004064900,0
TX0004064905,0
TX0004064907,0
TX0004064919,0
TX0004064923,0
TX0004064960,0
TX0004064973,0
TX0004064979,0
TX0004064992,0
TX0004065006,0
TX0004065022,0
TX0004065025,0
TX0004065044,0
TX0004065068,0
TX0004065100,0
TX0004065113,0
TX0004065138,0
TX0004065142,0
TX0004065170,0
TX0004065197,0
TX0004065206,0
TX0004065252,0
TX0004065291,0
TX0004065337,0
TX0004065338,0
TX0004065345,0
TX0004065410,0
TX0004065476,0
TX0004065488,0
TX0004065535,0
TX0004065551,0
TX0004065685,0
TX0004065706,0
TX0004065707,0
TX0004065730,0
TX0004065810,0
TX0004065865,0
TX0004065882,0
TX0004065989,0
TX0004066047,0
TX0004066083,0
TX0004066180,0
TX0004066210,0
TX0004066216,0
TX0004066241,0
TX0004066259,0
TX0004066271,0
TX0004066334,0
TX0004066404,0
TX0004066460,0
TX0004066461,0
TX0004066478,0
TX0004066498,0
TX0004066503,0
TX0004066504,0
TX0004066552,0
TX0004066559,0
TX0004066637,0
TX0004066644,0
TX0004066671,0
TX0004066712,0
TX0004066740,0
TX0004066752,0
TX0004066769,0
TX0004066809,0
TX0004066810,0
TX0004066854,0
TX0004066884,0
TX0004066909,0
TX0004066982,0
TX0004066983,0
TX0004067062,0
TX0004067076,0
TX0004067081,0
TX0004067089,0
TX0004067151,0
TX0004067154,0
TX0004067185,0
TX0004067186,0
TX0004067201,0
TX0004067205,0
TX0004067215,0
TX0004067219,0
TX0004067280,0
TX0004067317,0
TX0004067424,0
TX0004067452,0
TX0004067516,0
TX0004067546,0
TX0004067638,0
TX0004067660,0
TX0004067737,0
TX0004067790,0
TX0004067832,0
TX0004067862,0
TX0004067863,0
TX0004067884,0
TX0004067932,0
TX0004068005,0
TX0004068012,0
TX0004068072,0
TX0004068073,0
TX0004068099,0
TX0004068114,0
TX0004068116,0
TX0004068136,0
TX0004068166,0
TX0004068182,0
TX0004068183,0
TX0004068265,0
TX0004068270,0
TX0004068276,0
TX0004068287,0
TX0004068290,0
TX0004068308,0
TX0004068363,0
TX0004068373,0
TX0004068383,0
TX0004068418,0
TX0004068420,0
TX0004068427,0
TX0004068449,0
TX0004068565,0
TX0004068577,0
TX0004068591,0
TX0004068708,0
TX0004068726,0
TX0004068777,0
TX0004068816,0
TX0004068911,0
TX0004068930,0
TX0004068931,0
TX0004068945,0
TX0004068949,0
TX0004068953,0
TX0004068981,0
TX0004068982,0
TX0004069035,0
TX0004069039,0
TX0004069091,0
TX0004069095,0
TX0004069175,0
TX0004069207,0
TX0004069275,0
TX0003863642,1
TX0003902220,1
TX0004069323,0
TX0004069336,0
TX0004069377,0
TX0004069428,0
TX0004069528,0
TX0004069553,0
TX0004069566,0
TX0004069709,0
TX0004069714,0
TX0004069802,0
TX0004069814,0
TX0004069853,0
TX0004069871,0
TX0004069905,0
TX0004070092,0
TX0004070152,0
TX0004070175,0
TX0004070192,0
TX0004070206,0
TX0004070217,0
TX0004070223,0
TX0004070274,0
TX0004070284,0
TX0004070293,0
TX0004070327,0
TX0004070329,0
TX0004070335,0
TX0004070350,0
TX0004070377,0
TX0004070398,0
TX0004070413,0
TX0004070442,0
TX0004070482,0
TX0004070500,0
TX0004070543,0
TX0004070569,0
TX0004070577,0
TX0004070598,0
TX0004070645,0
TX0004070676,0
TX0004070699,0
TX0004070701,0
TX0004070713,0
TX0004070735,0
TX0004070788,0
TX0004070823,0
TX0004070836,0
TX0004070905,0
TX0004070909,0
TX0004070987,0
TX0004071024,0
TX0004071075,0
TX0004071090,0
TX0004071093,0
TX0004071099,0
TX0004071179,0
TX0004071188,0
TX0004071222,0
TX0004071252,0
TX0004071253,0
TX0004071289,0
TX0004071291,0
TX0004071295,0
TX0004071321,0
TX0004071339,0
TX0004071368,0
TX0004071371,0
TX0004071394,0
TX0004071448,0
TX0004071470,0
TX0004071486,0
TX0004071493,0
TX0004071519,0
TX0004071588,0
TX0004071642,0
TX0004071646,0
TX0004071717,0
TX0004071860,0
TX0004071876,0
TX0004071893,0
TX0004071963,0
TX0004071988,0
TX0004072003,0
TX0004072045,0
TX0004072057,0
TX0004072062,0
TX0004072065,0
TX0004072084,0
TX0004072087,0
TX0004072144,0
TX0004072322,0
TX0004072374,0
TX0004072413,0
TX0004072419,0
TX0004072513,0
TX0004072542,0
TX0004072552,0
TX0004072597,0
TX0004072601,0
TX0004072607,0
TX0004072608,0
TX0004072672,0
TX0004072686,0
TX0004072687,0
TX0004072732,0
TX0004072773,0
TX0004072816,0
TX0004072829,0
TX0004072857,0
TX0004072891,0
TX0004072893,0
TX0004072943,0
TX0004072989,0
TX0004073046,0
TX0004073056,0
TX0004073070,0
TX0004073098,0
TX0004073154,0
TX0004073194,0
TX0004073206,0
TX0004073236,0
TX0004073246,0
TX0004073270,0
TX0004073313,0
TX0004073375,0
TX0004073410,0
TX0004073413,0
TX0004073437,0
TX0004073438,0
TX0004073449,0
TX0004073460,0
TX0004073464,0
TX0004073504,0
TX0004073526,0
TX0004073566,0
TX0004073594,0
TX0004073613,0
TX0004073649,0
TX0004073672,0
TX0004073687,0
TX0004073719,0
TX0004073739,0
TX0004073794,0
TX0004073828,0
TX0004073904,0
TX0004074012,0
TX0004074016,0
TX0004074031,0
TX0004074035,0
TX0004074061,0
TX0004074105,0
TX0004074117,0
TX0004074127,0
TX0004074134,0
TX0004074236,0
TX0004074250,0
TX0004074251,0
TX0004074286,0
TX0004074334,0
TX0004074448,0
TX0004074455,0
TX0004074456,0
TX0004074511,0
TX0004074531,0
TX0004074584,0
TX0004074587,0
TX0004074596,0
TX0004074686,0
TX0004074784,0
TX0004074817,0
TX0004074868,0
TX0004074889,0
TX0004074899,0
TX0004074921,0
TX0004074958,0
TX0004074961,0
TX0004074973,0
TX0004074989,0
TX0004075015,0
TX0004075065,0
TX0004075107,0
TX0004075116,0
TX0004075128,0
TX0004075177,0
TX0004075183,0
TX0004075358,0
TX0004075382,0
TX0004075404,0
TX0004075473,0
TX0004075474,0
TX0004075488,0
TX0004075544,0
TX0004075548,0
TX0004075553,0
TX0004075562,0
TX0004075577,0
TX0004075624,0
TX0004075629,0
TX0004075642,0
TX0004075696,0
TX0004075705,0
TX0004075711,0
TX0004075747,0
TX0004075767,0
TX0004075769,0
TX0004075774,0
TX0004075834,0
TX0004075876,0
TX0004075897,0
TX0004075920,0
TX0004075939,0
TX0004075943,0
TX0004075948,0
TX0004076025,0
TX0004076037,0
TX0004076043,0
TX0004076055,0
TX0004076074,0
TX0004076156,0
TX0004076160,0
TX0004076180,0
TX0004076192,0
TX0004076228,0
TX0004076263,0
TX0004076372,0
TX0004076373,0
TX0004076392,0
TX0004076416,0
TX0004076433,0
TX0004076435,0
TX0004076486,0
TX0004076529,0
TX0004076576,0
TX0004076585,0
TX0004076592,0
TX0004076648,0
TX0004076667,0
TX0004076675,0
TX0004076691,0
TX0004076708,0
TX0004076737,0
TX0004076738,0
TX0004076773,0
TX0004076786,0
TX0004076787,0
TX0004076807,0
TX0004076808,0
TX0004076834,0
TX0004076855,0
TX0004076871,0
TX0004076880,0
TX0004076927,0
TX0004076934,0
TX0004076994,0
TX0004076996,0
TX0004077004,0
TX0004077093,0
TX0004077115,0
TX0004077135,0
TX0004077286,0
TX0004077303,0
TX0004077325,0
TX0004077330,0
TX0004077384,0
TX0004077481,0
TX0004077567,0
TX0004077569,0
TX0004077622,0
TX0004077693,0
TX0004077694,0
TX0004077702,0
TX0004077716,0
TX0004077746,0
TX0004077989,0
TX0004078008,0
TX0004078023,0
TX0004078047,0
TX0004078057,0
TX0004078109,0
TX0004078163,0
TX0004078172,0
TX0004078176,0
TX0004078189,0
TX0004078247,0
TX0004078293,0
TX0004078314,0
TX0004078347,0
TX0004078362,0
TX0004078363,0
TX0004078382,0
TX0004078398,0
TX0004078417,0
TX0004078491,0
TX0004078496,0
TX0004078530,0
TX0004078535,0
TX0004078633,0
TX0004078713,0
TX0004078714,0
TX0004078757,0
TX0004078770,0
TX0004078798,0
TX0004078812,0
TX0004078829,0
TX0004078890,0
TX0004078897,0
TX0004078917,0
TX0004078928,0
TX0004069321,0
TX0004069366,0
TX0004069380,0
TX0004069409,0
TX0004069446,0
TX0004069458,0
TX0004069496,0
TX0004069498,0
TX0004069531,0
TX0004069545,0
TX0004069573,0
TX0004069589,0
TX0004069601,0
TX0004069677,0
TX0004069935,0
TX0004069944,0
TX0004069945,0
TX0004069954,0
TX0004069977,0
TX0004069978,0
TX0004069990,0
TX0004070000,0
TX0004070053,0
TX0004070125,0
TX0004070132,0
TX0004070211,0
TX0004070270,0
TX0004070281,0
TX0004070328,0
TX0004070331,0
TX0004070394,0
TX0004070405,0
TX0004070453,0
TX0004070544,0
TX0004070545,0
TX0004070554,0
TX0004070562,0
TX0004070572,0
TX0004070608,0
TX0004070637,0
TX0004070649,0
TX0004070657,0
TX0004070661,0
TX0004070665,0
TX0004070666,0
TX0004070670,0
TX0004070685,0
TX0004070712,0
TX0004070729,0
TX0004070732,0
TX0004070745,0
TX0004070797,0
TX0004070835,0
TX0004070858,0
TX0004070859,0
TX0004070865,0
TX0004070878,0
TX0004070881,0
TX0004070912,0
TX0004070929,0
TX0004070938,0
TX0004070995,0
TX0004071019,0
TX0004071045,0
TX0004071134,0
TX0004071230,0
TX0004071255,0
TX0004071258,0
TX0004071299,0
TX0004071309,0
TX0004071400,0
TX0004071427,0
TX0004071451,0
TX0004071453,0
TX0004071483,0
TX0004071498,0
TX0004071527,0
TX0004071548,0
TX0004071554,0
TX0004071557,0
TX0004071570,0
TX0004071580,0
TX0004071586,0
TX0004071620,0
TX0004071632,0
TX0004071644,0
TX0004071689,0
TX0004071693,0
TX0004071707,0
TX0004071724,0
TX0004071739,0
TX0004071748,0
TX0004071760,0
TX0004071784,0
TX0004071807,0
TX0004071844,0
TX0004071877,0
TX0004071879,0
TX0004071916,0
TX0004071922,0
TX0004071942,0
TX0004071989,0
TX0004072052,0
TX0004072064,0
TX0004072085,0
TX0004072133,0
TX0004072171,0
TX0004072174,0
TX0004072175,0
TX0004072193,0
TX0004072264,0
TX0004072317,0
TX0004072332,0
TX0004072333,0
TX0004072441,0
TX0004072442,0
TX0004072457,0
TX0004072459,0
TX0004072475,0
TX0004072483,0
TX0004072494,0
TX0004072508,0
TX0004072637,0
TX0004072645,0
TX0004072647,0
TX0004072670,0
TX0004072711,0
TX0004072714,0
TX0004072768,0
TX0004072774,0
TX0004072800,0
TX0004072883,0
TX0004072885,0
TX0004072936,0
TX0004072973,0
TX0004072999,0
TX0004073020,0
TX0004073025,0
TX0004073048,0
TX0004073126,0
TX0004073130,0
TX0004073202,0
TX0004073224,0
TX0004073241,0
TX0004073302,0
TX0004073320,0
TX0004073393,0
TX0004073402,0
TX0004073411,0
TX0004073430,0
TX0004073450,0
TX0004073499,0
TX0004073514,0
TX0004073536,0
TX0004073614,0
TX0004073618,0
TX0004073619,0
TX0004073632,0
TX0004073731,0
TX0004073771,0
TX0004073774,0
TX0004073778,0
TX0004073818,0
TX0004073833,0
TX0004073890,0
TX0004073914,0
TX0004074054,0
TX0004074058,0
TX0004074082,0
TX0004074087,0
TX0004074108,0
TX0004074119,0
TX0004074133,0
TX0004074171,0
TX0004074207,0
TX0004074284,0
TX0004074310,0
TX0004074325,0
TX0004074349,0
TX0004074365,0
TX0004074366,0
TX0004074447,0
TX0004074469,0
TX0004074546,0
TX0004074613,0
TX0004074616,0
TX0004074624,0
TX0004074633,0
TX0004074636,0
TX0004074643,0
TX0004074652,0
TX0004074664,0
TX0004074665,0
TX0004074676,0
TX0004074756,0
TX0004074785,0
TX0004074805,0
TX0004074832,0
TX0004074869,0
TX0004074891,0
TX0004074917,0
TX0004074929,0
TX0004074965,0
TX0004074981,0
TX0004075001,0
TX0004075130,0
TX0004075136,0
TX0004075140,0
TX0004075185,0
TX0004075197,0
TX0004075238,0
TX0004075240,0
TX0004075303,0
TX0004075330,0
TX0004075363,0
TX0004075370,0
TX0004075430,0
TX0004075442,0
TX0004075452,0
TX0004075513,0
TX0004075539,0
TX0004075592,0
TX0004075634,0
TX0004075667,0
TX0004075681,0
TX0004075687,0
TX0004075814,0
TX0004075837,0
TX0004075967,0
TX0004076018,0
TX0004076019,0
TX0004076022,0
TX0004076063,0
TX0004076071,0
TX0004076112,0
TX0004076134,0
TX0004076135,0
TX0004076235,0
TX0004076253,0
TX0004076267,0
TX0004076306,0
TX0004076316,0
TX0004076366,0
TX0004076400,0
TX0004076410,0
TX0004076426,0
TX0004076431,0
TX0004076470,0
TX0004076503,0
TX0004076535,0
TX0004076578,0
TX0004076605,0
TX0004076614,0
TX0004076615,0
TX0004076638,0
TX0004076642,0
TX0004076697,0
TX0004076698,0
TX0004076709,0
TX0004076724,0
TX0004076776,0
TX0004076790,0
TX0004076820,0
TX0004076821,0
TX0004076875,0
TX0004076930,0
TX0004077005,0
TX0004077054,0
TX0004077082,0
TX0004077146,0
TX0004077203,0
TX0004077293,0
TX0004077300,0
TX0004077367,0
TX0004077380,0
TX0004077402,0
TX0004077438,0
TX0004077493,0
TX0004077496,0
TX0004077542,0
TX0004077545,0
TX0004077588,0
TX0004077639,0
TX0004077704,0
TX0004077715,0
TX0004077724,0
TX0004077749,0
TX0004077759,0
TX0004077760,0
TX0004077762,0
TX0004077807,0
TX0004077837,0
TX0004077838,0
TX0004077847,0
TX0004077877,0
TX0004077890,0
TX0004077904,0
TX0004077906,0
TX0004077913,0
TX0004077936,0
TX0004077999,0
TX0004078002,0
TX0004078012,0
TX0004078016,0
TX0004078025,0
TX0004078037,0
TX0004078038,0
TX0004078071,0
TX0004078082,0
TX0004078113,0
TX0004078138,0
TX0004078160,0
TX0004078203,0
TX0004078205,0
TX0004078220,0
TX0004078269,0
TX0004078312,0
TX0004078378,0
TX0004078411,0
TX0004078448,0
TX0004078522,0
TX0004078534,0
TX0004078539,0
TX0004078613,0
TX0004078624,0
TX0004078634,0
TX0004078649,0
TX0004078685,0
TX0004078690,0
TX0004078744,0
TX0004078894,0
TX0004078899,0
TX0004078924,0
TX0004078946,0
TX0004078949,0
TX0004078963,0
TX0004069330,0
TX0004069342,0
TX0004069354,0
TX0004069369,0
TX0004069451,0
TX0004069506,0
TX0004069557,0
TX0004069586,0
TX0004069610,0
TX0004069628,0
TX0004069640,0
TX0004069652,0
TX0004069657,0
TX0004069674,0
TX0004069700,0
TX0004069703,0
TX0004069732,0
TX0004069742,0
TX0004069756,0
TX0004069765,0
TX0004069770,0
TX0004069780,0
TX0004069785,0
TX0004069830,0
TX0004069848,0
TX0004069856,0
TX0004069873,0
TX0004069900,0
TX0004069907,0
TX0004069926,0
TX0004069939,0
TX0004070006,0
TX0004070075,0
TX0004070082,0
TX0004070083,0
TX0004070086,0
TX0004070087,0
TX0004070107,0
TX0004070127,0
TX0004070151,0
TX0004070202,0
TX0004070204,0
TX0004070213,0
TX0004070255,0
TX0004070266,0
TX0004070272,0
TX0004070299,0
TX0004070372,0
TX0004070426,0
TX0004070428,0
TX0004070546,0
TX0004070582,0
TX0004070616,0
TX0004070617,0
TX0004070654,0
TX0004070673,0
TX0004070677,0
TX0004070764,0
TX0004070816,0
TX0004070867,0
TX0004070871,0
TX0004070927,0
TX0004070962,0
TX0004070976,0
TX0004070986,0
TX0004070988,0
TX0004070997,0
TX0004071030,0
TX0004071036,0
TX0004071047,0
TX0004071066,0
TX0004071088,0
TX0004071102,0
TX0004071114,0
TX0004071260,0
TX0004071273,0
TX0004071277,0
TX0004071334,0
TX0004071338,0
TX0004071384,0
TX0004071417,0
TX0004071438,0
TX0004071474,0
TX0004071505,0
TX0004071506,0
TX0004071558,0
TX0004071599,0
TX0004071735,0
TX0004071771,0
TX0004071780,0
TX0004071790,0
TX0004071820,0
TX0004071836,0
TX0004071847,0
TX0004071874,0
TX0004071918,0
TX0004071923,0
TX0004071941,0
TX0004071965,0
TX0004071968,0
TX0004071982,0
TX0004072022,0
TX0004072025,0
TX0004072056,0
TX0004072081,0
TX0004072089,0
TX0004072090,0
TX0004072107,0
TX0004072172,0
TX0004072225,0
TX0004072245,0
TX0004072265,0
TX0004072272,0
TX0004072283,0
TX0004072285,0
TX0004072295,0
TX0004072348,0
TX0004072363,0
TX0004072379,0
TX0004072439,0
TX0004072486,0
TX0004072560,0
TX0004072611,0
TX0004072616,0
TX0004072643,0
TX0004072644,0
TX0004072651,0
TX0004072663,0
TX0004072793,0
TX0004072795,0
TX0004072873,0
TX0004072924,0
TX0004072931,0
TX0004072993,0
TX0004072997,0
TX0004073012,0
TX0004073084,0
TX0004073105,0
TX0004073115,0
TX0004073116,0
TX0004073135,0
TX0004073146,0
TX0004073159,0
TX0004073227,0
TX0004073267,0
TX0004073285,0
TX0004073319,0
TX0004073343,0
TX0004073351,0
TX0004073377,0
TX0004073420,0
TX0004073463,0
TX0004073472,0
TX0004073476,0
TX0004073484,0
TX0004073491,0
TX0004073513,0
TX0004073525,0
TX0004073560,0
TX0004073578,0
TX0004073598,0
TX0004073599,0
TX0004073622,0
TX0004073652,0
TX0004073659,0
TX0004073684,0
TX0004073734,0
TX0004073768,0
TX0004073775,0
TX0004073852,0
TX0004073897,0
TX0004073907,0
TX0004073922,0
TX0004073960,0
TX0004073975,0
TX0004074023,0
TX0004074025,0
TX0004074102,0
TX0004074126,0
TX0004074150,0
TX0004074181,0
TX0004074188,0
TX0004074212,0
TX0004074238,0
TX0004074242,0
TX0004074304,0
TX0004074309,0
TX0004074322,0
TX0004074345,0
TX0004074458,0
TX0004074473,0
TX0004074491,0
TX0004074551,0
TX0004074557,0
TX0004074585,0
TX0004074669,0
TX0004074670,0
TX0004074751,0
TX0004074792,0
TX0004074845,0
TX0004074848,0
TX0004074878,0
TX0004074884,0
TX0004074890,0
TX0004074922,0
TX0004074934,0
TX0004074985,0
TX0004075187,0
TX0004075246,0
TX0004075251,0
TX0004075252,0
TX0004075278,0
TX0004075311,0
TX0004075328,0
TX0004075383,0
TX0004075399,0
TX0004075402,0
TX0004075409,0
TX0004075418,0
TX0004075455,0
TX0004075581,0
TX0004075610,0
TX0004075611,0
TX0004075665,0
TX0004075716,0
TX0004075828,0
TX0004075841,0
TX0004075888,0
TX0004075903,0
TX0004076013,0
TX0004076027,0
TX0004076087,0
TX0004076118,0
TX0004076133,0
TX0004076169,0
TX0004076193,0
TX0004076223,0
TX0004076232,0
TX0004076244,0
TX0004076289,0
TX0004076325,0
TX0004076326,0
TX0004076340,0
TX0004076351,0
TX0004076358,0
TX0004076359,0
TX0004076447,0
TX0004076448,0
TX0004076588,0
TX0004076598,0
TX0004076619,0
TX0004076676,0
TX0004076683,0
TX0004076692,0
TX0004076824,0
TX0004076851,0
TX0004076867,0
TX0004076884,0
TX0004076912,0
TX0004076919,0
TX0004076936,0
TX0004076988,0
TX0004077028,0
TX0004077029,0
TX0004077084,0
TX0004077159,0
TX0004077160,0
TX0004077179,0
TX0004077189,0
TX0004077190,0
TX0004077264,0
TX0004077266,0
TX0004077277,0
TX0004077279,0
TX0004077280,0
TX0004077295,0
TX0004077301,0
TX0004077333,0
TX0004077374,0
TX0004077388,0
TX0004077436,0
TX0004077462,0
TX0004077466,0
TX0004077468,0
TX0004077559,0
TX0004077581,0
TX0004077599,0
TX0004077638,0
TX0004077672,0
TX0004077700,0
TX0004077708,0
TX0004077775,0
TX0004077787,0
TX0004077804,0
TX0004077814,0
TX0004077834,0
TX0004077836,0
TX0004077916,0
TX0004077961,0
TX0004078000,0
TX0004078005,0
TX0004078017,0
TX0004078158,0
TX0004078168,0
TX0004078241,0
TX0004078251,0
TX0004078336,0
TX0004078340,0
TX0004078368,0
TX0004078369,0
TX0004078379,0
TX0004078400,0
TX0004078427,0
TX0004078447,0
TX0004078459,0
TX0004078467,0
TX0004078481,0
TX0004078484,0
TX0004078504,0
TX0004078511,0
TX0004078518,0
TX0004078675,0
TX0004078689,0
TX0004078694,0
TX0004078742,0
TX0004078746,0
TX0004078749,0
TX0004078763,0
TX0004078792,0
TX0004078895,0
TX0004069307,0
TX0004069349,0
TX0004069350,0
TX0004069368,0
TX0004069452,0
TX0004069481,0
TX0004069502,0
TX0004069548,0
TX0004069550,0
TX0004069620,0
TX0004069622,0
TX0004069685,0
TX0004069688,0
TX0004069694,0
TX0004069730,0
TX0004069755,0
TX0004069772,0
TX0004069796,0
TX0004069885,0
TX0004069941,0
TX0004069956,0
TX0004070005,0
TX0004070049,0
TX0004070128,0
TX0004070160,0
TX0004070184,0
TX0004070191,0
TX0004070242,0
TX0004070243,0
TX0004070289,0
TX0004070303,0
TX0004070347,0
TX0004070368,0
TX0004070381,0
TX0004070481,0
TX0004070491,0
TX0004070497,0
TX0004070506,0
TX0004070612,0
TX0004070639,0
TX0004070650,0
TX0004070688,0
TX0004070689,0
TX0004070714,0
TX0004070715,0
TX0004070776,0
TX0004070808,0
TX0004070815,0
TX0004070866,0
TX0004070876,0
TX0004070877,0
TX0004070941,0
TX0004070960,0
TX0004070961,0
TX0004070978,0
TX0004071131,0
TX0004071163,0
TX0004071203,0
TX0004071228,0
TX0004071231,0
TX0004071240,0
TX0004071276,0
TX0004071293,0
TX0004071393,0
TX0004071408,0
TX0004071414,0
TX0004071443,0
TX0004071462,0
TX0004071465,0
TX0004071467,0
TX0004071603,0
TX0004071635,0
TX0004071652,0
TX0004071709,0
TX0004071712,0
TX0004071714,0
TX0004071744,0
TX0004071756,0
TX0004071811,0
TX0004071828,0
TX0004071831,0
TX0004071891,0
TX0004071907,0
TX0004071961,0
TX0004072040,0
TX0004072063,0
TX0004072067,0
TX0004072079,0
TX0004072142,0
TX0004072150,0
TX0004072181,0
TX0004072190,0
TX0004072211,0
TX0004072224,0
TX0004072258,0
TX0004072383,0
TX0004072437,0
TX0004072578,0
TX0004072697,0
TX0004072698,0
TX0004072701,0
TX0004072740,0
TX0004072777,0
TX0004072823,0
TX0004072826,0
TX0004072840,0
TX0004072844,0
TX0004072910,0
TX0004072927,0
TX0004072949,0
TX0004073065,0
TX0004073096,0
TX0004073110,0
TX0004073142,0
TX0004073156,0
TX0004073170,0
TX0004073173,0
TX0004073219,0
TX0004073259,0
TX0004073288,0
TX0004073292,0
TX0004073304,0
TX0004073324,0
TX0004073334,0
TX0004073349,0
TX0004073406,0
TX0004073429,0
TX0004073461,0
TX0004073474,0
TX0004073485,0
TX0004073490,0
TX0004073517,0
TX0004073527,0
TX0004073573,0
TX0004073583,0
TX0004073591,0
TX0004073724,0
TX0004073732,0
TX0004073747,0
TX0004073751,0
TX0004073752,0
TX0004073780,0
TX0004073824,0
TX0004073831,0
TX0004073944,0
TX0004073965,0
TX0004073966,0
TX0004074090,0
TX0004074094,0
TX0004074111,0
TX0004074136,0
TX0004074144,0
TX0004074176,0
TX0004074200,0
TX0004074277,0
TX0004074311,0
TX0004074318,0
TX0004074335,0
TX0004074493,0
TX0004074525,0
TX0004074567,0
TX0004074571,0
TX0004074589,0
TX0004074628,0
TX0004074642,0
TX0004074649,0
TX0004074657,0
TX0004074712,0
TX0004074722,0
TX0004074768,0
TX0004074822,0
TX0004074875,1
TX0004074897,0
TX0004074911,0
TX0004074967,0
TX0004074974,0
TX0004074986,0
TX0004075039,0
TX0004075046,0
TX0004075049,0
TX0004075085,0
TX0004075120,0
TX0004075161,0
TX0004075162,0
TX0004075179,0
TX0004075196,0
TX0004075217,0
TX0004075263,0
TX0004075301,0
TX0004075305,0
TX0004075306,0
TX0004075344,0
TX0004075367,0
TX0004075379,0
TX0004075403,0
TX0004075406,0
TX0004075518,0
TX0004075522,0
TX0004075527,0
TX0004075621,0
TX0004075632,0
TX0004075722,0
TX0004075826,0
TX0004075859,0
TX0004075868,0
TX0004075869,0
TX0004075928,0
TX0004075940,0
TX0004075951,0
TX0004076000,0
TX0004076002,0
TX0004076007,0
TX0004076053,0
TX0004076182,0
TX0004076208,0
TX0004076213,0
TX0004076258,0
TX0004076291,0
TX0004076292,0
TX0004076331,0
TX0004076347,0
TX0004076390,0
TX0004076569,0
TX0004076579,0
TX0004076583,0
TX0004076586,0
TX0004076593,0
TX0004076632,0
TX0004076655,0
TX0004076751,0
TX0004076758,0
TX0004076768,0
TX0004076792,0
TX0004076809,0
TX0004076810,0
TX0004076842,0
TX0004076853,0
TX0004076862,0
TX0004076953,0
TX0004076961,0
TX0004076977,0
TX0004076986,0
TX0004076992,0
TX0004077015,0
TX0004077033,0
TX0004077052,0
TX0004077060,0
TX0004077079,0
TX0004077117,0
TX0004077167,0
TX0004077182,0
TX0004077242,0
TX0004077257,0
TX0004077335,0
TX0004077358,0
TX0004077435,0
TX0004077453,0
TX0004077454,0
TX0004077477,0
TX0004077528,0
TX0004077530,0
TX0004077531,0
TX0004077532,0
TX0004077585,0
TX0004077602,0
TX0004077603,0
TX0004077614,0
TX0004077630,0
TX0004077642,0
TX0004077738,0
TX0004077771,0
TX0004077777,0
TX0004077796,0
TX0004077812,0
TX0004077826,0
TX0004077849,0
TX0004077893,0
TX0004077925,0
TX0004077926,0
TX0004077940,0
TX0004077956,0
TX0004077962,0
TX0004078011,0
TX0004078044,0
TX0004078061,0
TX0004078093,0
TX0004078095,0
TX0004078195,0
TX0004078277,0
TX0004078306,0
TX0004078327,0
TX0004078328,0
TX0004078330,0
TX0004078350,0
TX0004078356,0
TX0004078430,0
TX0004078432,0
TX0004078475,0
TX0004078497,0
TX0004078509,0
TX0004078570,0
TX0004078592,0
TX0004078601,0
TX0004078605,0
TX0004078662,0
TX0004078683,0
TX0004078754,0
TX0004078782,0
TX0004078797,0
TX0004078809,0
TX0004078861,0
TX0004069340,0
TX0004069364,0
TX0004069400,0
TX0004069421,0
TX0004069468,0
TX0004069477,0
TX0004069576,0
TX0004069627,0
TX0004069664,0
TX0004069669,0
TX0004069707,0
TX0004069719,0
TX0004069724,0
TX0004069735,0
TX0004069781,0
TX0004069790,0
TX0004069827,0
TX0004069875,0
TX0004069930,0
TX0004070011,0
TX0004070045,0
TX0004070147,0
TX0004070166,0
TX0004070198,0
TX0004070199,0
TX0004070210,0
TX0004070222,0
TX0004070248,0
TX0004070342,0
TX0004070386,0
TX0004070402,0
TX0004070403,0
TX0004070407,0
TX0004070462,0
TX0004070472,0
TX0004070474,0
TX0004070480,0
TX0004070487,0
TX0004070496,0
TX0004070588,0
TX0004070647,0
TX0004070652,0
TX0004070718,0
TX0004070773,0
TX0004070821,0
TX0004070830,0
TX0004070869,0
TX0004070891,0
TX0004070936,0
TX0004070943,0
TX0004070970,0
TX0004071061,0
TX0004071106,0
TX0004071147,0
TX0004071152,0
TX0004071332,0
TX0004071341,0
TX0004071351,0
TX0004071355,0
TX0004071390,0
TX0004071399,0
TX0004071471,0
TX0004071478,0
TX0004071481,0
TX0004071515,0
TX0004071616,0
TX0004071655,0
TX0004071661,0
TX0004071673,0
TX0004071686,0
TX0004071702,0
TX0004071720,0
TX0004071742,0
TX0004071810,0
TX0004071815,0
TX0004071837,0
TX0004071855,0
TX0004071904,0
TX0004071913,0
TX0004071925,0
TX0004071976,0
TX0004071997,0
TX0004072001,0
TX0004072126,0
TX0004072131,0
TX0004072140,0
TX0004072154,0
TX0004072165,0
TX0004072229,0
TX0004072237,0
TX0004072244,0
TX0004072271,0
TX0004072287,0
TX0004072307,0
TX0004072378,0
TX0004072382,0
TX0004072399,0
TX0004072421,0
TX0004072433,0
TX0004072554,0
TX0004072570,0
TX0004072600,0
TX0004072631,0
TX0004072649,0
TX0004072667,0
TX0004072675,0
TX0004072691,0
TX0004072752,0
TX0004072783,0
TX0004072806,0
TX0004072827,0
TX0004072859,0
TX0004072880,0
TX0004072981,0
TX0004073058,0
TX0004073102,0
TX0004073107,0
TX0004073147,0
TX0004073205,0
TX0004073211,0
TX0004073216,0
TX0004073225,0
TX0004073252,0
TX0004073274,0
TX0004073299,0
TX0004073321,0
TX0004073346,0
TX0004073416,0
TX0004073418,0
TX0004073492,0
TX0004073498,0
TX0004073506,0
TX0004073552,0
TX0004073569,0
TX0004073647,0
TX0004073650,0
TX0004073725,0
TX0004073742,0
TX0004073762,0
TX0004073787,0
TX0004073856,0
TX0004073883,0
TX0004073892,0
TX0004073911,0
TX0004073950,0
TX0004073952,0
TX0004073954,0
TX0004074078,0
TX0004074097,0
TX0004074100,0
TX0004074129,0
TX0004074172,0
TX0004074173,0
TX0004074183,0
TX0004074211,0
TX0004074223,0
TX0004074234,0
TX0004074261,0
TX0004074292,0
TX0004074326,0
TX0004074379,0
TX0004074382,0
TX0004074386,0
TX0004074395,0
TX0004074417,0
TX0004074433,0
TX0004074449,0
TX0004074470,0
TX0004074488,0
TX0004074537,0
TX0004074538,0
TX0004074593,0
TX0004074609,0
TX0004074611,0
TX0004074631,0
TX0004074637,0
TX0004074640,0
TX0004074661,0
TX0004074721,0
TX0004074724,0
TX0004074733,0
TX0004074741,0
TX0004074744,0
TX0004074766,0
TX0004074782,0
TX0004074786,0
TX0004074847,0
TX0004074915,0
TX0004074971,0
TX0004074976,0
TX0004075022,0
TX0004075033,0
TX0004075051,0
TX0004075055,0
TX0004075100,0
TX0004075131,0
TX0004075164,0
TX0004075165,0
TX0004075172,0
TX0004075180,0
TX0004075199,0
TX0004075371,0
TX0004075372,0
TX0004075441,0
TX0004075456,0
TX0004075571,0
TX0004075593,0
TX0004075597,0
TX0004075618,0
TX0004075633,0
TX0004075717,0
TX0004075752,0
TX0004075766,0
TX0004075792,0
TX0004075820,0
TX0004075840,0
TX0004076056,0
TX0004076093,0
TX0004076166,0
TX0004076173,0
TX0004076242,0
TX0004076355,0
TX0004076389,0
TX0004076453,0
TX0004076485,0
TX0004076487,0
TX0004076502,0
TX0004076531,0
TX0004076557,0
TX0004076608,0
TX0004076624,0
TX0004076647,0
TX0004076657,0
TX0004076677,0
TX0004076703,0
TX0004076706,0
TX0004076716,0
TX0004076781,0
TX0004076804,0
TX0004076841,0
TX0004076852,0
TX0004076885,0
TX0004076906,0
TX0004076914,0
TX0004076963,0
TX0004077014,0
TX0004077056,0
TX0004077071,0
TX0004077087,0
TX0004077088,0
TX0004077110,0
TX0004077177,0
TX0004077200,0
TX0004077251,0
TX0004077270,0
TX0004077317,0
TX0004077343,0
TX0004077366,0
TX0004077381,0
TX0004077415,0
TX0004077421,0
TX0004077426,0
TX0004077523,0
TX0004077659,0
TX0004077747,0
TX0004077788,0
TX0004077824,0
TX0004077842,0
TX0004077868,0
TX0004077935,0
TX0004077953,0
TX0004077981,0
TX0004078083,0
TX0004078106,0
TX0004078155,0
TX0004078194,0
TX0004078274,0
TX0004078276,0
TX0004078282,0
TX0004078288,0
TX0004078318,0
TX0004078322,0
TX0004078391,0
TX0004078413,0
TX0004078416,0
TX0004078441,0
TX0004078473,0
TX0004078494,0
TX0004078554,0
TX0004078566,0
TX0004078572,0
TX0004078575,0
TX0004078600,0
TX0004078677,0
TX0004078679,0
TX0004078718,0
TX0004078734,0
TX0004078735,0
TX0004078739,0
TX0004078775,0
TX0004078842,0
TX0004078846,0
TX0004078850,0
TX0004078915,0
TX0004078922,0
TX0004078923,0
TX0004078941,0
TX0004078947,0
TX0004078948,0
TX0004078951,0
TX0004078957,0
TX0004069304,0
TX0004069311,0
TX0004069356,0
TX0004069378,0
TX0004069385,0
TX0004069392,0
TX0004069397,0
TX0004069420,0
TX0004069436,0
TX0004069472,0
TX0004069483,0
TX0004069495,0
TX0004069547,0
TX0004069583,0
TX0004069613,0
TX0004069619,0
TX0004069643,0
TX0004069645,0
TX0004069663,0
TX0004069715,0
TX0004069722,0
TX0004069789,0
TX0004069792,0
TX0004069812,0
TX0004069837,0
TX0004069846,0
TX0004069852,0
TX0004069854,0
TX0004069867,0
TX0004069912,0
TX0004069940,0
TX0004069952,0
TX0004069953,0
TX0004069975,0
TX0004069976,0
TX0004070042,0
TX0004070076,0
TX0004070124,0
TX0004070138,0
TX0004070176,0
TX0004070227,0
TX0004070287,0
TX0004070325,0
TX0004070379,0
TX0004070422,0
TX0004070526,0
TX0004070531,0
TX0004070532,0
TX0004070611,0
TX0004070629,0
TX0004070698,0
TX0004070753,0
TX0004070777,0
TX0004070817,0
TX0004070818,0
TX0004070862,0
TX0004070872,0
TX0004070890,0
TX0004070969,0
TX0004070993,0
TX0004071003,0
TX0004071031,0
TX0004071052,0
TX0004071057,0
TX0004071083,0
TX0004071085,0
TX0004071125,0
TX0004071135,0
TX0004071142,0
TX0004071154,0
TX0004071244,0
TX0004071284,0
TX0004071348,0
TX0004071363,0
TX0004071428,0
TX0004071436,0
TX0004071440,0
TX0004071501,0
TX0004071518,0
TX0004071581,0
TX0004071585,0
TX0004071658,0
TX0004071719,0
TX0004071806,0
TX0004071822,0
TX0004071850,0
TX0004071859,0
TX0004071909,0
TX0004071957,0
TX0004071966,0
TX0004072018,0
TX0004072033,0
TX0004072054,0
TX0004072170,0
TX0004072192,0
TX0004072197,0
TX0004072210,0
TX0004072223,0
TX0004072299,0
TX0004072334,0
TX0004072365,0
TX0004072369,0
TX0004072392,0
TX0004072398,0
TX0004072456,0
TX0004072506,0
TX0004072541,0
TX0004072623,0
TX0004072625,0
TX0004072641,0
TX0004072681,0
TX0004072693,0
TX0004072695,0
TX0004072713,0
TX0004072720,0
TX0004072734,0
TX0004072741,0
TX0004072751,0
TX0004072762,0
TX0004072769,0
TX0004072787,0
TX0004072830,0
TX0004072868,0
TX0004072903,0
TX0004072904,0
TX0004072912,0
TX0004072930,0
TX0004072938,0
TX0004072992,0
TX0004073072,0
TX0004073103,0
TX0004073104,0
TX0004073152,0
TX0004073185,0
TX0004073213,0
TX0004073230,0
TX0004073278,0
TX0004073289,0
TX0004073300,0
TX0004073322,0
TX0004073353,0
TX0004073355,0
TX0004073356,0
TX0004073361,0
TX0004073434,0
TX0004073440,0
TX0004073442,0
TX0004073462,0
TX0004073515,0
TX0004073600,0
TX0004073602,0
TX0004073609,0
TX0004073616,0
TX0004073624,0
TX0004073625,0
TX0004073628,0
TX0004073656,0
TX0004073703,0
TX0004073711,0
TX0004073717,0
TX0004073816,0
TX0004073847,0
TX0004073855,0
TX0004073879,0
TX0004073880,0
TX0004073956,0
TX0004073969,0
TX0004073979,0
TX0004074020,0
TX0004074021,0
TX0004074027,0
TX0004074056,0
TX0004074081,0
TX0004074093,0
TX0004074121,0
TX0004074143,0
TX0004074202,0
TX0004074268,0
TX0004074269,0
TX0004074271,0
TX0004074291,0
TX0004074307,0
TX0004074336,0
TX0004074358,0
TX0004074359,0
TX0004074370,0
TX0004074391,0
TX0004074397,0
TX0004074444,0
TX0004074452,0
TX0004074507,0
TX0004074545,0
TX0004074581,0
TX0004074619,0
TX0004074655,0
TX0004074682,0
TX0004074695,0
TX0004074714,0
TX0004074725,0
TX0004074727,0
TX0004074811,0
TX0004074823,0
TX0004074846,0
TX0004074858,0
TX0004074870,0
TX0004075030,0
TX0004075072,0
TX0004075074,0
TX0004075093,0
TX0004075112,0
TX0004075127,0
TX0004075157,0
TX0004075189,0
TX0004075192,0
TX0004075219,0
TX0004075271,0
TX0004075272,0
TX0004075294,0
TX0004075376,0
TX0004075415,0
TX0004075419,0
TX0004075450,0
TX0004075498,0
TX0004075511,0
TX0004075512,0
TX0004075578,0
TX0004075591,0
TX0004075603,0
TX0004075649,0
TX0004075690,0
TX0004075725,0
TX0004075734,0
TX0004075755,0
TX0004075784,0
TX0004075807,0
TX0004075811,0
TX0004075815,0
TX0004075829,0
TX0004075838,0
TX0004075853,0
TX0004075875,0
TX0004075877,0
TX0004075922,0
TX0004075985,0
TX0004076012,0
TX0004076021,0
TX0004076104,0
TX0004076126,0
TX0004076138,0
TX0004076179,0
TX0004076201,0
TX0004076250,0
TX0004076269,0
TX0004076308,0
TX0004076336,0
TX0004076339,0
TX0004076361,0
TX0004076446,0
TX0004076514,0
TX0004076517,0
TX0004076519,0
TX0004076542,0
TX0004076573,0
TX0004076595,0
TX0004076620,0
TX0004076636,0
TX0004076639,0
TX0004076712,0
TX0004076734,0
TX0004076920,0
TX0004076922,0
TX0004076945,0
TX0004077049,0
TX0004077050,0
TX0004077074,0
TX0004077142,0
TX0004077165,0
TX0004077255,0
TX0004077263,0
TX0004077357,0
TX0004077398,0
TX0004077411,0
TX0004077442,0
TX0004077474,0
TX0004077516,0
TX0004077573,0
TX0004077576,0
TX0004077620,0
TX0004077627,0
TX0004077648,0
TX0004077657,0
TX0004077699,0
TX0004077728,0
TX0004077732,0
TX0004077765,0
TX0004077800,0
TX0004077802,0
TX0004077974,0
TX0004078087,0
TX0004078133,0
TX0004078242,0
TX0004078262,0
TX0004078311,0
TX0004078365,0
TX0004078451,0
TX0004078489,0
TX0004078517,0
TX0004078526,0
TX0004078558,0
TX0004078583,0
TX0004078594,0
TX0004078619,0
TX0004078691,0
TX0004078693,0
TX0004078702,0
TX0004078716,0
TX0004078726,0
TX0004078755,0
TX0004078808,0
TX0004078847,0
TX0004078896,0
TX0004078906,0
TX0004078913,0
TX0004069312,0
TX0004069328,0
TX0004069362,0
TX0004069390,0
TX0004069416,0
TX0004069432,0
TX0004069453,0
TX0004069480,0
TX0004069492,0
TX0004069549,0
TX0004069570,0
TX0004069591,0
TX0004069629,0
TX0004069635,0
TX0004069682,0
TX0004069698,0
TX0004069708,0
TX0004069725,0
TX0004069761,0
TX0004069764,0
TX0004069784,0
TX0004069786,0
TX0004069787,0
TX0004069825,0
TX0004069828,0
TX0004069840,0
TX0004069860,0
TX0004069915,0
TX0004069999,0
TX0004070025,0
TX0004070052,0
TX0004070067,0
TX0004070117,0
TX0004070163,0
TX0004070174,0
TX0004070219,0
TX0004070252,0
TX0004070253,0
TX0004070292,0
TX0004070304,0
TX0004070317,0
TX0004070337,0
TX0004070338,0
TX0004070382,0
TX0004070383,0
TX0004070393,0
TX0004070396,0
TX0004070417,0
TX0004070440,0
TX0004070533,0
TX0004070536,0
TX0004070568,0
TX0004070573,0
TX0004070579,0
TX0004070604,0
TX0004070628,0
TX0004070631,0
TX0004070726,0
TX0004070761,0
TX0004070780,0
TX0004070802,0
TX0004070814,0
TX0004070886,0
TX0004070975,0
TX0004071023,0
TX0004071044,0
TX0004071068,0
TX0004071117,0
TX0004071176,0
TX0004071194,0
TX0004071224,0
TX0004071239,0
TX0004071269,0
TX0004071294,0
TX0004071385,0
TX0004071412,0
TX0004071421,0
TX0004071441,0
TX0004071446,0
TX0004071458,0
TX0004071459,0
TX0004071482,0
TX0004071542,0
TX0004071589,0
TX0004071626,0
TX0004071633,0
TX0004071747,0
TX0004071852,0
TX0004071862,0
TX0004071897,0
TX0004071905,0
TX0004071975,0
TX0004071995,0
TX0004072016,0
TX0004072017,0
TX0004072098,0
TX0004072125,0
TX0004072145,0
TX0004072147,0
TX0004072157,0
TX0004072199,0
TX0004072214,0
TX0004072242,0
TX0004072269,0
TX0004072273,0
TX0004072305,0
TX0004072320,0
TX0004072335,0
TX0004072350,0
TX0004072408,0
TX0004072507,0
TX0004072658,0
TX0004072725,0
TX0004072755,0
TX0004072780,0
TX0004072809,0
TX0004072812,0
TX0004072828,0
TX0004072853,0
TX0004072867,0
TX0004072882,0
TX0004072905,0
TX0004072906,0
TX0004072913,0
TX0004072987,0
TX0004073052,0
TX0004073055,0
TX0004073057,0
TX0004073099,0
TX0004073100,0
TX0004073111,0
TX0004073165,0
TX0004073195,0
TX0004073209,0
TX0004073261,0
TX0004073283,0
TX0004073293,0
TX0004073340,0
TX0004073359,0
TX0004073392,0
TX0004073505,0
TX0004073507,0
TX0004073524,0
TX0004073532,0
TX0004073544,0
TX0004073577,0
TX0004073592,0
TX0004073689,0
TX0004073729,0
TX0004073754,0
TX0004073776,0
TX0004073791,0
TX0004073877,0
TX0004073878,0
TX0004073908,0
TX0004073939,0
TX0004073959,0
TX0004073976,0
TX0004073986,0
TX0004073987,0
TX0004073999,0
TX0004074043,0
TX0004074099,0
TX0004074160,0
TX0004074186,0
TX0004074294,0
TX0004074331,0
TX0004074411,0
TX0004074418,0
TX0004074454,0
TX0004074486,0
TX0004074503,0
TX0004074519,0
TX0004074677,0
TX0004074703,0
TX0004074706,0
TX0004074709,0
TX0004074723,0
TX0004074765,0
TX0004074789,0
TX0004074841,0
TX0004074872,0
TX0004074920,0
TX0004074927,0
TX0004074932,0
TX0004075027,0
TX0004075038,0
TX0004075067,0
TX0004075076,0
TX0004075082,0
TX0004075098,0
TX0004075126,0
TX0004075148,0
TX0004075159,0
TX0004075186,0
TX0004075247,0
TX0004075292,0
TX0004075351,0
TX0004075366,0
TX0004075374,0
TX0004075394,0
TX0004075448,0
TX0004075469,0
TX0004075482,0
TX0004075486,0
TX0004075503,0
TX0004075516,0
TX0004075552,0
TX0004075587,0
TX0004075635,0
TX0004075671,0
TX0004075706,0
TX0004075761,0
TX0004075770,0
TX0004075772,0
TX0004075796,0
TX0004075843,0
TX0004075844,0
TX0004075896,0
TX0004075900,0
TX0004075924,0
TX0004075933,0
TX0004075938,0
TX0004075998,0
TX0004076016,0
TX0004076030,0
TX0004076163,0
TX0004076164,0
TX0004076184,0
TX0004076185,0
TX0004076216,0
TX0004076249,0
TX0004076276,0
TX0004076277,0
TX0004076363,0
TX0004076379,0
TX0004076382,0
TX0004076406,0
TX0004076450,0
TX0004076568,0
TX0004076635,0
TX0004076640,0
TX0004076662,0
TX0004076673,0
TX0004076687,0
TX0004076688,0
TX0004076704,0
TX0004076714,0
TX0004076802,0
TX0004076813,0
TX0004076817,0
TX0004076819,0
TX0004076859,0
TX0004076861,0
TX0004076869,0
TX0004076874,0
TX0004076877,0
TX0004076946,0
TX0004076958,0
TX0004076976,0
TX0004076980,0
TX0004076984,0
TX0004076990,0
TX0004077032,0
TX0004077037,0
TX0004077059,0
TX0004077077,0
TX0004077086,0
TX0004077091,0
TX0004077098,0
TX0004077140,0
TX0004077306,0
TX0004077408,0
TX0004077444,0
TX0004077446,0
TX0004077495,0
TX0004077505,0
TX0004077537,0
TX0004077547,0
TX0004077558,0
TX0004077560,0
TX0004077563,0
TX0004077566,0
TX0004077582,0
TX0004077613,0
TX0004077636,0
TX0004077735,0
TX0004077817,0
TX0004077839,0
TX0004077872,0
TX0004077888,0
TX0004077920,0
TX0004077946,0
TX0004077963,0
TX0004077964,0
TX0004077994,0
TX0004078032,0
TX0004078056,0
TX0004078076,0
TX0004078128,0
TX0004078134,0
TX0004078156,0
TX0004078188,0
TX0004078219,0
TX0004078236,0
TX0004078286,0
TX0004078319,0
TX0004078326,0
TX0004078344,0
TX0004078377,0
TX0004078442,0
TX0004078446,0
TX0004078450,0
TX0004078581,0
TX0004078595,0
TX0004078596,0
TX0004078638,0
TX0004078695,0
TX0004078703,0
TX0004078737,0
TX0004078751,0
TX0004078752,0
TX0004078759,0
TX0004078806,0
TX0004078818,0
TX0004078837,0
TX0004078844,0
TX0004078933,0
TX0004069320,0
TX0004069479,0
TX0004069497,0
TX0004069512,0
TX0004069534,0
TX0004069578,0
TX0004069611,0
TX0004069621,0
TX0004069654,0
TX0004069656,0
TX0004069704,0
TX0004069728,0
TX0004069788,0
TX0004069858,0
TX0004069882,0
TX0004069895,0
TX0004069913,0
TX0004069929,0
TX0004069962,0
TX0004069988,0
TX0004070017,0
TX0004070018,0
TX0004070035,0
TX0004070073,0
TX0004070093,0
TX0004070102,0
TX0004070149,0
TX0004070181,0
TX0004070290,0
TX0004070339,0
TX0004070358,0
TX0004070373,0
TX0004070385,0
TX0004070419,0
TX0004070479,0
TX0004070495,0
TX0004070516,0
TX0004070538,0
TX0004070571,0
TX0004070690,0
TX0004070710,0
TX0004070722,0
TX0004070755,0
TX0004070769,0
TX0004070810,0
TX0004070885,0
TX0004070894,0
TX0004070899,0
TX0004070928,0
TX0004070971,0
TX0004071288,0
TX0004071324,0
TX0004071367,0
TX0004071372,0
TX0004071376,0
TX0004071377,0
TX0004071418,0
TX0004071439,0
TX0004071447,0
TX0004071475,0
TX0004071503,0
TX0004071507,0
TX0004071536,0
TX0004071544,0
TX0004071545,0
TX0004071583,0
TX0004071613,0
TX0004071623,0
TX0004071664,0
TX0004071685,0
TX0004071687,0
TX0004071694,0
TX0004071732,0
TX0004071741,0
TX0004071759,0
TX0004071792,0
TX0004071797,0
TX0004071812,0
TX0004071848,0
TX0004071857,0
TX0004071875,0
TX0004071899,0
TX0004071932,0
TX0004071973,0
TX0004071984,0
TX0004072035,0
TX0004072041,0
TX0004072047,0
TX0004072051,0
TX0004072146,0
TX0004072153,0
TX0004072226,0
TX0004072293,0
TX0004072311,0
TX0004072396,0
TX0004072407,0
TX0004072478,0
TX0004072481,0
TX0004072490,0
TX0004072497,0
TX0004072538,0
TX0004072567,0
TX0004072592,0
TX0004072599,0
TX0004072646,0
TX0004072721,0
TX0004072730,0
TX0004072760,0
TX0004072789,0
TX0004072811,0
TX0004072839,0
TX0004072894,0
TX0004072908,0
TX0004072923,0
TX0004072928,0
TX0004072934,0
TX0004072964,0
TX0004072967,0
TX0004073005,0
TX0004073011,0
TX0004073015,0
TX0004073018,0
TX0004073071,0
TX0004073090,0
TX0004073129,0
TX0004073163,0
TX0004073265,0
TX0004073301,0
TX0004073330,0
TX0004073331,0
TX0004073378,0
TX0004073387,0
TX0004073394,0
TX0004073414,0
TX0004073480,0
TX0004073489,0
TX0004073493,0
TX0004073528,0
TX0004073593,0
TX0004073686,0
TX0004073698,0
TX0004073786,0
TX0004073795,0
TX0004073826,0
TX0004073851,0
TX0004073891,0
TX0004073928,0
TX0004073971,0
TX0004073995,0
TX0004074004,0
TX0004074006,0
TX0004074010,0
TX0004074053,0
TX0004074086,0
TX0004074263,0
TX0004074333,0
TX0004074355,0
TX0004074357,0
TX0004074390,0
TX0004074480,0
TX0004074487,0
TX0004074566,0
TX0004074629,0
TX0004074635,0
TX0004074666,0
TX0004074667,0
TX0004074697,0
TX0004074904,0
TX0004074925,0
TX0004074937,0
TX0004074995,0
TX0004075106,0
TX0004075110,0
TX0004075193,0
TX0004075253,0
TX0004075254,0
TX0004075290,0
TX0004075298,0
TX0004075304,0
TX0004075320,0
TX0004075321,0
TX0004075336,0
TX0004075340,0
TX0004075392,0
TX0004075405,0
TX0004075492,0
TX0004075495,0
TX0004075542,0
TX0004075604,0
TX0004075605,0
TX0004075609,0
TX0004075614,0
TX0004075627,0
TX0004075638,0
TX0004075643,0
TX0004075660,0
TX0004075677,0
TX0004075682,0
TX0004075714,0
TX0004075727,0
TX0004075729,0
TX0004075802,0
TX0004075805,0
TX0004075904,0
TX0004075907,0
TX0004075908,0
TX0004075936,0
TX0004075949,0
TX0004075957,0
TX0004075968,0
TX0004075971,0
TX0004075990,0
TX0004076020,0
TX0004076040,0
TX0004076068,0
TX0004076078,0
TX0004076090,0
TX0004076102,0
TX0004076151,0
TX0004076225,0
TX0004076247,0
TX0004076255,0
TX0004076283,0
TX0004076318,0
TX0004076329,0
TX0004076374,0
TX0004076380,0
TX0004076405,0
TX0004076408,0
TX0004076494,0
TX0004076543,0
TX0004076563,0
TX0004076571,0
TX0004076596,0
TX0004076625,0
TX0004076664,0
TX0004076702,0
TX0004076800,0
TX0004076815,0
TX0004076858,0
TX0004076918,0
TX0004076931,0
TX0004076938,0
TX0004076957,0
TX0004076960,0
TX0004076998,0
TX0004077011,0
TX0004077036,0
TX0004077055,0
TX0004077108,0
TX0004077137,0
TX0004077181,0
TX0004077209,0
TX0004077283,0
TX0004077344,0
TX0004077345,0
TX0004077383,0
TX0004077412,0
TX0004077448,0
TX0004077459,0
TX0004077465,0
TX0004077491,0
TX0004077539,0
TX0004077540,0
TX0004077557,0
TX0004077606,0
TX0004077623,0
TX0004077633,0
TX0004077641,0
TX0004077647,0
TX0004077651,0
TX0004077665,0
TX0004077666,0
TX0004077682,0
TX0004077687,0
TX0004077923,0
TX0004077924,0
TX0004077932,0
TX0004077982,0
TX0004077986,0
TX0004078006,0
TX0004078026,0
TX0004078050,0
TX0004078063,0
TX0004078131,0
TX0004078258,0
TX0004078333,0
TX0004078370,0
TX0004078371,0
TX0004078372,0
TX0004078381,0
TX0004078403,0
TX0004078420,0
TX0004078431,0
TX0004078456,0
TX0004078487,0
TX0004078532,0
TX0004078546,0
TX0004078550,0
TX0004078666,0
TX0004078672,0
TX0004078707,0
TX0004078722,0
TX0004078774,0
TX0004078788,0
TX0004078857,0
TX0004078892,0
TX0004078898,0
TX0004078931,0
TX0004069310,0
TX0004069338,0
TX0004069398,0
TX0004069417,0
TX0004069465,0
TX0004069467,0
TX0004069485,0
TX0004069488,0
TX0004069523,0
TX0004069537,0
TX0004069579,0
TX0004069596,0
TX0004069606,0
TX0004069631,0
TX0004069644,0
TX0004069651,0
TX0004069666,0
TX0004069690,0
TX0004069746,0
TX0004069774,0
TX0004069847,0
TX0004069932,0
TX0004070021,0
TX0004070037,0
TX0004070099,0
TX0004070100,0
TX0004070123,0
TX0004070145,0
TX0004070162,0
TX0004070180,0
TX0004070203,0
TX0004070205,0
TX0004070228,0
TX0004070229,0
TX0004070296,0
TX0004070343,0
TX0004070354,0
TX0004070357,0
TX0004070374,0
TX0004070465,0
TX0004070466,0
TX0004070468,0
TX0004070502,0
TX0004070668,0
TX0004070669,0
TX0004070763,0
TX0004070775,0
TX0004070861,0
TX0004070868,0
TX0004070874,0
TX0004070919,0
TX0004070933,0
TX0004070942,0
TX0004070972,0
TX0004070977,0
TX0004071027,0
TX0004071116,0
TX0004071124,0
TX0004071149,0
TX0004071172,0
TX0004071193,0
TX0004071227,0
TX0004071248,0
TX0004071249,0
TX0004071268,0
TX0004071287,0
TX0004071325,0
TX0004071366,0
TX0004071387,0
TX0004071430,0
TX0004071442,0
TX0004071468,0
TX0004071502,0
TX0004071534,0
TX0004071535,0
TX0004071538,0
TX0004071539,0
TX0004071621,0
TX0004071721,0
TX0004071774,0
TX0004071894,0
TX0004071917,0
TX0004071933,0
TX0004071964,0
TX0004072005,0
TX0004072036,0
TX0004072096,0
TX0004072113,0
TX0004072187,0
TX0004072216,0
TX0004072240,0
TX0004072246,0
TX0004072279,0
TX0004072284,0
TX0004072310,0
TX0004072326,0
TX0004072390,0
TX0004072412,0
TX0004072414,0
TX0004072453,0
TX0004072468,0
TX0004072469,0
TX0004072501,0
TX0004072502,0
TX0004072548,0
TX0004072559,0
TX0004072561,0
TX0004072574,0
TX0004072582,0
TX0004072584,0
TX0004072622,0
TX0004072634,0
TX0004072636,0
TX0004072682,0
TX0004072757,0
TX0004072765,0
TX0004072781,0
TX0004072784,0
TX0004072804,0
TX0004072814,0
TX0004072843,0
TX0004072939,0
TX0004072948,0
TX0004072965,0
TX0004072982,0
TX0004073006,0
TX0004073123,0
TX0004073139,0
TX0004073203,0
TX0004073210,0
TX0004073234,0
TX0004073249,0
TX0004073260,0
TX0004073281,0
TX0004073327,0
TX0004073339,0
TX0004073364,0
TX0004073382,0
TX0004073396,0
TX0004073457,0
TX0004073465,0
TX0004073469,0
TX0004073501,0
TX0004073503,0
TX0004073535,0
TX0004073623,0
TX0004073626,0
TX0004073676,0
TX0004073700,0
TX0004073720,0
TX0004073743,0
TX0004073789,0
TX0004073801,0
TX0004073811,0
TX0004073817,0
TX0004073822,0
TX0004073823,0
TX0004073853,0
TX0004073858,0
TX0004073886,0
TX0004073894,0
TX0004073910,0
TX0004073917,0
TX0004073918,0
TX0004073932,0
TX0004073936,0
TX0004073947,0
TX0004074034,0
TX0004074062,0
TX0004074104,0
TX0004074118,0
TX0004074135,0
TX0004074168,0
TX0004074208,0
TX0004074241,0
TX0004074276,0
TX0004074282,0
TX0004074283,0
TX0004074329,0
TX0004074356,0
TX0004074406,0
TX0004074428,0
TX0004074430,0
TX0004074432,0
TX0004074443,0
TX0004074453,0
TX0004074517,0
TX0004074518,0
TX0004074547,0
TX0004074550,0
TX0004074562,0
TX0004074564,0
TX0004074575,0
TX0004074673,0
TX0004074687,0
TX0004074705,0
TX0004074707,0
TX0004074797,0
TX0004074853,0
TX0004074863,0
TX0004074866,0
TX0004074871,0
TX0004074882,0
TX0004075020,0
TX0004075059,0
TX0004075103,0
TX0004075146,0
TX0004075150,0
TX0004075171,0
TX0004075191,0
TX0004075204,0
TX0004075205,0
TX0004075220,0
TX0004075221,0
TX0004075223,0
TX0004075262,0
TX0004075339,0
TX0004075343,0
TX0004075389,0
TX0004075391,0
TX0004075490,0
TX0004075514,0
TX0004075596,0
TX0004075606,0
TX0004075623,0
TX0004075645,0
TX0004075685,0
TX0004075751,0
TX0004075757,0
TX0004075780,0
TX0004075832,0
TX0004075866,0
TX0004075893,0
TX0004075918,0
TX0004075941,0
TX0004075945,0
TX0004076079,0
TX0004076128,0
TX0004076157,0
TX0004076209,0
TX0004076218,0
TX0004076297,0
TX0004076324,0
TX0004076348,0
TX0004076352,0
TX0004076377,0
TX0004076411,0
TX0004076413,0
TX0004076458,0
TX0004076504,0
TX0004076516,0
TX0004076523,0
TX0004076525,0
TX0004076530,0
TX0004076548,0
TX0004076566,0
TX0004076597,0
TX0004076613,0
TX0004076616,0
TX0004076641,0
TX0004076663,0
TX0004076674,0
TX0004076684,0
TX0004076741,0
TX0004076750,0
TX0004076764,0
TX0004076784,0
TX0004076948,0
TX0004076954,0
TX0004077100,0
TX0004077116,0
TX0004077123,0
TX0004077150,0
TX0004077184,0
TX0004077214,0
TX0004077223,0
TX0004077291,0
TX0004077363,0
TX0004077467,0
TX0004077473,0
TX0004077508,0
TX0004077525,0
TX0004077553,0
TX0004077643,0
TX0004077654,0
TX0004077673,0
TX0004077695,0
TX0004077773,0
TX0004077781,0
TX0004077833,0
TX0004077896,0
TX0004077897,0
TX0004077929,0
TX0004077949,0
TX0004077950,0
TX0004078039,0
TX0004078058,0
TX0004078069,0
TX0004078137,0
TX0004078165,0
TX0004078202,0
TX0004078222,0
TX0004078281,0
TX0004078310,0
TX0004078315,0
TX0004078317,0
TX0004078325,0
TX0004078341,0
TX0004078360,0
TX0004078361,0
TX0004078397,0
TX0004078483,0
TX0004078498,0
TX0004078561,0
TX0004078564,0
TX0004078578,0
TX0004078606,0
TX0004078644,0
TX0004078664,0
TX0004078670,0
TX0004078712,0
TX0004078764,0
TX0004078773,0
TX0004078780,0
TX0004078804,0
TX0004078816,0
TX0004078838,0
TX0004078918,0
TX0004069341,0
TX0004069352,0
TX0004069357,0
TX0004069391,0
TX0004069394,0
TX0004069403,0
TX0004069413,0
TX0004069430,0
TX0004069435,0
TX0004069494,0
TX0004069513,0
TX0004069562,0
TX0004069582,0
TX0004069584,0
TX0004069595,0
TX0004069642,0
TX0004069646,0
TX0004069665,0
TX0004069691,0
TX0004069806,0
TX0004069971,0
TX0004070004,0
TX0004070014,0
TX0004070038,0
TX0004070046,0
TX0004070070,0
TX0004070077,0
TX0004070114,0
TX0004070158,0
TX0004070167,0
TX0004070171,0
TX0004070186,0
TX0004070188,0
TX0004070212,0
TX0004070280,0
TX0004070315,0
TX0004070353,0
TX0004070434,0
TX0004070443,0
TX0004070463,0
TX0004070464,0
TX0004070467,0
TX0004070492,0
TX0004070514,0
TX0004070548,0
TX0004070620,0
TX0004070671,0
TX0004070679,0
TX0004070680,0
TX0004070707,0
TX0004070711,0
TX0004070734,0
TX0004070785,0
TX0004070787,0
TX0004070807,0
TX0004070825,0
TX0004070834,0
TX0004070838,0
TX0004070896,0
TX0004070908,0
TX0004070918,0
TX0004070926,0
TX0004070930,0
TX0004070973,0
TX0004070996,0
TX0004071015,0
TX0004071074,0
TX0004071101,0
TX0004071105,0
TX0004071128,0
TX0004071160,0
TX0004071195,0
TX0004071208,0
TX0004071223,0
TX0004071235,0
TX0004071307,0
TX0004071311,0
TX0004071317,0
TX0004071333,0
TX0004071352,0
TX0004071365,0
TX0004071375,0
TX0004071445,0
TX0004071466,0
TX0004071487,0
TX0004071494,0
TX0004071533,0
TX0004071565,0
TX0004071579,0
TX0004071584,0
TX0004071650,0
TX0004071680,0
TX0004071683,0
TX0004071701,0
TX0004071728,0
TX0004071754,0
TX0004071786,0
TX0004071799,0
TX0004071800,0
TX0004071805,0
TX0004071830,0
TX0004071861,0
TX0004071906,0
TX0004071910,0
TX0004071959,0
TX0004072019,0
TX0004072023,0
TX0004072034,0
TX0004072099,0
TX0004072108,0
TX0004072112,0
TX0004072138,0
TX0004072148,0
TX0004072162,0
TX0004072169,0
TX0004072176,0
TX0004072177,0
TX0004072182,0
TX0004072212,0
TX0004072219,0
TX0004072259,0
TX0004072276,0
TX0004072278,0
TX0004072302,0
TX0004072343,0
TX0004072362,0
TX0004072445,0
TX0004072466,0
TX0004072519,0
TX0004072550,0
TX0004072577,0
TX0004072626,0
TX0004072660,0
TX0004072665,0
TX0004072716,0
TX0004072747,0
TX0004072803,0
TX0004072856,0
TX0004072874,0
TX0004072951,0
TX0004072952,0
TX0004072953,0
TX0004072990,0
TX0004073091,0
TX0004073141,0
TX0004073191,0
TX0004073226,0
TX0004073325,0
TX0004073373,0
TX0004073385,0
TX0004073433,0
TX0004073439,0
TX0004073452,0
TX0004073481,0
TX0004073486,0
TX0004073521,0
TX0004073539,0
TX0004073551,0
TX0004073576,0
TX0004073586,0
TX0004073661,0
TX0004073670,0
TX0004073733,0
TX0004073807,0
TX0004073835,0
TX0004073953,0
TX0004073994,0
TX0004074018,0
TX0004074022,0
TX0004074048,0
TX0004074069,0
TX0004074074,0
TX0004074152,0
TX0004074154,0
TX0004074201,0
TX0004074227,0
TX0004074235,0
TX0004074273,0
TX0004074313,0
TX0004074341,0
TX0004074374,0
TX0004074401,0
TX0004074440,0
TX0004074515,0
TX0004074530,0
TX0004074554,0
TX0004074586,0
TX0004074620,0
TX0004074671,0
TX0004074678,0
TX0004074689,0
TX0004074698,0
TX0004074711,0
TX0004074753,0
TX0004074760,0
TX0004074769,0
TX0004074771,0
TX0004074824,0
TX0004074836,0
TX0004074837,0
TX0004074924,0
TX0004075007,0
TX0004075058,0
TX0004075083,0
TX0004075156,0
TX0004075181,0
TX0004075214,0
TX0004075233,0
TX0004075234,0
TX0004075237,0
TX0004075243,0
TX0004075268,0
TX0004075269,0
TX0004075289,0
TX0004075295,0
TX0004075308,0
TX0004075310,0
TX0004075319,0
TX0004075332,0
TX0004075360,0
TX0004075390,0
TX0004075408,0
TX0004075414,0
TX0004075470,0
TX0004075481,0
TX0004075509,0
TX0004075510,0
TX0004075530,0
TX0004075531,0
TX0004075564,0
TX0004075566,0
TX0004075595,0
TX0004075615,0
TX0004075663,0
TX0004075676,0
TX0004075699,0
TX0004075704,0
TX0004075728,0
TX0004075750,0
TX0004075754,0
TX0004075768,0
TX0004075795,0
TX0004075836,0
TX0004075847,0
TX0004075884,0
TX0004075885,0
TX0004075915,0
TX0004075991,0
TX0004075999,0
TX0004076010,0
TX0004076084,0
TX0004076132,0
TX0004076204,0
TX0004076274,0
TX0004076328,0
TX0004076342,0
TX0004076350,0
TX0004076357,0
TX0004076498,0
TX0004076499,0
TX0004076511,0
TX0004076546,0
TX0004076601,0
TX0004076629,0
TX0004076646,0
TX0004076665,0
TX0004076699,0
TX0004076700,0
TX0004076725,0
TX0004076728,0
TX0004076731,0
TX0004076743,0
TX0004076806,0
TX0004076811,0
TX0004076830,0
TX0004076854,0
TX0004076892,0
TX0004076909,0
TX0004076928,0
TX0004076940,0
TX0004076942,0
TX0004076974,0
TX0004077000,0
TX0004077002,0
TX0004077013,0
TX0004077017,0
TX0004077039,0
TX0004077047,0
TX0004077075,0
TX0004077076,0
TX0004077085,0
TX0004077089,0
TX0004077114,0
TX0004077118,0
TX0004077141,0
TX0004077144,0
TX0004077145,0
TX0004077246,0
TX0004077405,0
TX0004077432,0
TX0004077464,0
TX0004077469,0
TX0004077498,0
TX0004077499,0
TX0004077509,0
TX0004077513,0
TX0004077541,0
TX0004077604,0
TX0004077605,0
TX0004077610,0
TX0004077628,0
TX0004077714,0
TX0004077737,0
TX0004077784,0
TX0004077801,0
TX0004077805,0
TX0004077848,0
TX0004077854,0
TX0004077905,0
TX0004078052,0
TX0004078064,0
TX0004078108,0
TX0004078125,0
TX0004078145,0
TX0004078161,0
TX0004078170,0
TX0004078228,0
TX0004078254,0
TX0004078307,0
TX0004078351,0
TX0004078354,0
TX0004078364,0
TX0004078414,0
TX0004078460,0
TX0004078464,0
TX0004078465,0
TX0004078480,0
TX0004078545,0
TX0004078548,0
TX0004078556,0
TX0004078563,0
TX0004078602,0
TX0004078625,0
TX0004078630,0
TX0004078658,0
TX0004078659,0
TX0004078724,0
TX0004078793,0
TX0004078831,0
TX0004078934,0
TX0004078953,0
TX0004069344,0
TX0004069371,0
TX0004069410,0
TX0004069439,0
TX0004069476,0
TX0004069558,0
TX0004069585,0
TX0004069658,0
TX0004069697,0
TX0004069808,0
TX0004069851,0
TX0004069861,0
TX0004069868,0
TX0004069896,0
TX0004069958,0
TX0004069998,0
TX0004070023,0
TX0004070060,0
TX0004070079,0
TX0004070084,0
TX0004070085,0
TX0004070129,0
TX0004070237,0
TX0004070246,0
TX0004070247,0
TX0004070302,0
TX0004070336,0
TX0004070340,0
TX0004070366,0
TX0004070401,0
TX0004070415,0
TX0004070420,0
TX0004070427,0
TX0004070438,0
TX0004070444,0
TX0004070477,0
TX0004070493,0
TX0004070520,0
TX0004070587,0
TX0004070610,0
TX0004070721,0
TX0004070772,0
TX0004070801,0
TX0004070840,0
TX0004070855,0
TX0004070863,0
TX0004070879,0
TX0004070916,0
TX0004070921,0
TX0004070922,0
TX0004070923,0
TX0004070937,0
TX0004070982,0
TX0004071006,0
TX0004071018,0
TX0004071070,0
TX0004071071,0
TX0004071127,0
TX0004071162,0
TX0004071279,0
TX0004071362,0
TX0004071413,0
TX0004071435,0
TX0004071454,0
TX0004071485,0
TX0004071488,0
TX0004071561,0
TX0004071597,0
TX0004071608,0
TX0004071612,0
TX0004071639,0
TX0004071663,0
TX0004071684,0
TX0004071789,0
TX0004071814,0
TX0004071854,0
TX0004071871,0
TX0004071967,0
TX0004072075,0
TX0004072095,0
TX0004072134,0
TX0004072173,0
TX0004072198,0
TX0004072230,0
TX0004072231,0
TX0004072232,0
TX0004072249,0
TX0004072281,0
TX0004072298,0
TX0004072328,0
TX0004072344,0
TX0004072346,0
TX0004072356,0
TX0004072372,0
TX0004072384,0
TX0004072394,0
TX0004072395,0
TX0004072438,0
TX0004072451,0
TX0004072509,0
TX0004072520,0
TX0004072521,0
TX0004072525,0
TX0004072564,0
TX0004072565,0
TX0004072679,0
TX0004072706,0
TX0004072712,0
TX0004072779,0
TX0004072808,0
TX0004072825,0
TX0004072838,0
TX0004072858,0
TX0004072877,0
TX0004072929,0
TX0004072941,0
TX0004072969,0
TX0004073016,0
TX0004073029,0
TX0004073037,0
TX0004073053,0
TX0004073066,0
TX0004073074,0
TX0004073095,0
TX0004073172,0
TX0004073179,0
TX0004073187,0
TX0004073232,0
TX0004073247,0
TX0004073250,0
TX0004073251,0
TX0004073277,0
TX0004073282,0
TX0004073287,0
TX0004073296,0
TX0004073312,0
TX0004073326,0
TX0004073459,0
TX0004073519,0
TX0004073548,0
TX0004073596,0
TX0004073601,0
TX0004073606,0
TX0004073635,0
TX0004073639,0
TX0004073641,0
TX0004073654,0
TX0004073712,0
TX0004073803,0
TX0004073812,0
TX0004073837,0
TX0004073885,0
TX0004073921,0
TX0004073982,0
TX0004073993,0
TX0004073996,0
TX0004074000,0
TX0004074008,0
TX0004074015,0
TX0004074037,0
TX0004074149,0
TX0004074156,0
TX0004074193,0
TX0004074258,0
TX0004074396,0
TX0004074416,0
TX0004074420,0
TX0004074421,0
TX0004074462,0
TX0004074463,0
TX0004074474,0
TX0004074475,0
TX0004074479,0
TX0004074482,0
TX0004074489,0
TX0004074496,0
TX0004074522,0
TX0004074559,0
TX0004074565,0
TX0004074573,0
TX0004074604,0
TX0004074605,0
TX0004074685,0
TX0004074803,0
TX0004074808,0
TX0004074859,0
TX0004074867,0
TX0004074883,0
TX0004074888,0
TX0004074893,0
TX0004074902,0
TX0004074909,0
TX0004074910,0
TX0004074919,0
TX0004074952,0
TX0004074955,0
TX0004074994,0
TX0004075032,0
TX0004075036,0
TX0004075056,0
TX0004075091,0
TX0004075108,0
TX0004075122,0
TX0004075135,0
TX0004075142,0
TX0004075226,0
TX0004075324,0
TX0004075348,0
TX0004075416,0
TX0004075443,0
TX0004075446,0
TX0004075494,0
TX0004075528,0
TX0004075545,0
TX0004075594,0
TX0004075612,0
TX0004075616,0
TX0004075641,0
TX0004075654,0
TX0004075666,0
TX0004075695,0
TX0004075701,0
TX0004075708,0
TX0004075741,0
TX0004075744,0
TX0004075804,0
TX0004075831,0
TX0004075882,0
TX0004075910,0
TX0004075932,0
TX0004075935,0
TX0004076001,0
TX0004076026,0
TX0004076046,0
TX0004076061,0
TX0004076066,0
TX0004076067,0
TX0004076089,0
TX0004076116,0
TX0004076129,0
TX0004076158,0
TX0004076165,0
TX0004076191,0
TX0004076206,0
TX0004076273,0
TX0004076290,0
TX0004076327,0
TX0004076343,0
TX0004076354,0
TX0004076368,0
TX0004076369,0
TX0004076381,0
TX0004076388,0
TX0004076402,0
TX0004076412,0
TX0004076425,0
TX0004076427,0
TX0004076456,0
TX0004076469,0
TX0004076481,0
TX0004076500,0
TX0004076544,0
TX0004076575,0
TX0004076581,0
TX0004076611,0
TX0004076627,0
TX0004076630,0
TX0004076678,0
TX0004076715,0
TX0004076840,0
TX0004076868,0
TX0004076876,0
TX0004076897,0
TX0004077001,0
TX0004077020,0
TX0004077041,0
TX0004077048,0
TX0004077083,0
TX0004077101,0
TX0004077134,0
TX0004077138,0
TX0004077151,0
TX0004077172,0
TX0004077196,0
TX0004077208,0
TX0004077232,0
TX0004077265,0
TX0004077268,0
TX0004077273,0
TX0004077298,0
TX0004077313,0
TX0004077353,0
TX0004077369,0
TX0004077379,0
TX0004077394,0
TX0004077429,0
TX0004077431,0
TX0004077433,0
TX0004077484,0
TX0004077554,0
TX0004077571,0
TX0004077579,0
TX0004077612,0
TX0004077616,0
TX0004077669,0
TX0004077727,0
TX0004077733,0
TX0004077734,0
TX0004077767,0
TX0004077776,0
TX0004077795,0
TX0004077829,0
TX0004077845,0
TX0004077856,0
TX0004077881,0
TX0004077885,0
TX0004077941,0
TX0004077966,0
TX0004077972,0
TX0004077976,0
TX0004077987,0
TX0004078085,0
TX0004078094,0
TX0004078136,0
TX0004078148,0
TX0004078230,0
TX0004078245,0
TX0004078268,0
TX0004078273,0
TX0004078303,0
TX0004078343,0
TX0004078388,0
TX0004078401,0
TX0004078437,0
TX0004078449,0
TX0004078493,0
TX0004078569,0
TX0004078598,0
TX0004078628,0
TX0004078629,0
TX0004078640,0
TX0004078650,0
TX0004078654,0
TX0004078669,0
TX0004078681,0
TX0004078706,0
TX0004078709,0
TX0004078721,0
TX0004078819,0
TX0004078825,0
TX0004078827,0
TX0004078828,0
TX0004078853,0
TX0004078855,0
TX0004078866,0
TX0004078914,0
TX0004078952,0
TX0002825560,0
TX0002825561,1
TX0003444534,1
TX0004069309,0
TX0004069333,0
TX0004069337,0
TX0004069351,0
TX0004069388,0
TX0004069414,0
TX0004069415,0
TX0004069423,0
TX0004069469,0
TX0004069473,0
TX0004069478,0
TX0004069510,0
TX0004069527,0
TX0004069572,0
TX0004069588,0
TX0004069597,0
TX0004069599,0
TX0004069650,0
TX0004069692,0
TX0004069727,0
TX0004069776,0
TX0004069798,0
TX0004069819,0
TX0004069829,0
TX0004069938,0
TX0004069955,0
TX0004069959,0
TX0004069966,0
TX0004070047,0
TX0004070111,0
TX0004070182,0
TX0004070185,0
TX0004070196,0
TX0004070254,0
TX0004070259,0
TX0004070275,0
TX0004070306,0
TX0004070314,0
TX0004070344,0
TX0004070436,0
TX0004070446,0
TX0004070458,0
TX0004070470,0
TX0004070484,0
TX0004070488,0
TX0004070511,0
TX0004070576,0
TX0004070585,0
TX0004070595,0
TX0004070597,0
TX0004070664,0
TX0004070691,0
TX0004070716,0
TX0004070717,0
TX0004070727,0
TX0004070760,0
TX0004070774,0
TX0004070809,0
TX0004070892,0
TX0004070939,0
TX0004070953,0
TX0004070958,0
TX0004070963,0
TX0004070974,0
TX0004071002,0
TX0004071013,0
TX0004071086,0
TX0004071174,0
TX0004071220,0
TX0004071316,0
TX0004071373,0
TX0004071423,0
TX0004071450,0
TX0004071456,0
TX0004071512,0
TX0004071521,0
TX0004071540,0
TX0004071541,0
TX0004071572,0
TX0004071587,0
TX0004071615,0
TX0004071619,0
TX0004071636,0
TX0004071660,0
TX0004071678,0
TX0004071711,0
TX0004071716,0
TX0004071766,0
TX0004071778,0
TX0004071901,0
TX0004071908,0
TX0004071943,0
TX0004071949,0
TX0004071999,0
TX0004072048,0
TX0004072101,0
TX0004072104,0
TX0004072105,0
TX0004072115,0
TX0004072124,0
TX0004072163,0
TX0004072178,0
TX0004072179,0
TX0004072215,0
TX0004072250,0
TX0004072306,0
TX0004072315,0
TX0004072327,0
TX0004072402,0
TX0004072447,0
TX0004072449,0
TX0004072488,0
TX0004072514,0
TX0004072556,0
TX0004072593,0
TX0004072705,0
TX0004072736,0
TX0004072848,0
TX0004072870,0
TX0004072915,0
TX0004072947,0
TX0004072966,0
TX0004073000,0
TX0004073017,0
TX0004073067,0
TX0004073132,0
TX0004073134,0
TX0004073186,0
TX0004073201,0
TX0004073256,0
TX0004073263,0
TX0004073286,0
TX0004073307,0
TX0004073347,0
TX0004073409,0
TX0004073428,0
TX0004073482,0
TX0004073502,0
TX0004073508,0
TX0004073516,0
TX0004073612,0
TX0004073631,0
TX0004073677,0
TX0004073697,0
TX0004073699,0
TX0004073765,0
TX0004073779,0
TX0004073800,0
TX0004073832,0
TX0004073850,0
TX0004073875,0
TX0004073903,0
TX0004073955,0
TX0004073958,0
TX0004073962,0
TX0004073978,0
TX0004074011,0
TX0004074125,0
TX0004074139,0
TX0004074167,0
TX0004074204,0
TX0004074246,0
TX0004074264,0
TX0004074369,0
TX0004074373,0
TX0004074407,0
TX0004074419,0
TX0004074477,0
TX0004074483,0
TX0004074516,0
TX0004074520,0
TX0004074521,0
TX0004074534,0
TX0004074539,0
TX0004074543,0
TX0004074548,0
TX0004074579,0
TX0004074583,0
TX0004074590,0
TX0004074602,0
TX0004074603,0
TX0004074617,0
TX0004074618,0
TX0004074623,0
TX0004074644,0
TX0004074660,0
TX0004074684,0
TX0004074701,0
TX0004074718,0
TX0004074735,0
TX0004074748,0
TX0004074749,0
TX0004074770,0
TX0004074798,0
TX0004074833,0
TX0004074862,0
TX0004074881,0
TX0004075012,0
TX0004075137,0
TX0004075231,0
TX0004075255,0
TX0004075256,0
TX0004075265,0
TX0004075285,0
TX0004075296,0
TX0004075315,0
TX0004075341,0
TX0004075475,0
TX0004075502,0
TX0004075517,0
TX0004075521,0
TX0004075556,0
TX0004075613,0
TX0004075639,0
TX0004075801,0
TX0004075813,0
TX0004075892,0
TX0004075912,0
TX0004075914,0
TX0004075972,0
TX0004076011,0
TX0004076035,0
TX0004076060,0
TX0004076083,0
TX0004076108,0
TX0004076194,0
TX0004076294,0
TX0004076383,0
TX0004076430,0
TX0004076449,0
TX0004076460,0
TX0004076466,0
TX0004076468,0
TX0004076476,0
TX0004076506,0
TX0004076559,0
TX0004076637,0
TX0004076656,0
TX0004076756,0
TX0004076765,0
TX0004076783,0
TX0004076801,0
TX0004076826,0
TX0004076827,0
TX0004076828,0
TX0004076837,0
TX0004076845,0
TX0004076864,0
TX0004076870,0
TX0004076888,0
TX0004076911,0
TX0004076944,0
TX0004076955,0
TX0004076959,0
TX0004077007,0
TX0004077019,0
TX0004077030,0
TX0004077096,0
TX0004077102,0
TX0004077162,0
TX0004077169,0
TX0004077244,0
TX0004077260,0
TX0004077262,0
TX0004077281,0
TX0004077312,0
TX0004077331,0
TX0004077337,0
TX0004077350,0
TX0004077430,0
TX0004077451,0
TX0004077463,0
TX0004077485,0
TX0004077497,0
TX0004077533,0
TX0004077562,0
TX0004077645,0
TX0004077740,0
TX0004077745,0
TX0004077857,0
TX0004077858,0
TX0004077901,0
TX0004077902,0
TX0004077922,0
TX0004077927,0
TX0004077930,0
TX0004077931,0
TX0004077959,0
TX0004077965,0
TX0004077971,0
TX0004077973,0
TX0004077975,0
TX0004078029,0
TX0004078033,0
TX0004078068,0
TX0004078088,0
TX0004078102,0
TX0004078124,0
TX0004078141,0
TX0004078182,0
TX0004078201,0
TX0004078212,0
TX0004078216,0
TX0004078217,0
TX0004078271,0
TX0004078297,0
TX0004078334,0
TX0004078339,0
TX0004078440,0
TX0004078469,0
TX0004078478,0
TX0004078541,0
TX0004078622,0
TX0004078688,0
TX0004078698,0
TX0004078711,0
TX0004078787,0
TX0004078824,0
TX0004078834,0
TX0004078852,0
TX0004078868,0
TX0004078873,0
TX0004078877,0
TX0004078884,0
TX0004078910,0
TX0004078925,0
TX0004078962,0
TX0004069327,0
TX0004069365,0
TX0004069379,0
TX0004069381,0
TX0004069384,0
TX0004069395,0
TX0004069442,0
TX0004069493,0
TX0004069499,0
TX0004069505,0
TX0004069542,0
TX0004069554,0
TX0004069565,0
TX0004069600,0
TX0004069638,0
TX0004069673,0
TX0004069678,0
TX0004069702,0
TX0004069705,0
TX0004069748,0
TX0004069799,0
TX0004069800,0
TX0004069822,0
TX0004069839,0
TX0004069889,0
TX0004069891,0
TX0004069947,0
TX0004069960,0
TX0004069995,0
TX0004069996,0
TX0004070101,0
TX0004070109,0
TX0004070208,0
TX0004070209,0
TX0004070301,0
TX0004070332,0
TX0004070363,0
TX0004070376,0
TX0004070387,0
TX0004070388,0
TX0004070390,0
TX0004070473,0
TX0004070505,0
TX0004070559,0
TX0004070561,0
TX0004070602,0
TX0004070642,0
TX0004070662,0
TX0004070663,0
TX0004070675,0
TX0004070847,0
TX0004070911,0
TX0004070920,0
TX0004070945,0
TX0004070952,0
TX0004070964,0
TX0004070983,0
TX0004070991,0
TX0004071016,0
TX0004071143,0
TX0004071198,0
TX0004071205,0
TX0004071210,0
TX0004071211,0
TX0004071216,0
TX0004071266,0
TX0004071267,0
TX0004071272,0
TX0004071327,0
TX0004071328,0
TX0004071409,0
TX0004071419,0
TX0004071463,0
TX0004071504,0
TX0004071550,0
TX0004071671,0
TX0004071677,0
TX0004071725,0
TX0004071746,0
TX0004071750,0
TX0004071762,0
TX0004071776,0
TX0004071835,0
TX0004071869,0
TX0004071873,0
TX0004071911,0
TX0004071934,0
TX0004071940,0
TX0004071948,0
TX0004071954,0
TX0004071994,0
TX0004072044,0
TX0004072083,0
TX0004072086,0
TX0004072091,0
TX0004072092,0
TX0004072233,0
TX0004072251,0
TX0004072300,0
TX0004072337,0
TX0004072347,0
TX0004072364,0
TX0004072375,0
TX0004072377,0
TX0004072424,0
TX0004072482,0
TX0004072498,0
TX0004072499,0
TX0004072527,0
TX0004072586,0
TX0004072746,0
TX0004072778,0
TX0004072786,0
TX0004072849,0
TX0004072889,0
TX0004072942,0
TX0004072970,0
TX0004072994,0
TX0004073035,0
TX0004073160,0
TX0004073171,0
TX0004073217,0
TX0004073228,0
TX0004073237,0
TX0004073255,0
TX0004073271,0
TX0004073371,0
TX0004073477,0
TX0004073488,0
TX0004073555,0
TX0004073584,0
TX0004073607,0
TX0004073611,0
TX0004073657,0
TX0004073674,0
TX0004073688,0
TX0004073690,0
TX0004073709,0
TX0004073766,0
TX0004073770,0
TX0004073784,0
TX0004073805,0
TX0004073808,0
TX0004073839,0
TX0004073863,0
TX0004073864,0
TX0004073902,0
TX0004073981,0
TX0004073989,0
TX0004073990,0
TX0004074112,0
TX0004074116,0
TX0004074128,0
TX0004074169,0
TX0004074178,0
TX0004074224,0
TX0004074281,0
TX0004074298,1
TX0004074324,0
TX0004074352,0
TX0004074405,0
TX0004074425,0
TX0004074426,0
TX0004074450,0
TX0004074457,0
TX0004074592,0
TX0004074595,0
TX0004074625,0
TX0004074639,0
TX0004074662,0
TX0004074663,0
TX0004074719,0
TX0004074740,0
TX0004074799,0
TX0004074814,0
TX0004074830,0
TX0004074842,0
TX0004074861,0
TX0004074876,0
TX0004074879,0
TX0004074928,0
TX0004074933,0
TX0004074948,0
TX0004074984,0
TX0004075014,0
TX0004075061,0
TX0004075068,0
TX0004075075,0
TX0004075095,0
TX0004075105,0
TX0004075134,0
TX0004075174,0
TX0004075241,0
TX0004075267,0
TX0004075277,0
TX0004075325,0
TX0004075368,0
TX0004075380,0
TX0004075384,0
TX0004075385,0
TX0004075396,0
TX0004075421,0
TX0004075437,0
TX0004075465,0
TX0004075479,0
TX0004075499,0
TX0004075505,0
TX0004075525,0
TX0004075541,0
TX0004075572,0
TX0004075576,0
TX0004075659,0
TX0004075697,0
TX0004075700,0
TX0004075703,0
TX0004075713,0
TX0004075731,0
TX0004075745,0
TX0004075782,0
TX0004075827,0
TX0004075944,0
TX0004075969,0
TX0004076032,0
TX0004076049,0
TX0004076077,0
TX0004076137,0
TX0004076155,0
TX0004076245,0
TX0004076275,0
TX0004076288,0
TX0004076300,0
TX0004076307,0
TX0004076332,0
TX0004076391,0
TX0004076439,0
TX0004076440,0
TX0004076454,0
TX0004076463,0
TX0004076505,0
TX0004076564,0
TX0004076604,0
TX0004076745,0
TX0004076799,0
TX0004076835,0
TX0004076886,0
TX0004076939,0
TX0004077016,0
TX0004077018,0
TX0004077040,0
TX0004077068,0
TX0004077124,0
TX0004077175,0
TX0004077185,0
TX0004077193,0
TX0004077201,0
TX0004077210,0
TX0004077290,0
TX0004077341,0
TX0004077365,0
TX0004077423,0
TX0004077450,0
TX0004077457,0
TX0004077471,0
TX0004077629,0
TX0004077655,0
TX0004077676,0
TX0004077678,0
TX0004077679,0
TX0004077725,0
TX0004077742,0
TX0004077770,0
TX0004077772,0
TX0004077808,0
TX0004077827,0
TX0004077855,0
TX0004077869,0
TX0004077875,0
TX0004077921,0
TX0004077943,0
TX0004077948,0
TX0004077954,0
TX0004077980,0
TX0004077998,0
TX0004078049,0
TX0004078053,0
TX0004078097,0
TX0004078105,0
TX0004078114,0
TX0004078171,0
TX0004078338,0
TX0004078353,0
TX0004078367,0
TX0004078386,0
TX0004078423,0
TX0004078472,0
TX0004078495,0
TX0004078529,0
TX0004078574,0
TX0004078589,0
TX0004078611,0
TX0004078614,0
TX0004078617,0
TX0004078700,0
TX0004078745,0
TX0004078870,0
TX0004078891,0
TX0004078903,0
TX0004078939,0
TX0004069360,0
TX0004069373,0
TX0004069463,0
TX0004069487,0
TX0004069509,0
TX0004069538,0
TX0004069544,0
TX0004069634,0
TX0004069726,0
TX0004069749,0
TX0004069801,0
TX0004069805,0
TX0004069821,0
TX0004069866,0
TX0004069870,0
TX0004069893,0
TX0004069910,0
TX0004069931,0
TX0004069942,0
TX0004069964,0
TX0004069965,0
TX0004070020,0
TX0004070036,0
TX0004070039,0
TX0004070055,0
TX0004070061,0
TX0004070062,0
TX0004070116,0
TX0004070119,0
TX0004070121,0
TX0004070154,0
TX0004070178,0
TX0004070189,0
TX0004070197,0
TX0004070250,0
TX0004070256,0
TX0004070257,0
TX0004070285,0
TX0004070300,0
TX0004070319,0
TX0004070330,0
TX0004070360,0
TX0004070433,0
TX0004070521,0
TX0004070527,0
TX0004070575,0
TX0004070619,0
TX0004070622,0
TX0004070686,0
TX0004070784,0
TX0004070789,0
TX0004070806,0
TX0004070856,0
TX0004070944,0
TX0004070967,0
TX0004071064,0
TX0004071139,0
TX0004071151,0
TX0004071156,0
TX0004071187,0
TX0004071282,0
TX0004071283,0
TX0004071285,0
TX0004071304,0
TX0004071319,0
TX0004071391,0
TX0004071398,0
TX0004071403,0
TX0004071520,0
TX0004071590,0
TX0004071647,0
TX0004071669,0
TX0004071670,0
TX0004071675,0
TX0004071681,0
TX0004071713,0
TX0004071730,0
TX0004071761,0
TX0004071767,0
TX0004071791,0
TX0004071817,0
TX0004071955,0
TX0004072006,0
TX0004072050,0
TX0004072260,0
TX0004072262,0
TX0004072325,0
TX0004072389,0
TX0004072397,0
TX0004072465,0
TX0004072504,0
TX0004072523,0
TX0004072530,0
TX0004072572,0
TX0004072581,0
TX0004072630,0
TX0004072650,0
TX0004072709,0
TX0004072749,0
TX0004072759,0
TX0004072767,0
TX0004072801,0
TX0004072861,0
TX0004072899,0
TX0004072935,0
TX0004073007,0
TX0004073030,0
TX0004073094,0
TX0004073106,0
TX0004073158,0
TX0004073193,0
TX0004073200,0
TX0004073222,0
TX0004073238,0
TX0004073244,0
TX0004073314,0
TX0004073333,0
TX0004073354,0
TX0004073367,0
TX0004073400,0
TX0004073454,0
TX0004073470,0
TX0004073495,0
TX0004073500,0
TX0004073574,0
TX0004073648,0
TX0004073673,0
TX0004073706,0
TX0004073707,0
TX0004073846,0
TX0004073889,0
TX0004073905,0
TX0004073929,0
TX0004073961,0
TX0004074038,0
TX0004074044,0
TX0004074064,0
TX0004074080,0
TX0004074147,0
TX0004074161,0
TX0004074162,0
TX0004074180,0
TX0004074214,0
TX0004074306,0
TX0004074371,0
TX0004074387,0
TX0004074435,0
TX0004074533,0
TX0004074570,0
TX0004074638,0
TX0004074650,0
TX0004074679,0
TX0004074694,0
TX0004074720,0
TX0004074729,0
TX0004074730,0
TX0004074752,0
TX0004074806,0
TX0004074813,0
TX0004074852,0
TX0004074865,0
TX0004074896,0
TX0004074914,0
TX0004074931,0
TX0004074996,0
TX0004074997,0
TX0004075003,0
TX0004075010,0
TX0004075034,0
TX0004075118,0
TX0004075178,0
TX0004075228,0
TX0004075288,0
TX0004075326,0
TX0004075369,0
TX0004075428,0
TX0004075457,0
TX0004075464,0
TX0004075496,0
TX0004075500,0
TX0004075570,0
TX0004075689,0
TX0004075698,0
TX0004075721,0
TX0004075756,0
TX0004075785,0
TX0004075793,0
TX0004075851,0
TX0004075902,0
TX0004075919,0
TX0004075993,0
TX0004076008,0
TX0004076047,0
TX0004076075,0
TX0004076094,0
TX0004076122,0
TX0004076123,0
TX0004076140,0
TX0004076148,0
TX0004076159,0
TX0004076196,0
TX0004076197,0
TX0004076198,0
TX0004076243,0
TX0004076251,0
TX0004076257,0
TX0004076271,0
TX0004076394,0
TX0004076398,0
TX0004076423,0
TX0004076479,0
TX0004076484,0
TX0004076488,0
TX0004076497,0
TX0004076600,0
TX0004076659,0
TX0004076660,0
TX0004076685,0
TX0004076723,0
TX0004076729,0
TX0004076739,0
TX0004076742,0
TX0004076753,0
TX0004076767,0
TX0004076779,0
TX0004076812,0
TX0004076818,0
TX0004076823,0
TX0004076833,0
TX0004076904,0
TX0004076908,0
TX0004076917,0
TX0004076941,0
TX0004076969,0
TX0004076997,0
TX0004077058,0
TX0004077095,0
TX0004077157,0
TX0004077168,0
TX0004077197,0
TX0004077216,0
TX0004077239,0
TX0004077278,0
TX0004077302,0
TX0004077323,0
TX0004077372,0
TX0004077373,0
TX0004077387,0
TX0004077404,0
TX0004077422,0
TX0004077632,0
TX0004077649,0
TX0004077656,0
TX0004077671,0
TX0004077688,0
TX0004077729,0
TX0004077744,0
TX0004077750,0
TX0004077761,0
TX0004077779,0
TX0004077882,0
TX0004077942,0
TX0004077984,0
TX0004077991,0
TX0004077995,0
TX0004078003,0
TX0004078048,0
TX0004078117,0
TX0004078118,0
TX0004078181,0
TX0004078232,0
TX0004078234,0
TX0004078255,0
TX0004078263,0
TX0004078346,0
TX0004078458,0
TX0004078466,0
TX0004078519,0
TX0004078612,0
TX0004078615,0
TX0004078651,0
TX0004078665,0
TX0004078725,0
TX0004078760,0
TX0004078762,0
TX0004078826,0
TX0004078845,0
TX0004078854,0
TX0004078912,0
TX0004078929,0
TX0004078954,0
TX0004069316,0
TX0004069319,0
TX0004069331,0
TX0004069393,0
TX0004069404,0
TX0004069431,0
TX0004069470,0
TX0004069490,0
TX0004069535,0
TX0004069540,0
TX0004069559,0
TX0004069614,0
TX0004069625,0
TX0004069637,0
TX0004069736,0
TX0004069740,0
TX0004069757,0
TX0004069763,0
TX0004069803,0
TX0004069826,0
TX0004069855,0
TX0004069857,0
TX0004069865,0
TX0004069922,0
TX0004069925,0
TX0004069927,0
TX0004069943,0
TX0004070010,0
TX0004070022,0
TX0004070043,0
TX0004070048,0
TX0004070056,0
TX0004070064,0
TX0004070069,0
TX0004070131,0
TX0004070161,0
TX0004070169,0
TX0004070200,0
TX0004070220,0
TX0004070238,0
TX0004070260,0
TX0004070263,0
TX0004070323,0
TX0004070365,0
TX0004070408,0
TX0004070425,0
TX0004070459,0
TX0004070490,0
TX0004070510,0
TX0004070529,0
TX0004070535,0
TX0004070542,0
TX0004070553,0
TX0004070593,0
TX0004070643,0
TX0004070709,0
TX0004070758,0
TX0004070765,0
TX0004070770,0
TX0004070803,0
TX0004070822,0
TX0004070901,0
TX0004070904,0
TX0004070913,0
TX0004070940,0
TX0004070979,0
TX0004070992,0
TX0004070999,0
TX0004071050,0
TX0004071051,0
TX0004071072,0
TX0004071144,0
TX0004071158,0
TX0004071204,0
TX0004071281,0
TX0004071286,0
TX0004071290,0
TX0004071302,0
TX0004071410,0
TX0004071432,0
TX0004071455,0
TX0004071461,0
TX0004071513,0
TX0004071564,0
TX0004071600,0
TX0004071610,0
TX0004071618,0
TX0004071622,0
TX0004071624,0
TX0004071654,0
TX0004071672,0
TX0004071700,0
TX0004071706,0
TX0004071718,0
TX0004071839,0
TX0004071841,0
TX0004071881,0
TX0004071939,0
TX0004071952,0
TX0004071981,0
TX0004072011,0
TX0004072012,0
TX0004072093,0
TX0004072116,0
TX0004072130,0
TX0004072189,0
TX0004072201,0
TX0004072209,0
TX0004072336,0
TX0004072393,0
TX0004072410,0
TX0004072415,0
TX0004072435,0
TX0004072436,0
TX0004072450,0
TX0004072563,0
TX0004072579,0
TX0004072590,0
TX0004072598,0
TX0004072615,0
TX0004072635,0
TX0004072676,0
TX0004072692,0
TX0004072704,0
TX0004072710,0
TX0004072717,0
TX0004072724,0
TX0004072743,0
TX0004072761,0
TX0004072764,0
TX0004072788,0
TX0004072851,0
TX0004072876,0
TX0004072879,0
TX0004072886,0
TX0004072898,0
TX0004072909,0
TX0004072961,0
TX0004072968,0
TX0004073009,0
TX0004073022,0
TX0004073032,0
TX0004073073,0
TX0004073101,0
TX0004073125,0
TX0004073196,0
TX0004073248,0
TX0004073258,0
TX0004073273,0
TX0004073345,0
TX0004073379,0
TX0004073447,0
TX0004073468,0
TX0004073475,0
TX0004073497,0
TX0004073554,0
TX0004073557,0
TX0004073562,0
TX0004073579,0
TX0004073634,0
TX0004073655,0
TX0004073692,0
TX0004073704,0
TX0004073730,0
TX0004073796,0
TX0004073809,0
TX0004073838,0
TX0004073862,0
TX0004073998,0
TX0004074019,0
TX0004074041,0
TX0004074050,0
TX0004074051,0
TX0004074071,0
TX0004074083,0
TX0004074098,0
TX0004074107,0
TX0004074123,0
TX0004074148,0
TX0004074187,0
TX0004074301,0
TX0004074344,0
TX0004074351,0
TX0004074353,0
TX0004074377,0
TX0004074422,0
TX0004074423,0
TX0004074499,0
TX0004074501,0
TX0004074523,0
TX0004074674,0
TX0004074688,0
TX0004074700,0
TX0004074710,0
TX0004074743,0
TX0004074774,0
TX0004074775,0
TX0004074780,0
TX0004074793,0
TX0004074795,0
TX0004074815,0
TX0004074885,0
TX0004074949,0
TX0004074956,0
TX0004074959,0
TX0004074962,0
TX0004074978,0
TX0004074992,0
TX0004075013,0
TX0004075086,0
TX0004075092,0
TX0004075099,0
TX0004075133,0
TX0004075280,0
TX0004075318,0
TX0004075322,0
TX0004075345,0
TX0004075353,0
TX0004075377,0
TX0004075436,0
TX0004075451,0
TX0004075458,0
TX0004075480,0
TX0004075489,0
TX0004075501,0
TX0004075506,0
TX0004075523,0
TX0004075551,0
TX0004075563,0
TX0004075567,0
TX0004075573,0
TX0004075574,0
TX0004075589,0
TX0004075619,0
TX0004075646,0
TX0004075661,0
TX0004075724,0
TX0004075789,0
TX0004075790,0
TX0004075846,0
TX0004075854,0
TX0004075942,0
TX0004075946,0
TX0004075981,0
TX0004076005,0
TX0004076096,0
TX0004076145,0
TX0004076147,0
TX0004076175,0
TX0004076188,0
TX0004076248,0
TX0004076280,0
TX0004076281,0
TX0004076313,0
TX0004076441,0
TX0004076442,0
TX0004076513,0
TX0004076567,0
TX0004076589,0
TX0004076618,0
TX0004076645,0
TX0004076652,0
TX0004076695,0
TX0004076722,0
TX0004076730,0
TX0004076836,0
TX0004076860,0
TX0004077042,0
TX0004077043,0
TX0004077064,0
TX0004077073,0
TX0004077195,0
TX0004077225,0
TX0004077234,0
TX0004077269,0
TX0004077271,0
TX0004077391,0
TX0004077392,0
TX0004077419,0
TX0004077488,0
TX0004077510,0
TX0004077514,0
TX0004077521,0
TX0004077534,0
TX0004077549,0
TX0004077601,0
TX0004077611,0
TX0004077640,0
TX0004077680,0
TX0004077692,0
TX0004077697,0
TX0004077706,0
TX0004077741,0
TX0004077763,0
TX0004077785,0
TX0004077825,0
TX0004077840,0
TX0004077852,0
TX0004077865,0
TX0004077933,0
TX0004077934,0
TX0004077952,0
TX0004078027,0
TX0004078070,0
TX0004078110,0
TX0004078142,0
TX0004078252,0
TX0004078275,0
TX0004078299,0
TX0004078410,0
TX0004078433,0
TX0004078461,0
TX0004078474,0
TX0004078490,0
TX0004078528,0
TX0004078551,0
TX0004078553,0
TX0004078591,0
TX0004078599,0
TX0004078626,0
TX0004078660,0
TX0004078663,0
TX0004078684,0
TX0004078743,0
TX0004078768,0
TX0004078859,0
TX0004078880,0
TX0004078885,0
TX0004078893,0
TX0004078930,0
TX0004078940,0
TX0004069308,0
TX0004069318,0
TX0004069322,0
TX0004069359,0
TX0004069401,0
TX0004069408,0
TX0004069460,0
TX0004069533,0
TX0004069571,0
TX0004069594,0
TX0004069648,0
TX0004069653,0
TX0004069655,0
TX0004069661,0
TX0004069743,0
TX0004069797,0
TX0004069836,0
TX0004069897,0
TX0004069901,0
TX0004069903,0
TX0004069937,0
TX0004069957,0
TX0004069968,0
TX0004069983,0
TX0004069984,0
TX0004069992,0
TX0004070008,0
TX0004070013,0
TX0004070054,0
TX0004070095,0
TX0004070165,0
TX0004070232,0
TX0004070240,0
TX0004070241,0
TX0004070276,0
TX0004070282,0
TX0004070288,0
TX0004070305,0
TX0004070318,0
TX0004070334,0
TX0004070369,0
TX0004070399,0
TX0004070421,0
TX0004070429,0
TX0004070513,0
TX0004070534,0
TX0004070555,0
TX0004070589,0
TX0004070590,0
TX0004070594,0
TX0004070605,0
TX0004070609,0
TX0004070708,0
TX0004070762,0
TX0004070796,0
TX0004070827,0
TX0004070832,0
TX0004070845,0
TX0004070857,0
TX0004070884,0
TX0004070895,0
TX0004070907,0
TX0004070950,0
TX0004070968,0
TX0004071007,0
TX0004071010,0
TX0004071132,0
TX0004071197,0
TX0004071246,0
TX0004071300,0
TX0004071320,0
TX0004071358,0
TX0004071380,0
TX0004071396,0
TX0004071401,0
TX0004071469,0
TX0004071524,0
TX0004071549,0
TX0004071555,0
TX0004071576,0
TX0004071614,0
TX0004071734,0
TX0004071782,0
TX0004071829,0
TX0004071834,0
TX0004071838,0
TX0004071840,0
TX0004071858,0
TX0004071888,0
TX0004071927,0
TX0004071930,0
TX0004072002,0
TX0004072037,0
TX0004072060,0
TX0004072077,0
TX0004072094,0
TX0004072155,0
TX0004072180,0
TX0004072188,0
TX0004072256,0
TX0004072277,0
TX0004072292,0
TX0004072338,0
TX0004072367,0
TX0004072387,0
TX0004072388,0
TX0004072432,0
TX0004072461,0
TX0004072489,0
TX0004072576,0
TX0004072602,0
TX0004072688,0
TX0004072733,0
TX0004072739,0
TX0004072794,0
TX0004072807,0
TX0004072866,0
TX0004072872,0
TX0004072916,0
TX0004072957,0
TX0004072958,0
TX0004072974,0
TX0004072975,0
TX0004072977,0
TX0004073014,0
TX0004073031,0
TX0004073051,0
TX0004073069,0
TX0004073075,0
TX0004073082,0
TX0004073083,0
TX0004073122,0
TX0004073136,0
TX0004073280,0
TX0004073335,0
TX0004073383,0
TX0004073415,0
TX0004073424,0
TX0004073425,0
TX0004073444,0
TX0004073533,0
TX0004073629,0
TX0004073646,0
TX0004073651,0
TX0004073653,0
TX0004073663,0
TX0004073666,0
TX0004073671,0
TX0004073749,0
TX0004073767,0
TX0004073788,0
TX0004073821,0
TX0004073869,0
TX0004073895,0
TX0004073901,0
TX0004073934,0
TX0004073997,0
TX0004074001,0
TX0004074002,0
TX0004074013,0
TX0004074055,0
TX0004074059,0
TX0004074103,0
TX0004074110,0
TX0004074115,0
TX0004074151,0
TX0004074158,0
TX0004074159,0
TX0004074179,0
TX0004074265,0
TX0004074296,0
TX0004074315,0
TX0004074316,0
TX0004074400,0
TX0004074404,0
TX0004074451,0
TX0004074500,0
TX0004074508,0
TX0004074632,0
TX0004074653,0
TX0004074702,0
TX0004074717,0
TX0004074732,0
TX0004074737,0
TX0004074764,0
TX0004074772,0
TX0004074844,0
TX0004074849,0
TX0004074894,0
TX0004074930,0
TX0004074940,0
TX0004074941,0
TX0004074964,0
TX0004074966,0
TX0004074975,0
TX0004075023,0
TX0004075040,0
TX0004075050,0
TX0004075073,0
TX0004075158,0
TX0004075163,0
TX0004075261,0
TX0004075279,0
TX0004075300,0
TX0004075313,0
TX0004075317,0
TX0004075355,0
TX0004075361,0
TX0004075364,0
TX0004075417,0
TX0004075439,0
TX0004075440,0
TX0004075454,0
TX0004075554,0
TX0004075579,0
TX0004075584,0
TX0004075598,0
TX0004075622,0
TX0004075672,0
TX0004075673,0
TX0004075684,0
TX0004075710,0
TX0004075715,0
TX0004075748,0
TX0004075764,0
TX0004075797,0
TX0004075867,0
TX0004075878,0
TX0004075905,0
TX0004076062,0
TX0004076065,0
TX0004076095,0
TX0004076101,0
TX0004076109,0
TX0004076154,0
TX0004076270,0
TX0004076424,0
TX0004076489,0
TX0004076490,0
TX0004076495,0
TX0004076515,0
TX0004076532,0
TX0004076582,0
TX0004076617,0
TX0004076644,0
TX0004076671,0
TX0004076719,0
TX0004076727,0
TX0004076771,0
TX0004076805,0
TX0004076822,0
TX0004076832,0
TX0004076898,0
TX0004076932,0
TX0004077053,0
TX0004077106,0
TX0004077119,0
TX0004077198,0
TX0004077204,0
TX0004077238,0
TX0004077282,0
TX0004077287,0
TX0004077308,0
TX0004077311,0
TX0004077338,0
TX0004077360,0
TX0004077390,0
TX0004077424,0
TX0004077480,0
TX0004077504,0
TX0004077546,0
TX0004077548,0
TX0004077570,0
TX0004077578,0
TX0004077607,0
TX0004077617,0
TX0004077667,0
TX0004077668,0
TX0004077683,0
TX0004077689,0
TX0004077719,0
TX0004077803,0
TX0004077806,0
TX0004077844,0
TX0004077876,0
TX0004077886,0
TX0004077891,0
TX0004078100,0
TX0004078167,0
TX0004078210,0
TX0004078279,0
TX0004078320,0
TX0004078348,0
TX0004078373,0
TX0004078393,0
TX0004078557,0
TX0004078586,0
TX0004078588,0
TX0004078653,0
TX0004078738,0
TX0004078777,0
TX0004078779,0
TX0004078807,0
TX0004078833,0
TX0004078841,0
TX0004078867,0
TX0004078883,0
TX0004078955,0
TX0004078956,0
TX0004078959,0
TX0004069422,0
TX0004069445,0
TX0004069449,0
TX0004069456,0
TX0004069457,0
TX0004069486,0
TX0004069501,0
TX0004069598,0
TX0004069636,0
TX0004069641,0
TX0004069649,0
TX0004069671,0
TX0004069696,0
TX0004069718,0
TX0004069744,0
TX0004069791,0
TX0004069831,0
TX0004069833,0
TX0004069838,0
TX0004069887,0
TX0004069899,0
TX0004069902,0
TX0004069909,0
TX0004069967,0
TX0004070015,0
TX0004070104,0
TX0004070122,0
TX0004070134,0
TX0004070144,0
TX0004070177,0
TX0004070187,0
TX0004070201,0
TX0004070233,0
TX0004070262,0
TX0004070278,0
TX0004070279,0
TX0004070297,0
TX0004070308,0
TX0004070320,0
TX0004070321,0
TX0004070326,0
TX0004070341,0
TX0004070364,0
TX0004070395,0
TX0004070404,0
TX0004070486,0
TX0004070515,0
TX0004070528,0
TX0004070564,0
TX0004070566,0
TX0004070607,0
TX0004070730,0
TX0004070731,0
TX0004070742,0
TX0004070759,0
TX0004070833,0
TX0004070837,0
TX0004070860,0
TX0004070888,0
TX0004070931,0
TX0004070957,0
TX0004071008,0
TX0004071017,0
TX0004071038,0
TX0004071040,0
TX0004071056,0
TX0004071069,0
TX0004071077,0
TX0004071108,0
TX0004071178,0
TX0004071190,0
TX0004071229,0
TX0004071256,0
TX0004071278,0
TX0004071369,0
TX0004071379,0
TX0004071392,0
TX0004071420,0
TX0004071452,0
TX0004071525,0
TX0004071552,0
TX0004071591,0
TX0004071592,0
TX0004071640,0
TX0004071704,0
TX0004071804,0
TX0004071809,0
TX0004071816,0
TX0004071883,0
TX0004071886,0
TX0004071895,0
TX0004071912,0
TX0004071920,0
TX0004071928,0
TX0004071992,0
TX0004072021,0
TX0004072053,0
TX0004072061,0
TX0004072068,0
TX0004072088,0
TX0004072109,0
TX0004072127,0
TX0004072164,0
TX0004072255,0
TX0004072358,0
TX0004072376,0
TX0004072416,0
TX0004072418,0
TX0004072425,0
TX0004072426,0
TX0004072462,0
TX0004072477,0
TX0004072503,0
TX0004072526,0
TX0004072529,0
TX0004072544,0
TX0004072612,0
TX0004072674,0
TX0004072685,0
TX0004072742,0
TX0004072790,0
TX0004072821,0
TX0004072852,0
TX0004072917,0
TX0004072940,0
TX0004073019,0
TX0004073042,0
TX0004073047,0
TX0004073079,0
TX0004073112,0
TX0004073124,0
TX0004073150,0
TX0004073164,0
TX0004073212,0
TX0004073360,0
TX0004073384,0
TX0004073391,0
TX0004073436,0
TX0004073441,0
TX0004073509,0
TX0004073511,0
TX0004073522,0
TX0004073570,0
TX0004073604,0
TX0004073680,0
TX0004073696,0
TX0004073740,0
TX0004073741,0
TX0004073748,0
TX0004073772,0
TX0004073790,0
TX0004073792,0
TX0004073884,0
TX0004073938,0
TX0004073946,0
TX0004073988,0
TX0004074040,0
TX0004074075,0
TX0004074077,0
TX0004074092,0
TX0004074106,0
TX0004074140,0
TX0004074189,0
TX0004074245,0
TX0004074270,0
TX0004074285,0
TX0004074295,0
TX0004074332,0
TX0004074340,0
TX0004074468,0
TX0004074484,0
TX0004074512,0
TX0004074514,0
TX0004074527,0
TX0004074542,0
TX0004074576,0
TX0004074588,0
TX0004074594,0
TX0004074690,0
TX0004074691,0
TX0004074738,0
TX0004074745,0
TX0004074773,0
TX0004074907,0
TX0004074942,0
TX0004074943,0
TX0004074957,0
TX0004075000,0
TX0004075004,0
TX0004075018,0
TX0004075024,0
TX0004075052,0
TX0004075069,0
TX0004075071,0
TX0004075081,0
TX0004075132,0
TX0004075152,0
TX0004075173,0
TX0004075195,0
TX0004075312,0
TX0004075323,0
TX0004075422,0
TX0004075432,0
TX0004075445,0
TX0004075461,0
TX0004075471,0
TX0004075647,0
TX0004075653,0
TX0004075730,0
TX0004075773,0
TX0004075825,0
TX0004075863,0
TX0004075899,0
TX0004075926,0
TX0004075934,0
TX0004075952,0
TX0004075982,0
TX0004075986,0
TX0004076004,0
TX0004076059,0
TX0004076086,0
TX0004076120,0
TX0004076152,0
TX0004076168,0
TX0004076200,0
TX0004076256,0
TX0004076279,0
TX0004076312,0
TX0004076371,0
TX0004076384,0
TX0004076437,0
TX0004076444,0
TX0004076508,0
TX0004076599,0
TX0004076690,0
TX0004076713,0
TX0004076718,0
TX0004076726,0
TX0004076740,0
TX0004076774,0
TX0004076791,0
TX0004076803,0
TX0004076857,0
TX0004076863,0
TX0004076890,0
TX0004076925,0
TX0004076979,0
TX0004076981,0
TX0004076982,0
TX0004077062,0
TX0004077063,0
TX0004077092,0
TX0004077120,0
TX0004077121,0
TX0004077149,0
TX0004077156,0
TX0004077158,0
TX0004077170,0
TX0004077192,0
TX0004077213,0
TX0004077347,0
TX0004077382,0
TX0004077393,0
TX0004077458,0
TX0004077486,0
TX0004077502,0
TX0004077556,0
TX0004077564,0
TX0004077595,0
TX0004077675,0
TX0004077684,0
TX0004077720,0
TX0004077721,0
TX0004077783,0
TX0004077786,0
TX0004077821,0
TX0004077843,0
TX0004077853,0
TX0004077863,0
TX0004077945,0
TX0004078001,0
TX0004078021,0
TX0004078030,0
TX0004078031,0
TX0004078065,0
TX0004078077,0
TX0004078090,0
TX0004078098,0
TX0004078157,0
TX0004078186,0
TX0004078191,0
TX0004078235,0
TX0004078257,0
TX0004078278,0
TX0004078329,0
TX0004078402,0
TX0004078436,0
TX0004078455,0
TX0004078462,0
TX0004078463,0
TX0004078514,0
TX0004078515,0
TX0004078604,0
TX0004078616,0
TX0004078652,0
TX0004078696,0
TX0004078701,0
TX0004078708,0
TX0004078710,0
TX0004078750,0
TX0004078769,0
TX0004078783,0
TX0004078784,0
TX0004078849,0
TX0004078887,0
TX0004078961,0
TX0000812703,0
TX0000812704,1
TX0004069303,0
TX0004069325,0
TX0004069335,0
TX0004069345,0
TX0004069372,0
TX0004069374,0
TX0004069399,0
TX0004069429,0
TX0004069433,0
TX0004069515,0
TX0004069526,0
TX0004069530,0
TX0004069546,0
TX0004069555,0
TX0004069569,0
TX0004069581,0
TX0004069676,0
TX0004069713,0
TX0004069739,0
TX0004069762,0
TX0004069767,0
TX0004069793,0
TX0004069811,0
TX0004069863,0
TX0004069946,0
TX0004069974,0
TX0004069987,0
TX0004070026,0
TX0004070032,0
TX0004070081,0
TX0004070098,0
TX0004070179,0
TX0004070221,0
TX0004070370,0
TX0004070380,0
TX0004070406,0
TX0004070485,0
TX0004070539,0
TX0004070563,0
TX0004070570,0
TX0004070702,0
TX0004070750,0
TX0004070792,0
TX0004070812,0
TX0004070820,0
TX0004070841,0
TX0004070875,0
TX0004071058,0
TX0004071067,0
TX0004071073,0
TX0004071104,0
TX0004071153,0
TX0004071196,0
TX0004071201,0
TX0004071214,0
TX0004071219,0
TX0004071312,0
TX0004071322,0
TX0004071326,0
TX0004071350,0
TX0004071356,0
TX0004071386,0
TX0004071397,0
TX0004071490,0
TX0004071492,0
TX0004071559,0
TX0004071595,0
TX0004071596,0
TX0004071601,0
TX0004071611,0
TX0004071674,0
TX0004071698,0
TX0004071710,0
TX0004071733,0
TX0004071788,0
TX0004071856,0
TX0004071867,0
TX0004071884,0
TX0004071892,0
TX0004071946,0
TX0004071958,0
TX0004071974,0
TX0004071980,0
TX0004071990,0
TX0004072024,0
TX0004072055,0
TX0004072082,0
TX0004072149,0
TX0004072152,0
TX0004072158,0
TX0004072159,0
TX0004072266,0
TX0004072270,0
TX0004072291,0
TX0004072353,0
TX0004072381,0
TX0004072385,0
TX0004072386,0
TX0004072417,0
TX0004072446,0
TX0004072467,0
TX0004072536,0
TX0004072594,0
TX0004072596,0
TX0004072610,0
TX0004072614,0
TX0004072638,0
TX0004072648,0
TX0004072662,0
TX0004072678,0
TX0004072731,0
TX0004072754,0
TX0004072802,0
TX0004072813,0
TX0004072818,0
TX0004072855,0
TX0004072862,0
TX0004072864,0
TX0004072925,0
TX0004072955,0
TX0004072956,0
TX0004072996,0
TX0004073004,0
TX0004073024,0
TX0004073041,0
TX0004073144,0
TX0004073153,0
TX0004073166,0
TX0004073192,0
TX0004073199,0
TX0004073297,0
TX0004073329,0
TX0004073381,0
TX0004073388,0
TX0004073389,0
TX0004073405,0
TX0004073455,0
TX0004073456,0
TX0004073520,0
TX0004073572,0
TX0004073585,0
TX0004073587,0
TX0004073590,0
TX0004073679,0
TX0004073728,0
TX0004073736,0
TX0004073737,0
TX0004073744,0
TX0004073756,0
TX0004073761,0
TX0004073804,0
TX0004073848,0
TX0004073906,0
TX0004073919,0
TX0004073920,0
TX0004073925,0
TX0004073940,0
TX0004073972,0
TX0004074216,0
TX0004074219,0
TX0004074220,0
TX0004074226,0
TX0004074237,0
TX0004074275,0
TX0004074308,0
TX0004074327,0
TX0004074380,0
TX0004074384,0
TX0004074598,0
TX0004074599,0
TX0004074680,0
TX0004074728,0
TX0004074783,0
TX0004074796,0
TX0004074860,0
TX0004074887,0
TX0004074944,0
TX0004074968,0
TX0004075009,0
TX0004075017,0
TX0004075029,0
TX0004075042,0
TX0004075097,0
TX0004075125,0
TX0004075154,0
TX0004075169,0
TX0004075175,0
TX0004075194,0
TX0004075249,0
TX0004075297,0
TX0004075346,0
TX0004075397,0
TX0004075412,0
TX0004075420,0
TX0004075434,0
TX0004075438,0
TX0004075543,0
TX0004075555,0
TX0004075557,0
TX0004075575,0
TX0004075580,0
TX0004075600,0
TX0004075625,0
TX0004075628,0
TX0004075718,0
TX0004075738,0
TX0004075740,0
TX0004075798,0
TX0004075809,0
TX0004075823,0
TX0004075855,0
TX0004075864,0
TX0004075894,0
TX0004075898,0
TX0004075909,0
TX0004075963,0
TX0004075964,0
TX0004075980,0
TX0004076076,0
TX0004076124,0
TX0004076178,0
TX0004076195,0
TX0004076211,0
TX0004076226,0
TX0004076227,0
TX0004076241,0
TX0004076311,0
TX0004076333,0
TX0004076338,0
TX0004076341,0
TX0004076364,0
TX0004076378,0
TX0004076409,0
TX0004076420,0
TX0004076428,0
TX0004076475,0
TX0004076555,0
TX0004076560,0
TX0004076590,0
TX0004076607,0
TX0004076621,0
TX0004076628,0
TX0004076633,0
TX0004076682,0
TX0004076689,0
TX0004076747,0
TX0004076754,0
TX0004076759,0
TX0004076770,0
TX0004076878,0
TX0004076966,0
TX0004076967,0
TX0004076989,0
TX0004077010,0
TX0004077022,0
TX0004077069,0
TX0004077072,0
TX0004077132,0
TX0004077143,0
TX0004077153,0
TX0004077163,0
TX0004077205,0
TX0004077259,0
TX0004077305,0
TX0004077332,0
TX0004077340,0
TX0004077351,0
TX0004077361,0
TX0004077362,0
TX0004077395,0
TX0004077409,0
TX0004077443,0
TX0004077455,0
TX0004077478,0
TX0004077615,0
TX0004077625,0
TX0004077686,0
TX0004077722,0
TX0004077754,0
TX0004077832,0
TX0004077878,0
TX0004077915,0
TX0004077951,0
TX0004077990,0
TX0004078018,0
TX0004078040,0
TX0004078046,0
TX0004078067,0
TX0004078072,0
TX0004078079,0
TX0004078112,0
TX0004078179,0
TX0004078180,0
TX0004078198,0
TX0004078200,0
TX0004078204,0
TX0004078291,0
TX0004078302,0
TX0004078324,0
TX0004078331,0
TX0004078349,0
TX0004078352,0
TX0004078408,0
TX0004078424,0
TX0004078443,0
TX0004078477,0
TX0004078500,0
TX0004078503,0
TX0004078512,0
TX0004078576,0
TX0004078582,0
TX0004078623,0
TX0004078627,0
TX0004078641,0
TX0004078647,0
TX0004078648,0
TX0004078657,0
TX0004078668,0
TX0004078704,0
TX0004078705,0
TX0004078728,0
TX0004078794,0
TX0004078796,0
TX0004078799,0
TX0004078832,0
TX0004078858,0
TX0004078882,0
TX0004078909,0
TX0004078942,0
TX0004078943,0
TX0004069332,0
TX0004069448,0
TX0004069500,0
TX0004069521,0
TX0004069522,0
TX0004069543,0
TX0004069662,0
TX0004069668,0
TX0004069675,0
TX0004069750,0
TX0004069769,0
TX0004069818,0
TX0004069850,0
TX0004069920,0
TX0004069924,0
TX0004069986,0
TX0004070030,0
TX0004070078,0
TX0004070105,0
TX0004070108,0
TX0004070135,0
TX0004070194,0
TX0004070239,0
TX0004070268,0
TX0004070355,0
TX0004070361,0
TX0004070397,0
TX0004070409,0
TX0004070424,0
TX0004070432,0
TX0004070439,0
TX0004070441,0
TX0004070499,0
TX0004070638,0
TX0004070684,0
TX0004070695,0
TX0004070700,0
TX0004070706,0
TX0004070720,0
TX0004070738,0
TX0004070746,0
TX0004070749,0
TX0004070767,0
TX0004070779,0
TX0004070781,0
TX0004070798,0
TX0004070851,0
TX0004070954,0
TX0004070959,0
TX0004071004,0
TX0004071022,0
TX0004071028,0
TX0004071041,0
TX0004071079,0
TX0004071092,0
TX0004071115,0
TX0004071119,0
TX0004071120,0
TX0004071146,0
TX0004071271,0
TX0004071342,0
TX0004071388,0
TX0004071433,0
TX0004071460,0
TX0004071489,0
TX0004071499,0
TX0004071566,0
TX0004071574,0
TX0004071617,0
TX0004071676,0
TX0004071690,0
TX0004071691,0
TX0004071715,0
TX0004071731,0
TX0004071843,0
TX0004071853,0
TX0004071880,0
TX0004071936,0
TX0004071979,0
TX0004072029,0
TX0004072038,0
TX0004072042,0
TX0004072046,0
TX0004072220,0
TX0004072236,0
TX0004072243,0
TX0004072282,0
TX0004072290,0
TX0004072349,0
TX0004072472,0
TX0004072487,0
TX0004072510,0
TX0004072580,0
TX0004072585,0
TX0004072661,0
TX0004072680,0
TX0004072696,0
TX0004072707,0
TX0004072723,0
TX0004072728,0
TX0004072738,0
TX0004072744,0
TX0004072758,0
TX0004072820,0
TX0004072832,0
TX0004072901,0
TX0004072902,0
TX0004072911,0
TX0004072959,0
TX0004072962,0
TX0004072963,0
TX0004072971,0
TX0004073003,0
TX0004073021,0
TX0004073049,0
TX0004073054,0
TX0004073078,0
TX0004073089,0
TX0004073131,0
TX0004073140,0
TX0004073221,0
TX0004073240,0
TX0004073338,0
TX0004073366,0
TX0004073386,0
TX0004073404,0
TX0004073412,0
TX0004073451,0
TX0004073473,0
TX0004073512,0
TX0004073547,0
TX0004073565,0
TX0004073668,0
TX0004073675,0
TX0004073682,0
TX0004073708,0
TX0004073750,0
TX0004073798,0
TX0004073827,0
TX0004073871,0
TX0004073876,0
TX0004073887,0
TX0004073900,0
TX0004073985,0
TX0004074014,0
TX0004074028,0
TX0004074068,0
TX0004074088,0
TX0004074131,0
TX0004074174,0
TX0004074196,0
TX0004074197,0
TX0004074213,0
TX0004074233,0
TX0004074249,0
TX0004074303,0
TX0004074360,0
TX0004074364,0
TX0004074410,0
TX0004074437,0
TX0004074466,0
TX0004074467,0
TX0004074513,0
TX0004074560,0
TX0004074580,0
TX0004074646,0
TX0004074672,0
TX0004074692,0
TX0004074693,0
TX0004074754,0
TX0004074812,0
TX0004074820,0
TX0004074821,0
TX0004074850,0
TX0004074854,0
TX0004074895,0
TX0004074916,0
TX0004075025,0
TX0004075037,0
TX0004075063,0
TX0004075088,0
TX0004075102,0
TX0004075113,0
TX0004075121,0
TX0004075145,0
TX0004075167,0
TX0004075170,0
TX0004075200,0
TX0004075260,0
TX0004075275,0
TX0004075276,0
TX0004075299,0
TX0004075395,0
TX0004075413,0
TX0004075424,0
TX0004075433,0
TX0004075462,0
TX0004075478,0
TX0004075497,0
TX0004075507,0
TX0004075508,0
TX0004075540,0
TX0004075547,0
TX0004075585,0
TX0004075590,0
TX0004075620,0
TX0004075630,0
TX0004075637,0
TX0004075651,0
TX0004075670,0
TX0004075694,0
TX0004075733,0
TX0004075743,0
TX0004075753,0
TX0004075791,0
TX0004075799,0
TX0004075865,0
TX0004075886,0
TX0004075887,0
TX0004075925,0
TX0004075961,0
TX0004075962,0
TX0004075978,0
TX0004076034,0
TX0004076082,0
TX0004076088,0
TX0004076098,0
TX0004076107,0
TX0004076117,0
TX0004076222,0
TX0004076246,0
TX0004076254,0
TX0004076303,0
TX0004076322,0
TX0004076323,0
TX0004076335,0
TX0004076429,0
TX0004076443,0
TX0004076461,0
TX0004076473,0
TX0004076474,0
TX0004076537,0
TX0004076572,0
TX0004076609,0
TX0004076623,0
TX0004076705,0
TX0004076710,0
TX0004076711,0
TX0004076772,0
TX0004076848,0
TX0004076873,0
TX0004076879,0
TX0004076899,0
TX0004076947,0
TX0004076962,0
TX0004077009,0
TX0004077038,0
TX0004077057,0
TX0004077066,0
TX0004077111,0
TX0004077122,0
TX0004077171,0
TX0004077256,0
TX0004077274,0
TX0004077284,0
TX0004077285,0
TX0004077309,0
TX0004077319,0
TX0004077441,0
TX0004077447,0
TX0004077489,0
TX0004077494,0
TX0004077597,0
TX0004077619,0
TX0004077634,0
TX0004077653,0
TX0004077674,0
TX0004077752,0
TX0004077782,0
TX0004077790,0
TX0004077819,0
TX0004077846,0
TX0004077866,0
TX0004077909,0
TX0004077910,0
TX0004077978,0
TX0004077993,0
TX0004078014,0
TX0004078041,0
TX0004078103,0
TX0004078107,0
TX0004078115,0
TX0004078153,0
TX0004078192,0
TX0004078224,0
TX0004078240,0
TX0004078304,0
TX0004078337,0
TX0004078392,0
TX0004078399,0
TX0004078470,0
TX0004078525,0
TX0004078533,0
TX0004078536,0
TX0004078562,0
TX0004078607,0
TX0004078656,0
TX0004078740,0
TX0004078761,0
TX0004078869,0
TX0004078881,0
TX0004078888,0
TX0004078927,0
TX0004078935,0
TX0004078944,0
TX0002387734,0
TX0002387735,1
TX0002928622,0
TX0002928623,1
TX0003459491,0
TX0003459492,1
TX0004069358,0
TX0004069361,0
TX0004069407,0
TX0004069464,0
TX0004069482,0
TX0004069511,0
TX0004069552,0
TX0004069556,0
TX0004069568,0
TX0004069608,0
TX0004069632,0
TX0004069660,0
TX0004069667,0
TX0004069672,0
TX0004069687,0
TX0004069712,0
TX0004069752,0
TX0004069759,0
TX0004069778,0
TX0004069804,0
TX0004069834,0
TX0004069864,0
TX0004069908,0
TX0004069911,0
TX0004069919,0
TX0004069928,0
TX0004070002,0
TX0004070050,0
TX0004070065,0
TX0004070137,0
TX0004070143,0
TX0004070153,0
TX0004070173,0
TX0004070190,0
TX0004070216,0
TX0004070234,0
TX0004070249,0
TX0004070264,0
TX0004070273,0
TX0004070324,0
TX0004070375,0
TX0004070469,0
TX0004070507,0
TX0004070530,0
TX0004070547,0
TX0004070558,0
TX0004070586,0
TX0004070601,0
TX0004070623,0
TX0004070624,0
TX0004070634,0
TX0004070656,0
TX0004070667,0
TX0004070728,0
TX0004070791,0
TX0004070795,0
TX0004070804,0
TX0004070811,0
TX0004070831,0
TX0004070850,0
TX0004070870,0
TX0004070949,0
TX0004071009,0
TX0004071033,0
TX0004071059,0
TX0004071091,0
TX0004071096,0
TX0004071097,0
TX0004071111,0
TX0004071130,0
TX0004071165,0
TX0004071169,0
TX0004071233,0
TX0004071234,0
TX0004071237,0
TX0004071241,0
TX0004071243,0
TX0004071280,0
TX0004071305,0
TX0004071335,0
TX0004071346,0
TX0004071370,0
TX0004071480,0
TX0004071484,0
TX0004071543,0
TX0004071551,0
TX0004071569,0
TX0004071593,0
TX0004071602,0
TX0004071609,0
TX0004071628,0
TX0004071729,0
TX0004071738,0
TX0004071749,0
TX0004071763,0
TX0004071764,0
TX0004071769,0
TX0004071783,0
TX0004071802,0
TX0004071885,0
TX0004071926,0
TX0004071945,0
TX0004071970,0
TX0004072014,0
TX0004072043,0
TX0004072059,0
TX0004072073,0
TX0004072103,0
TX0004072110,0
TX0004072117,0
TX0004072120,0
TX0004072167,0
TX0004072168,0
TX0004072257,0
TX0004072267,0
TX0004072289,0
TX0004072324,0
TX0004072368,0
TX0004072373,0
TX0004072400,0
TX0004072430,0
TX0004072431,0
TX0004072452,0
TX0004072484,0
TX0004072491,0
TX0004072511,0
TX0004072535,0
TX0004072549,0
TX0004072571,0
TX0004072619,0
TX0004072639,0
TX0004072718,0
TX0004072822,0
TX0004072946,0
TX0004072960,0
TX0004072991,0
TX0004073013,0
TX0004073045,0
TX0004073113,0
TX0004073148,0
TX0004073157,0
TX0004073167,0
TX0004073176,0
TX0004073183,0
TX0004073215,0
TX0004073231,0
TX0004073253,0
TX0004073254,0
TX0004073257,0
TX0004073294,0
TX0004073316,0
TX0004073337,0
TX0004073380,0
TX0004073419,0
TX0004073541,0
TX0004073559,0
TX0004073605,0
TX0004073617,0
TX0004073644,0
TX0004073662,0
TX0004073681,0
TX0004073693,0
TX0004073713,0
TX0004073714,0
TX0004073842,0
TX0004073859,0
TX0004073861,0
TX0004073867,0
TX0004073893,0
TX0004073909,0
TX0004073913,0
TX0004073915,0
TX0004073916,0
TX0004073923,0
TX0004073991,0
TX0004074060,0
TX0004074085,0
TX0004074096,0
TX0004074124,0
TX0004074166,0
TX0004074177,0
TX0004074199,0
TX0004074222,0
TX0004074243,0
TX0004074254,0
TX0004074255,0
TX0004074274,0
TX0004074279,0
TX0004074287,0
TX0004074288,0
TX0004074293,0
TX0004074323,0
TX0004074342,0
TX0004074348,0
TX0004074367,0
TX0004074414,0
TX0004074558,0
TX0004074577,0
TX0004074578,0
TX0004074614,0
TX0004074659,0
TX0004074713,0
TX0004074816,0
TX0004074829,0
TX0004074880,0
TX0004074935,0
TX0004074951,0
TX0004074990,0
TX0004075045,0
TX0004075060,0
TX0004075084,0
TX0004075202,0
TX0004075211,0
TX0004075216,0
TX0004075291,0
TX0004075331,0
TX0004075381,0
TX0004075388,0
TX0004075393,0
TX0004075472,0
TX0004075561,0
TX0004075631,0
TX0004075683,0
TX0004075759,0
TX0004075776,0
TX0004075783,0
TX0004075786,0
TX0004075812,0
TX0004075816,0
TX0004075839,0
TX0004075861,0
TX0004075883,0
TX0004075891,0
TX0004075975,0
TX0004075989,0
TX0004075994,0
TX0004076015,0
TX0004076041,0
TX0004076044,0
TX0004076050,0
TX0004076051,0
TX0004076097,0
TX0004076103,0
TX0004076121,0
TX0004076172,0
TX0004076207,0
TX0004076214,0
TX0004076239,0
TX0004076266,0
TX0004076268,0
TX0004076314,0
TX0004076367,0
TX0004076403,0
TX0004076407,0
TX0004076457,0
TX0004076483,0
TX0004076533,0
TX0004076562,0
TX0004076565,0
TX0004076658,0
TX0004076666,0
TX0004076720,0
TX0004076749,0
TX0004076775,0
TX0004076789,0
TX0004076793,0
TX0004076844,0
TX0004076872,0
TX0004076956,0
TX0004076972,0
TX0004076985,0
TX0004076991,0
TX0004077023,0
TX0004077112,0
TX0004077148,0
TX0004077176,0
TX0004077186,0
TX0004077212,0
TX0004077219,0
TX0004077224,0
TX0004077230,0
TX0004077267,0
TX0004077275,0
TX0004077297,0
TX0004077307,0
TX0004077316,0
TX0004077364,0
TX0004077368,0
TX0004077385,0
TX0004077428,0
TX0004077445,0
TX0004077460,0
TX0004077503,0
TX0004077519,0
TX0004077524,0
TX0004077527,0
TX0004077586,0
TX0004077600,0
TX0004077705,0
TX0004077769,0
TX0004077793,0
TX0004077810,0
TX0004077813,0
TX0004077822,0
TX0004077867,0
TX0004077887,0
TX0004077908,0
TX0004077938,0
TX0004077939,0
TX0004077947,0
TX0004077955,0
TX0004077969,0
TX0004077977,0
TX0004077997,0
TX0004078013,0
TX0004078035,0
TX0004078036,0
TX0004078045,0
TX0004078059,0
TX0004078092,0
TX0004078139,0
TX0004078144,0
TX0004078151,0
TX0004078169,0
TX0004078218,0
TX0004078239,0
TX0004078295,0
TX0004078309,0
TX0004078374,0
TX0004078415,0
TX0004078426,0
TX0004078428,0
TX0004078445,0
TX0004078565,0
TX0004078661,0
TX0004078727,0
TX0004078756,0
TX0004078823,0
TX0004078840,0
TX0004078960,0
TX0004069443,0
TX0004069462,0
TX0004069489,0
TX0004069520,0
TX0004069532,0
TX0004069603,0
TX0004069618,0
TX0004069626,0
TX0004069695,0
TX0004069741,0
TX0004069783,0
TX0004069820,0
TX0004069824,0
TX0004069842,0
TX0004069879,0
TX0004069894,0
TX0004069951,0
TX0004069969,0
TX0004069972,0
TX0004069989,0
TX0004069993,0
TX0004070009,0
TX0004070034,0
TX0004070096,0
TX0004070106,0
TX0004070133,0
TX0004070140,0
TX0004070183,0
TX0004070218,0
TX0004070261,0
TX0004070291,0
TX0004070416,0
TX0004070431,0
TX0004070475,0
TX0004070483,0
TX0004070600,0
TX0004070613,0
TX0004070621,0
TX0004070651,0
TX0004070739,0
TX0004070757,0
TX0004070794,0
TX0004070805,0
TX0004070824,0
TX0004070906,0
TX0004070966,0
TX0004070980,0
TX0004070985,0
TX0004070990,0
TX0004071012,0
TX0004071021,0
TX0004071026,0
TX0004071055,0
TX0004071107,0
TX0004071110,0
TX0004071123,0
TX0004071168,0
TX0004071257,0
TX0004071357,0
TX0004071395,0
TX0004071431,0
TX0004071516,0
TX0004071575,0
TX0004071578,0
TX0004071605,0
TX0004071659,0
TX0004071708,0
TX0004071745,0
TX0004071777,0
TX0004071779,0
TX0004071796,0
TX0004071801,0
TX0004071833,0
TX0004071870,0
TX0004071882,0
TX0004071902,0
TX0004071914,0
TX0004071929,0
TX0004071962,0
TX0004071983,0
TX0004071991,0
TX0004072004,0
TX0004072118,0
TX0004072119,0
TX0004072161,0
TX0004072183,0
TX0004072185,0
TX0004072217,0
TX0004072228,0
TX0004072235,0
TX0004072247,0
TX0004072248,0
TX0004072253,0
TX0004072319,0
TX0004072357,0
TX0004072361,0
TX0004072404,0
TX0004072455,0
TX0004072471,0
TX0004072476,0
TX0004072605,0
TX0004072606,0
TX0004072609,0
TX0004072699,0
TX0004072729,0
TX0004072772,0
TX0004072817,0
TX0004072836,0
TX0004072860,0
TX0004072869,0
TX0004072884,0
TX0004072890,0
TX0004072922,0
TX0004073033,0
TX0004073062,0
TX0004073088,0
TX0004073143,0
TX0004073177,0
TX0004073178,0
TX0004073189,0
TX0004073264,0
TX0004073279,0
TX0004073305,0
TX0004073309,0
TX0004073315,0
TX0004073317,0
TX0004073348,0
TX0004073369,0
TX0004073403,0
TX0004073448,0
TX0004073453,0
TX0004073537,0
TX0004073550,0
TX0004073603,0
TX0004073633,0
TX0004073701,0
TX0004073727,0
TX0004073757,0
TX0004073760,0
TX0004073802,0
TX0004073810,0
TX0004073865,0
TX0004073870,0
TX0004073888,0
TX0004073924,0
TX0004073942,0
TX0004074007,0
TX0004074032,0
TX0004074052,0
TX0004074073,0
TX0004074101,0
TX0004074142,0
TX0004074164,0
TX0004074195,0
TX0004074221,0
TX0004074232,0
TX0004074260,0
TX0004074289,0
TX0004074381,0
TX0004074427,0
TX0004074436,0
TX0004074492,0
TX0004074495,0
TX0004074526,0
TX0004074529,0
TX0004074555,0
TX0004074597,0
TX0004074621,0
TX0004074742,0
TX0004074776,0
TX0004074777,0
TX0004074802,0
TX0004074831,0
TX0004074877,0
TX0004074898,0
TX0004074901,0
TX0004074908,0
TX0004074923,0
TX0004074939,0
TX0004074946,0
TX0004074954,0
TX0004074972,0
TX0004075026,0
TX0004075138,0
TX0004075212,0
TX0004075266,0
TX0004075281,0
TX0004075307,0
TX0004075335,0
TX0004075342,0
TX0004075352,0
TX0004075435,0
TX0004075483,0
TX0004075559,0
TX0004075569,0
TX0004075675,0
TX0004075691,0
TX0004075709,1
TX0004075732,0
TX0004075860,0
TX0004075955,0
TX0004075974,0
TX0004075995,0
TX0004075997,0
TX0004076029,0
TX0004076054,0
TX0004076080,0
TX0004076119,0
TX0004076125,0
TX0004076130,0
TX0004076153,0
TX0004076210,0
TX0004076221,0
TX0004076236,0
TX0004076317,0
TX0004076330,0
TX0004076356,0
TX0004076362,0
TX0004076393,0
TX0004076395,0
TX0004076455,0
TX0004076472,0
TX0004076477,0
TX0004076480,0
TX0004076547,0
TX0004076551,0
TX0004076580,0
TX0004076606,0
TX0004076769,0
TX0004076850,0
TX0004076883,0
TX0004076894,0
TX0004076937,0
TX0004076964,0
TX0004076965,0
TX0004076970,0
TX0004077026,0
TX0004077027,0
TX0004077078,0
TX0004077103,0
TX0004077166,0
TX0004077174,0
TX0004077183,0
TX0004077199,0
TX0004077221,0
TX0004077222,0
TX0004077241,0
TX0004077288,0
TX0004077314,0
TX0004077413,0
TX0004077452,0
TX0004077470,0
TX0004077544,0
TX0004077572,0
TX0004077575,0
TX0004077690,0
TX0004077703,0
TX0004077743,0
TX0004077794,0
TX0004077799,0
TX0004077830,0
TX0004077898,0
TX0004077912,0
TX0004078009,0
TX0004078015,0
TX0004078054,0
TX0004078089,0
TX0004078104,0
TX0004078120,0
TX0004078122,0
TX0004078173,0
TX0004078261,0
TX0004078313,0
TX0004078316,0
TX0004078332,0
TX0004078389,0
TX0004078419,0
TX0004078421,0
TX0004078425,0
TX0004078501,0
TX0004078544,0
TX0004078552,0
TX0004078590,0
TX0004078593,0
TX0004078603,0
TX0004078618,0
TX0004078645,0
TX0004078655,0
TX0004078682,0
TX0004078786,0
TX0004078801,0
TX0004078811,0
TX0004078821,0
TX0004078835,0
TX0004078839,0
TX0004078848,0
TX0004078863,0
TX0004078874,0
TX0004078919,0
TX0004078932,0
TX0004078936,0
TX0004069305,0
TX0004069313,0
TX0004069315,0
TX0004069334,0
TX0004069346,0
TX0004069363,0
TX0004069370,0
TX0004069387,0
TX0004069466,0
TX0004069541,0
TX0004069564,0
TX0004069575,0
TX0004069593,0
TX0004069624,0
TX0004069745,0
TX0004069751,0
TX0004069782,0
TX0004069807,0
TX0004069810,0
TX0004069878,0
TX0004069933,0
TX0004069979,0
TX0004069980,0
TX0004070059,0
TX0004070074,0
TX0004070113,0
TX0004070115,0
TX0004070148,0
TX0004070159,0
TX0004070170,0
TX0004070310,0
TX0004070346,0
TX0004070414,0
TX0004070476,0
TX0004070512,0
TX0004070578,0
TX0004070596,0
TX0004070599,0
TX0004070615,0
TX0004070635,0
TX0004070636,0
TX0004070640,0
TX0004070655,0
TX0004070659,0
TX0004070694,0
TX0004070793,0
TX0004070846,0
TX0004070873,0
TX0004070917,0
TX0004070932,0
TX0004070994,0
TX0004071020,0
TX0004071078,0
TX0004071095,0
TX0004071103,0
TX0004071133,0
TX0004071141,0
TX0004071167,0
TX0004071180,0
TX0004071209,0
TX0004071232,0
TX0004071236,0
TX0004071292,0
TX0004071330,0
TX0004071361,0
TX0004071364,0
TX0004071382,0
TX0004071406,0
TX0004071422,0
TX0004071449,0
TX0004071496,0
TX0004071509,0
TX0004071573,0
TX0004071627,0
TX0004071634,0
TX0004071662,0
TX0004071705,0
TX0004071727,0
TX0004071736,0
TX0004071755,0
TX0004071770,0
TX0004071787,0
TX0004071851,0
TX0004071903,0
TX0004071944,0
TX0004071956,0
TX0004071978,0
TX0004072008,0
TX0004072030,0
TX0004072097,0
TX0004072122,0
TX0004072128,0
TX0004072207,0
TX0004072222,0
TX0004072261,0
TX0004072268,0
TX0004072296,0
TX0004072323,0
TX0004072331,0
TX0004072360,0
TX0004072371,0
TX0004072391,0
TX0004072401,0
TX0004072403,0
TX0004072411,0
TX0004072473,0
TX0004072480,0
TX0004072629,0
TX0004072694,0
TX0004072703,0
TX0004072796,0
TX0004072865,0
TX0004072881,0
TX0004072895,0
TX0004072900,0
TX0004072918,0
TX0004072921,0
TX0004072988,0
TX0004073001,0
TX0004073008,0
TX0004073028,0
TX0004073077,0
TX0004073087,0
TX0004073207,0
TX0004073220,0
TX0004073245,0
TX0004073262,0
TX0004073269,0
TX0004073276,0
TX0004073310,0
TX0004073323,0
TX0004073376,0
TX0004073417,0
TX0004073423,0
TX0004073426,0
TX0004073427,0
TX0004073542,0
TX0004073563,0
TX0004073567,0
TX0004073582,0
TX0004073636,0
TX0004073667,0
TX0004073702,0
TX0004073721,0
TX0004073758,0
TX0004073773,0
TX0004073820,0
TX0004073829,0
TX0004073836,0
TX0004073840,0
TX0004073896,0
TX0004073943,0
TX0004073948,0
TX0004073964,0
TX0004073967,0
TX0004073968,0
TX0004073973,0
TX0004073984,0
TX0004074005,0
TX0004074046,0
TX0004074049,0
TX0004074063,0
TX0004074109,0
TX0004074138,0
TX0004074185,0
TX0004074192,0
TX0004074244,0
TX0004074272,0
TX0004074317,0
TX0004074320,0
TX0004074328,0
TX0004074339,0
TX0004074343,0
TX0004074385,0
TX0004074398,0
TX0004074409,0
TX0004074413,0
TX0004074441,0
TX0004074445,0
TX0004074446,0
TX0004074509,0
TX0004074528,0
TX0004074541,0
TX0004074591,0
TX0004074658,0
TX0004074668,0
TX0004074696,0
TX0004074758,0
TX0004074801,0
TX0004074826,0
TX0004074828,0
TX0004074839,0
TX0004074851,0
TX0004074906,0
TX0004074950,0
TX0004074969,0
TX0004074982,0
TX0004075044,0
TX0004075064,0
TX0004075089,0
TX0004075094,0
TX0004075188,0
TX0004075235,0
TX0004075236,0
TX0004075239,0
TX0004075282,0
TX0004075338,0
TX0004075359,0
TX0004075401,0
TX0004075410,0
TX0004075431,0
TX0004075444,0
TX0004075459,0
TX0004075477,0
TX0004075524,0
TX0004075536,0
TX0004075558,0
TX0004075583,0
TX0004075599,0
TX0004075601,0
TX0004075674,0
TX0004075720,0
TX0004075777,0
TX0004075806,0
TX0004075956,0
TX0004075960,0
TX0004076003,0
TX0004076014,0
TX0004076085,0
TX0004076170,0
TX0004076171,0
TX0004076205,0
TX0004076240,0
TX0004076272,0
TX0004076301,0
TX0004076320,0
TX0004076349,0
TX0004076365,0
TX0004076404,0
TX0004076421,0
TX0004076432,0
TX0004076438,0
TX0004076465,0
TX0004076512,0
TX0004076526,0
TX0004076534,0
TX0004076540,0
TX0004076669,0
TX0004076679,0
TX0004076680,0
TX0004076752,0
TX0004076766,0
TX0004076780,0
TX0004076843,0
TX0004076889,0
TX0004076916,0
TX0004076971,0
TX0004076975,0
TX0004077031,0
TX0004077105,0
TX0004077126,0
TX0004077155,0
TX0004077206,0
TX0004077227,0
TX0004077237,0
TX0004077240,0
TX0004077294,0
TX0004077310,0
TX0004077375,0
TX0004077397,0
TX0004077406,0
TX0004077410,0
TX0004077416,0
TX0004077425,0
TX0004077427,0
TX0004077479,0
TX0004077492,0
TX0004077536,0
TX0004077552,0
TX0004077644,0
TX0004077774,0
TX0004077778,0
TX0004077816,0
TX0004077850,0
TX0004077871,0
TX0004077884,0
TX0004077894,0
TX0004077895,0
TX0004077957,0
TX0004077967,0
TX0004077968,0
TX0004077983,0
TX0004078060,0
TX0004078066,0
TX0004078075,0
TX0004078174,0
TX0004078193,0
TX0004078214,0
TX0004078215,0
TX0004078227,0
TX0004078285,0
TX0004078323,0
TX0004078345,0
TX0004078357,0
TX0004078383,0
TX0004078395,0
TX0004078407,0
TX0004078444,0
TX0004078508,0
TX0004078521,0
TX0004078531,0
TX0004078540,0
TX0004078608,0
TX0004078609,0
TX0004078680,0
TX0004078687,0
TX0004078767,0
TX0004078776,0
TX0004078795,0
TX0004078813,0
TX0004078815,0
TX0004078851,0
TX0004078901,0
TX0004078911,0
TX0004078916,0
TX0004069355,0
TX0004069382,0
TX0004069484,0
TX0004069504,0
TX0004069518,0
TX0004069563,0
TX0004069592,0
TX0004069683,0
TX0004069699,0
TX0004069706,0
TX0004069710,0
TX0004069729,0
TX0004069731,0
TX0004069760,0
TX0004069768,0
TX0004069777,0
TX0004069779,0
TX0004069843,0
TX0004069921,0
TX0004069961,0
TX0004069994,0
TX0004070016,0
TX0004070027,0
TX0004070040,0
TX0004070071,0
TX0004070088,0
TX0004070089,0
TX0004070090,0
TX0004070091,0
TX0004070110,0
TX0004070214,0
TX0004070251,0
TX0004070269,0
TX0004070423,0
TX0004070437,0
TX0004070445,0
TX0004070456,0
TX0004070584,0
TX0004070672,0
TX0004070703,0
TX0004070799,0
TX0004070819,0
TX0004070902,0
TX0004070934,0
TX0004071029,0
TX0004071065,0
TX0004071100,0
TX0004071112,0
TX0004071113,0
TX0004071145,0
TX0004071177,0
TX0004071182,0
TX0004071184,0
TX0004071192,0
TX0004071199,0
TX0004071262,0
TX0004071263,0
TX0004071296,0
TX0004071297,0
TX0004071303,0
TX0004071308,0
TX0004071310,0
TX0004071315,0
TX0004071340,0
TX0004071411,0
TX0004071437,0
TX0004071476,0
TX0004071479,0
TX0004071508,0
TX0004071510,0
TX0004071546,0
TX0004071547,0
TX0004071604,0
TX0004071606,0
TX0004071651,0
TX0004071688,0
TX0004071803,0
TX0004071819,0
TX0004071866,0
TX0004071977,0
TX0004071987,0
TX0004071998,0
TX0004072000,0
TX0004072066,0
TX0004072072,0
TX0004072074,0
TX0004072141,0
TX0004072194,0
TX0004072202,0
TX0004072205,0
TX0004072213,0
TX0004072221,0
TX0004072239,0
TX0004072252,0
TX0004072274,0
TX0004072303,0
TX0004072329,0
TX0004072339,0
TX0004072352,0
TX0004072423,0
TX0004072434,0
TX0004072443,0
TX0004072444,0
TX0004072463,0
TX0004072474,0
TX0004072479,0
TX0004072505,0
TX0004072516,0
TX0004072522,0
TX0004072627,0
TX0004072628,0
TX0004072653,0
TX0004072677,0
TX0004072702,0
TX0004072819,0
TX0004072835,0
TX0004072845,0
TX0004072854,0
TX0004072950,0
TX0004072980,0
TX0004073036,0
TX0004073038,0
TX0004073039,0
TX0004073061,0
TX0004073080,0
TX0004073093,0
TX0004073128,0
TX0004073133,0
TX0004073180,0
TX0004073190,0
TX0004073198,0
TX0004073235,0
TX0004073306,0
TX0004073318,0
TX0004073332,0
TX0004073365,0
TX0004073397,0
TX0004073553,0
TX0004073558,0
TX0004073561,0
TX0004073685,0
TX0004073716,0
TX0004073735,0
TX0004073777,0
TX0004073799,0
TX0004073806,0
TX0004073849,0
TX0004073912,0
TX0004073926,0
TX0004073949,0
TX0004073957,0
TX0004074072,0
TX0004074145,0
TX0004074175,0
TX0004074210,0
TX0004074225,0
TX0004074239,0
TX0004074240,0
TX0004074248,0
TX0004074256,0
TX0004074262,0
TX0004074280,0
TX0004074299,0
TX0004074368,0
TX0004074399,0
TX0004074402,0
TX0004074403,0
TX0004074415,0
TX0004074464,0
TX0004074465,0
TX0004074485,0
TX0004074502,0
TX0004074561,0
TX0004074582,0
TX0004074648,0
TX0004074699,0
TX0004074708,0
TX0004074715,0
TX0004074716,0
TX0004074750,0
TX0004074825,0
TX0004074903,0
TX0004074905,0
TX0004074912,0
TX0004074936,0
TX0004074947,0
TX0004074953,0
TX0004074979,0
TX0004075011,0
TX0004075048,0
TX0004075062,0
TX0004075079,0
TX0004075101,0
TX0004075104,0
TX0004075114,0
TX0004075117,0
TX0004075119,0
TX0004075129,0
TX0004075143,0
TX0004075354,0
TX0004075423,0
TX0004075425,0
TX0004075426,0
TX0004075453,0
TX0004075466,0
TX0004075493,0
TX0004075626,0
TX0004075668,0
TX0004075688,0
TX0004075742,0
TX0004075917,0
TX0004075984,0
TX0004075988,0
TX0004076039,0
TX0004076073,0
TX0004076106,0
TX0004076110,0
TX0004076131,0
TX0004076149,0
TX0004076212,0
TX0004076233,0
TX0004076265,0
TX0004076304,0
TX0004076319,0
TX0004076344,0
TX0004076399,0
TX0004076417,0
TX0004076418,0
TX0004076419,0
TX0004076422,0
TX0004076434,0
TX0004076510,0
TX0004076528,0
TX0004076536,0
TX0004076545,0
TX0004076603,0
TX0004076650,0
TX0004076661,0
TX0004076694,0
TX0004076696,0
TX0004076707,0
TX0004076763,0
TX0004076778,0
TX0004076794,0
TX0004076891,0
TX0004076896,0
TX0004076910,0
TX0004076915,0
TX0004076933,0
TX0004076951,0
TX0004077003,0
TX0004077070,0
TX0004077080,0
TX0004077107,0
TX0004077129,0
TX0004077133,0
TX0004077194,0
TX0004077211,0
TX0004077233,0
TX0004077272,0
TX0004077289,0
TX0004077299,0
TX0004077315,0
TX0004077321,0
TX0004077370,0
TX0004077396,0
TX0004077399,0
TX0004077403,0
TX0004077434,0
TX0004077449,0
TX0004077476,0
TX0004077482,0
TX0004077483,0
TX0004077518,0
TX0004077550,0
TX0004077577,0
TX0004077591,0
TX0004077596,0
TX0004077618,0
TX0004077621,0
TX0004077637,0
TX0004077650,0
TX0004077652,0
TX0004077739,0
TX0004077780,0
TX0004077797,0
TX0004077811,0
TX0004077862,0
TX0004077889,0
TX0004077907,0
TX0004077928,0
TX0004077979,0
TX0004078010,0
TX0004078034,0
TX0004078051,0
TX0004078086,0
TX0004078159,0
TX0004078184,0
TX0004078190,0
TX0004078206,0
TX0004078231,0
TX0004078250,0
TX0004078265,0
TX0004078298,0
TX0004078300,0
TX0004078396,0
TX0004078471,0
TX0004078488,0
TX0004078492,0
TX0004078510,0
TX0004078524,0
TX0004078542,0
TX0004078571,0
TX0004078585,0
TX0004078643,0
TX0004078674,0
TX0004078723,0
TX0004078731,0
TX0004078791,0
TX0004078822,0
TX0004078865,0
TX0004078902,0
TX0004078964,0
TX0001237952,0
TX0001237953,1
TX0004069306,0
TX0004069329,0
TX0004069375,0
TX0004069386,0
TX0004069402,0
TX0004069427,0
TX0004069441,0
TX0004069444,0
TX0004069454,0
TX0004069459,0
TX0004069539,0
TX0004069574,0
TX0004069607,0
TX0004069773,0
TX0004069835,0
TX0004069906,0
TX0004069918,0
TX0004070057,0
TX0004070066,0
TX0004070172,0
TX0004070215,0
TX0004070267,0
TX0004070307,0
TX0004070371,0
TX0004070384,0
TX0004070448,0
TX0004070541,0
TX0004070644,0
TX0004070678,0
TX0004070705,0
TX0004070725,0
TX0004070740,0
TX0004070744,0
TX0004070747,0
TX0004070768,0
TX0004070778,0
TX0004070828,0
TX0004070848,0
TX0004070883,0
TX0004070955,0
TX0004070956,0
TX0004071000,0
TX0004071025,0
TX0004071032,0
TX0004071042,0
TX0004071082,0
TX0004071087,0
TX0004071089,0
TX0004071109,0
TX0004071140,0
TX0004071150,0
TX0004071164,0
TX0004071218,0
TX0004071242,0
TX0004071360,0
TX0004071378,0
TX0004071381,0
TX0004071389,0
TX0004071425,0
TX0004071457,0
TX0004071529,0
TX0004071532,0
TX0004071571,0
TX0004071637,0
TX0004071682,0
TX0004071697,0
TX0004071740,0
TX0004071772,0
TX0004071824,0
TX0004071896,0
TX0004071915,0
TX0004071951,0
TX0004071986,0
TX0004071993,0
TX0004072026,0
TX0004072049,0
TX0004072106,0
TX0004072136,0
TX0004072139,0
TX0004072200,0
TX0004072280,0
TX0004072288,0
TX0004072321,0
TX0004072460,0
TX0004072464,0
TX0004072470,0
TX0004072495,0
TX0004072547,0
TX0004072551,0
TX0004072588,0
TX0004072589,0
TX0004072613,0
TX0004072618,0
TX0004072657,0
TX0004072664,0
TX0004072668,0
TX0004072673,0
TX0004072708,0
TX0004072815,0
TX0004072837,0
TX0004072842,0
TX0004072887,0
TX0004072892,0
TX0004072907,0
TX0004072926,0
TX0004072937,0
TX0004072978,0
TX0004072984,0
TX0004072986,0
TX0004073010,0
TX0004073043,0
TX0004073085,0
TX0004073117,0
TX0004073121,0
TX0004073162,0
TX0004073168,0
TX0004073184,0
TX0004073188,0
TX0004073208,1
TX0004073229,0
TX0004073243,0
TX0004073284,0
TX0004073290,0
TX0004073295,0
TX0004073311,0
TX0004073328,0
TX0004073344,0
TX0004073358,0
TX0004073408,0
TX0004073494,0
TX0004073640,0
TX0004073645,0
TX0004073695,0
TX0004073710,0
TX0004073785,0
TX0004073814,0
TX0004073825,0
TX0004073844,0
TX0004073857,0
TX0004073860,0
TX0004073873,0
TX0004074017,0
TX0004074057,0
TX0004074067,0
TX0004074137,0
TX0004074182,0
TX0004074215,0
TX0004074346,0
TX0004074347,0
TX0004074392,0
TX0004074429,0
TX0004074431,0
TX0004074460,0
TX0004074497,0
TX0004074505,0
TX0004074553,0
TX0004074627,0
TX0004074647,0
TX0004074656,0
TX0004074681,0
TX0004074704,0
TX0004074736,0
TX0004074787,0
TX0004074807,0
TX0004074843,0
TX0004074857,0
TX0004074874,0
TX0004074960,0
TX0004074970,0
TX0004075005,0
TX0004075057,0
TX0004075080,0
TX0004075190,0
TX0004075201,0
TX0004075222,0
TX0004075227,0
TX0004075244,0
TX0004075258,0
TX0004075259,0
TX0004075264,0
TX0004075362,0
TX0004075378,0
TX0004075398,0
TX0004075429,0
TX0004075468,0
TX0004075546,0
TX0004075565,0
TX0004075656,0
TX0004075662,0
TX0004075763,0
TX0004075824,0
TX0004075858,0
TX0004075880,0
TX0004075895,0
TX0004075913,0
TX0004075916,0
TX0004075970,0
TX0004075979,0
TX0004076006,0
TX0004076031,0
TX0004076058,0
TX0004076064,0
TX0004076092,0
TX0004076141,0
TX0004076161,0
TX0004076176,0
TX0004076177,0
TX0004076186,0
TX0004076203,0
TX0004076219,0
TX0004076231,0
TX0004076252,0
TX0004076284,0
TX0004076285,0
TX0004076315,0
TX0004076334,0
TX0004076360,0
TX0004076386,0
TX0004076415,0
TX0004076482,0
TX0004076496,0
TX0004076501,0
TX0004076553,0
TX0004076587,0
TX0004076651,0
TX0004076672,0
TX0004076736,0
TX0004076838,0
TX0004076866,0
TX0004076923,0
TX0004076935,0
TX0004076999,0
TX0004077034,0
TX0004077045,0
TX0004077081,0
TX0004077125,0
TX0004077127,0
TX0004077128,0
TX0004077228,0
TX0004077235,0
TX0004077245,0
TX0004077248,0
TX0004077249,0
TX0004077254,0
TX0004077349,0
TX0004077356,0
TX0004077359,0
TX0004077386,0
TX0004077500,0
TX0004077517,0
TX0004077526,0
TX0004077529,0
TX0004077555,0
TX0004077580,0
TX0004077583,0
TX0004077584,0
TX0004077609,0
TX0004077670,0
TX0004077677,0
TX0004077691,0
TX0004077696,0
TX0004077717,0
TX0004077730,0
TX0004077841,0
TX0004077851,0
TX0004077861,0
TX0004077870,0
TX0004077880,0
TX0004077899,0
TX0004077900,0
TX0004077911,0
TX0004077914,0
TX0004077996,0
TX0004078019,0
TX0004078091,0
TX0004078101,0
TX0004078166,0
TX0004078199,0
TX0004078229,0
TX0004078283,0
TX0004078301,0
TX0004078305,0
TX0004078405,0
TX0004078406,0
TX0004078435,0
TX0004078485,0
TX0004078549,0
TX0004078577,0
TX0004078621,0
TX0004078632,0
TX0004078636,0
TX0004078720,0
TX0004078736,0
TX0004078766,0
TX0004078778,0
TX0004078800,0
TX0004078871,0
TX0004078886,0
TX0004078920,0
TX0004069450,0
TX0004069567,0
TX0004069580,0
TX0004069602,0
TX0004069630,0
TX0004069647,0
TX0004069693,0
TX0004069733,0
TX0004069766,0
TX0004069817,0
TX0004069823,0
TX0004069832,0
TX0004069880,0
TX0004069936,0
TX0004069948,0
TX0004070012,0
TX0004070033,0
TX0004070041,0
TX0004070080,0
TX0004070146,0
TX0004070168,0
TX0004070230,0
TX0004070277,0
TX0004070345,0
TX0004070349,0
TX0004070391,0
TX0004070418,0
TX0004070435,0
TX0004070461,0
TX0004070471,0
TX0004070524,0
TX0004070580,0
TX0004070591,0
TX0004070614,0
TX0004070646,0
TX0004070737,0
TX0004070752,0
TX0004070829,0
TX0004070839,0
TX0004070843,0
TX0004070882,0
TX0004070897,0
TX0004071039,0
TX0004071048,0
TX0004071157,0
TX0004071166,0
TX0004071175,0
TX0004071181,0
TX0004071215,0
TX0004071270,0
TX0004071318,0
TX0004071331,0
TX0004071336,0
TX0004071344,0
TX0004071353,0
TX0004071359,0
TX0004071517,0
TX0004071522,0
TX0004071567,0
TX0004071594,0
TX0004071643,0
TX0004071645,0
TX0004071653,0
TX0004071667,0
TX0004071668,0
TX0004071696,0
TX0004071699,0
TX0004071743,0
TX0004071821,0
TX0004071826,0
TX0004071937,0
TX0004071950,0
TX0004072058,0
TX0004072069,0
TX0004072071,0
TX0004072080,0
TX0004072102,0
TX0004072121,0
TX0004072166,0
TX0004072184,0
TX0004072203,0
TX0004072234,0
TX0004072297,0
TX0004072351,0
TX0004072355,0
TX0004072427,0
TX0004072492,0
TX0004072500,0
TX0004072515,0
TX0004072518,0
TX0004072531,0
TX0004072532,0
TX0004072539,0
TX0004072546,0
TX0004072555,0
TX0004072652,0
TX0004072689,0
TX0004072700,0
TX0004072719,0
TX0004072737,0
TX0004072775,0
TX0004072799,0
TX0004072834,0
TX0004072847,0
TX0004072871,0
TX0004072914,0
TX0004072920,0
TX0004072954,0
TX0004072983,0
TX0004073060,0
TX0004073064,0
TX0004073076,0
TX0004073081,0
TX0004073092,0
TX0004073118,0
TX0004073218,0
TX0004073223,0
TX0004073272,0
TX0004073291,0
TX0004073350,0
TX0004073390,0
TX0004073401,0
TX0004073443,0
TX0004073471,0
TX0004073530,0
TX0004073546,0
TX0004073564,0
TX0004073575,0
TX0004073620,0
TX0004073658,0
TX0004073691,0
TX0004073726,0
TX0004073769,0
TX0004073781,0
TX0004073813,0
TX0004073834,0
TX0004073868,0
TX0004073899,0
TX0004073941,0
TX0004074042,0
TX0004074066,0
TX0004074079,0
TX0004074146,0
TX0004074163,0
TX0004074194,0
TX0004074203,0
TX0004074206,0
TX0004074230,0
TX0004074259,0
TX0004074302,0
TX0004074314,0
TX0004074319,0
TX0004074321,0
TX0004074330,0
TX0004074361,0
TX0004074363,0
TX0004074383,0
TX0004074439,0
TX0004074442,0
TX0004074476,0
TX0004074478,0
TX0004074524,0
TX0004074536,0
TX0004074540,0
TX0004074544,0
TX0004074615,0
TX0004074622,0
TX0004074626,0
TX0004074747,0
TX0004074778,0
TX0004074834,0
TX0004074856,0
TX0004074886,0
TX0004074963,0
TX0004074993,0
TX0004075008,0
TX0004075041,0
TX0004075109,0
TX0004075115,0
TX0004075124,0
TX0004075147,0
TX0004075176,0
TX0004075215,0
TX0004075218,0
TX0004075273,0
TX0004075274,0
TX0004075349,0
TX0004075356,0
TX0004075357,0
TX0004075679,0
TX0004075707,0
TX0004075726,0
TX0004075746,0
TX0004075833,0
TX0004075849,0
TX0004075852,0
TX0004075856,0
TX0004075879,0
TX0004075921,0
TX0004075923,0
TX0004075927,0
TX0004075959,0
TX0004075973,0
TX0004075976,0
TX0004076017,0
TX0004076042,0
TX0004076045,0
TX0004076111,0
TX0004076115,0
TX0004076146,0
TX0004076150,0
TX0004076181,0
TX0004076183,0
TX0004076187,0
TX0004076190,0
TX0004076260,0
TX0004076278,0
TX0004076299,0
TX0004076302,0
TX0004076309,0
TX0004076436,0
TX0004076507,0
TX0004076509,0
TX0004076549,0
TX0004076556,0
TX0004076717,0
TX0004076744,0
TX0004076746,0
TX0004076755,0
TX0004076761,0
TX0004076795,0
TX0004076796,0
TX0004076846,0
TX0004076847,0
TX0004076882,0
TX0004077024,0
TX0004077025,0
TX0004077051,0
TX0004077097,0
TX0004077109,0
TX0004077131,0
TX0004077147,0
TX0004077152,0
TX0004077154,0
TX0004077173,0
TX0004077180,0
TX0004077215,0
TX0004077243,0
TX0004077258,0
TX0004077261,0
TX0004077329,0
TX0004077339,0
TX0004077352,0
TX0004077407,0
TX0004077420,0
TX0004077437,0
TX0004077472,0
TX0004077490,0
TX0004077506,0
TX0004077522,0
TX0004077574,0
TX0004077592,0
TX0004077646,0
TX0004077707,0
TX0004077755,0
TX0004077756,0
TX0004077815,0
TX0004077823,0
TX0004077831,0
TX0004077860,0
TX0004077918,0
TX0004077937,0
TX0004077960,0
TX0004078121,0
TX0004078123,0
TX0004078130,0
TX0004078150,0
TX0004078162,0
TX0004078183,0
TX0004078197,0
TX0004078211,0
TX0004078238,0
TX0004078256,0
TX0004078264,0
TX0004078267,0
TX0004078342,0
TX0004078366,0
TX0004078384,0
TX0004078390,0
TX0004078409,0
TX0004078418,0
TX0004078476,0
TX0004078523,0
TX0004078543,0
TX0004078631,0
TX0004078642,0
TX0004078673,0
TX0004078692,0
TX0004078729,0
TX0004078730,0
TX0004078732,0
TX0004078753,0
TX0004078772,0
TX0004078817,0
TX0004078830,0
TX0004078876,0
TX0004078908,0
TX0004078926,0
TX0004078950,0
TX0004078958,0
TX0004069348,0
TX0004069389,0
TX0004069406,0
TX0004069426,0
TX0004069434,0
TX0004069471,0
TX0004069503,0
TX0004069623,0
TX0004069670,0
TX0004069711,0
TX0004069716,0
TX0004069737,0
TX0004069738,0
TX0004069747,0
TX0004069883,0
TX0004069890,0
TX0004069923,0
TX0004069970,0
TX0004069981,0
TX0004069982,0
TX0004070003,0
TX0004070024,0
TX0004070051,0
TX0004070058,0
TX0004070072,0
TX0004070094,0
TX0004070120,0
TX0004070207,0
TX0004070224,0
TX0004070236,0
TX0004070244,0
TX0004070245,0
TX0004070265,0
TX0004070271,0
TX0004070294,0
TX0004070312,0
TX0004070333,0
TX0004070362,0
TX0004070447,0
TX0004070489,0
TX0004070498,0
TX0004070517,0
TX0004070522,0
TX0004070549,0
TX0004070550,0
TX0004070556,0
TX0004070557,0
TX0004070565,0
TX0004070583,0
TX0004070658,0
TX0004070682,0
TX0004070687,0
TX0004070697,0
TX0004070723,0
TX0004070724,0
TX0004070741,0
TX0004070754,0
TX0004070771,0
TX0004070853,0
TX0004070914,0
TX0004070935,0
TX0004070946,0
TX0004070981,0
TX0004070984,0
TX0004071005,0
TX0004071034,0
TX0004071129,0
TX0004071136,0
TX0004071155,0
TX0004071200,0
TX0004071217,0
TX0004071274,0
TX0004071306,0
TX0004071313,0
TX0004071337,0
TX0004071345,0
TX0004071354,0
TX0004071374,0
TX0004071383,0
TX0004071415,0
TX0004071429,0
TX0004071464,0
TX0004071530,0
TX0004071560,0
TX0004071577,0
TX0004071625,0
TX0004071630,0
TX0004071665,0
TX0004071679,0
TX0004071722,0
TX0004071726,0
TX0004071758,0
TX0004071775,0
TX0004071793,0
TX0004071795,0
TX0004071825,0
TX0004071849,0
TX0004071878,0
TX0004071898,0
TX0004071931,0
TX0004071938,0
TX0004071972,0
TX0004071985,0
TX0004072032,0
TX0004072100,0
TX0004072135,0
TX0004072196,0
TX0004072218,0
TX0004072241,0
TX0004072312,0
TX0004072380,0
TX0004072406,0
TX0004072429,0
TX0004072454,0
TX0004072569,0
TX0004072595,0
TX0004072603,0
TX0004072633,0
TX0004072655,0
TX0004072669,0
TX0004072726,0
TX0004072748,0
TX0004072750,0
TX0004072766,0
TX0004072791,0
TX0004072846,0
TX0004072888,0
TX0004072896,0
TX0004072972,0
TX0004072979,0
TX0004072995,0
TX0004072998,0
TX0004073002,0
TX0004073026,0
TX0004073034,0
TX0004073059,0
TX0004073155,0
TX0004073204,0
TX0004073266,0
TX0004073298,0
TX0004073372,0
TX0004073398,0
TX0004073458,0
TX0004073478,0
TX0004073479,0
TX0004073538,0
TX0004073543,0
TX0004073545,0
TX0004073580,0
TX0004073621,0
TX0004073665,0
TX0004073753,0
TX0004073763,0
TX0004073815,0
TX0004073927,0
TX0004073931,0
TX0004073945,0
TX0004073963,0
TX0004073970,0
TX0004074029,0
TX0004074229,0
TX0004074312,0
TX0004074350,0
TX0004074378,0
TX0004074490,0
TX0004074549,0
TX0004074572,0
TX0004074746,0
TX0004074763,0
TX0004074767,0
TX0004074791,0
TX0004074892,0
TX0004074913,0
TX0004074918,0
TX0004074945,0
TX0004074988,0
TX0004074998,0
TX0004074999,0
TX0004075047,0
TX0004075090,0
TX0004075139,0
TX0004075144,0
TX0004075149,0
TX0004075155,0
TX0004075208,0
TX0004075284,0
TX0004075302,0
TX0004075365,0
TX0004075427,0
TX0004075484,0
TX0004075485,0
TX0004075491,0
TX0004075532,0
TX0004075533,0
TX0004075534,0
TX0004075549,0
TX0004075582,0
TX0004075636,0
TX0004075644,0
TX0004075657,0
TX0004075693,0
TX0004075736,0
TX0004075778,0
TX0004075808,0
TX0004075810,0
TX0004075845,0
TX0004075872,0
TX0004075931,0
TX0004075954,0
TX0004075987,0
TX0004076023,0
TX0004076024,0
TX0004076033,0
TX0004076036,0
TX0004076100,0
TX0004076114,0
TX0004076144,0
TX0004076215,0
TX0004076220,0
TX0004076234,0
TX0004076237,0
TX0004076261,0
TX0004076370,0
TX0004076376,0
TX0004076387,0
TX0004076451,0
TX0004076491,0
TX0004076492,0
TX0004076520,0
TX0004076539,0
TX0004076550,0
TX0004076570,0
TX0004076591,0
TX0004076626,0
TX0004076643,0
TX0004076649,0
TX0004076668,0
TX0004076681,0
TX0004076748,0
TX0004076785,0
TX0004076797,0
TX0004076798,0
TX0004076825,0
TX0004076829,0
TX0004076849,0
TX0004076865,0
TX0004076978,0
TX0004077008,0
TX0004077012,0
TX0004077021,0
TX0004077067,0
TX0004077139,0
TX0004077217,0
TX0004077231,0
TX0004077250,0
TX0004077276,0
TX0004077334,0
TX0004077336,0
TX0004077354,0
TX0004077401,0
TX0004077440,0
TX0004077475,0
TX0004077487,0
TX0004077561,0
TX0004077589,0
TX0004077598,0
TX0004077608,0
TX0004077635,0
TX0004077660,0
TX0004077661,0
TX0004077701,0
TX0004077748,0
TX0004077751,0
TX0004077792,0
TX0004077809,0
TX0004077835,0
TX0004077919,0
TX0004077958,0
TX0004078007,0
TX0004078074,0
TX0004078127,0
TX0004078143,0
TX0004078154,0
TX0004078207,0
TX0004078208,0
TX0004078221,0
TX0004078244,0
TX0004078248,0
TX0004078249,0
TX0004078287,0
TX0004078292,0
TX0004078294,0
TX0004078376,0
TX0004078412,0
TX0004078422,0
TX0004078452,0
TX0004078502,0
TX0004078505,0
TX0004078538,0
TX0004078573,0
TX0004078579,0
TX0004078671,0
TX0004078678,0
TX0004078741,0
TX0004078765,0
TX0004078785,0
TX0004078820,0
TX0004078836,0
TX0004078856,0
TX0004078862,0
TX0004078875,0
TX0004078879,0
TX0004078907,0
TX0004069347,0
TX0004069353,0
TX0004069376,0
TX0004069418,0
TX0004069474,0
TX0004069519,0
TX0004069609,0
TX0004069615,0
TX0004069680,0
TX0004069684,0
TX0004069717,0
TX0004069721,0
TX0004069734,0
TX0004069771,0
TX0004069794,0
TX0004069904,0
TX0004069963,0
TX0004069991,0
TX0004070001,0
TX0004070029,0
TX0004070031,0
TX0004070063,0
TX0004070136,0
TX0004070141,0
TX0004070156,0
TX0004070157,0
TX0004070231,0
TX0004070298,0
TX0004070322,0
TX0004070359,0
TX0004070451,0
TX0004070454,0
TX0004070501,0
TX0004070503,0
TX0004070519,0
TX0004070525,0
TX0004070567,0
TX0004070618,0
TX0004070674,0
TX0004070696,0
TX0004070751,0
TX0004070782,0
TX0004070786,0
TX0004070790,0
TX0004070800,0
TX0004070844,0
TX0004070852,0
TX0004070880,0
TX0004070898,0
TX0004070951,0
TX0004070965,0
TX0004071014,0
TX0004071049,0
TX0004071053,0
TX0004071060,0
TX0004071062,0
TX0004071126,0
TX0004071161,0
TX0004071170,0
TX0004071207,0
TX0004071347,0
TX0004071349,0
TX0004071407,0
TX0004071495,0
TX0004071523,0
TX0004071553,0
TX0004071556,0
TX0004071563,0
TX0004071607,0
TX0004071657,0
TX0004071723,0
TX0004071765,0
TX0004071773,0
TX0004071798,0
TX0004071808,0
TX0004071818,0
TX0004071868,0
TX0004071887,0
TX0004071900,0
TX0004071947,0
TX0004071969,0
TX0004071996,0
TX0004072143,0
TX0004072160,0
TX0004072186,0
TX0004072238,0
TX0004072254,0
TX0004072263,0
TX0004072294,0
TX0004072314,0
TX0004072316,0
TX0004072370,0
TX0004072420,0
TX0004072448,0
TX0004072496,0
TX0004072512,0
TX0004072568,0
TX0004072573,0
TX0004072583,0
TX0004072620,0
TX0004072621,0
TX0004072624,0
TX0004072632,0
TX0004072656,0
TX0004072671,0
TX0004072683,0
TX0004072727,0
TX0004072753,0
TX0004072756,0
TX0004072810,0
TX0004072831,0
TX0004072878,0
TX0004072976,0
TX0004073027,0
TX0004073040,0
TX0004073145,0
TX0004073197,0
TX0004073303,0
TX0004073308,0
TX0004073336,0
TX0004073368,0
TX0004073422,0
TX0004073431,0
TX0004073510,0
TX0004073518,0
TX0004073531,0
TX0004073534,0
TX0004073589,0
TX0004073610,0
TX0004073678,0
TX0004073722,0
TX0004073723,0
TX0004073764,0
TX0004073797,0
TX0004073841,0
TX0004073898,0
TX0004073930,0
TX0004073933,0
TX0004073983,0
TX0004074003,0
TX0004074030,0
TX0004074036,0
TX0004074045,0
TX0004074065,0
TX0004074070,0
TX0004074091,0
TX0004074113,0
TX0004074184,0
TX0004074209,0
TX0004074217,0
TX0004074218,0
TX0004074228,0
TX0004074290,0
TX0004074300,0
TX0004074394,0
TX0004074412,0
TX0004074434,0
TX0004074459,0
TX0004074481,0
TX0004074506,0
TX0004074535,0
TX0004074563,0
TX0004074568,0
TX0004074634,0
TX0004074651,0
TX0004074675,0
TX0004074683,0
TX0004074726,0
TX0004074755,0
TX0004074809,0
TX0004074827,0
TX0004074855,0
TX0004074938,0
TX0004075031,0
TX0004075077,0
TX0004075087,0
TX0004075151,0
TX0004075153,0
TX0004075166,0
TX0004075206,0
TX0004075207,0
TX0004075209,0
TX0004075213,0
TX0004075224,0
TX0004075229,0
TX0004075250,0
TX0004075270,0
TX0004075287,0
TX0004075293,0
TX0004075309,0
TX0004075337,0
TX0004075350,0
TX0004075373,0
TX0004075400,0
TX0004075411,0
TX0004075449,0
TX0004075467,0
TX0004075520,0
TX0004075529,0
TX0004075537,0
TX0004075568,0
TX0004075586,0
TX0004075602,0
TX0004075617,0
TX0004075648,0
TX0004075686,0
TX0004075735,0
TX0004075762,0
TX0004075771,0
TX0004075775,0
TX0004075800,0
TX0004075822,0
TX0004075830,0
TX0004075850,0
TX0004075862,0
TX0004075873,0
TX0004075889,0
TX0004075906,0
TX0004075911,0
TX0004075937,0
TX0004075958,0
TX0004075977,0
TX0004075992,0
TX0004076105,0
TX0004076127,0
TX0004076162,0
TX0004076238,0
TX0004076298,0
TX0004076310,0
TX0004076397,0
TX0004076464,0
TX0004076478,0
TX0004076493,0
TX0004076521,0
TX0004076522,0
TX0004076558,0
TX0004076561,0
TX0004076574,0
TX0004076577,0
TX0004076602,0
TX0004076721,0
TX0004076777,0
TX0004076816,0
TX0004076831,0
TX0004076839,0
TX0004076902,0
TX0004076905,0
TX0004076907,0
TX0004076929,0
TX0004076983,0
TX0004076987,0
TX0004077061,0
TX0004077178,0
TX0004077187,0
TX0004077188,0
TX0004077191,0
TX0004077220,0
TX0004077318,0
TX0004077320,0
TX0004077326,0
TX0004077327,0
TX0004077378,0
TX0004077417,0
TX0004077439,0
TX0004077507,0
TX0004077535,0
TX0004077538,0
TX0004077624,0
TX0004077631,0
TX0004077658,0
TX0004077685,0
TX0004077698,0
TX0004077712,0
TX0004077713,0
TX0004077791,0
TX0004077859,0
TX0004077883,0
TX0004077892,0
TX0004077944,0
TX0004078004,0
TX0004078024,0
TX0004078055,0
TX0004078062,0
TX0004078099,0
TX0004078111,0
TX0004078119,0
TX0004078135,0
TX0004078140,0
TX0004078147,0
TX0004078152,0
TX0004078164,0
TX0004078175,0
TX0004078187,0
TX0004078253,0
TX0004078284,0
TX0004078308,0
TX0004078375,0
TX0004078453,0
TX0004078454,0
TX0004078479,0
TX0004078507,0
TX0004078513,0
TX0004078559,0
TX0004078567,0
TX0004078610,0
TX0004078646,0
TX0004078676,0
TX0004078686,0
TX0004078748,0
TX0004078771,0
TX0004078789,0
TX0004078905,0
TX0004069314,0
TX0004069317,0
TX0004069324,0
TX0004069343,0
TX0004069396,0
TX0004069405,0
TX0004069411,0
TX0004069419,0
TX0004069437,0
TX0004069507,0
TX0004069529,0
TX0004069590,0
TX0004069633,0
TX0004069720,0
TX0004069723,0
TX0004069813,0
TX0004069876,0
TX0004069914,0
TX0004069916,0
TX0004069985,0
TX0004070007,0
TX0004070112,0
TX0004070126,0
TX0004070142,0
TX0004070150,0
TX0004070164,0
TX0004070193,0
TX0004070225,0
TX0004070258,0
TX0004070286,0
TX0004070309,0
TX0004070311,0
TX0004070313,0
TX0004070367,0
TX0004070389,0
TX0004070449,0
TX0004070460,0
TX0004070478,0
TX0004070540,0
TX0004070626,0
TX0004070627,0
TX0004070630,0
TX0004070632,0
TX0004070633,0
TX0004070660,0
TX0004070704,0
TX0004070719,0
TX0004070743,0
TX0004070756,0
TX0004070813,0
TX0004070849,0
TX0004070864,0
TX0004070889,0
TX0004070900,0
TX0004070915,0
TX0004070947,0
TX0004071122,0
TX0004071171,0
TX0004071183,0
TX0004071186,0
TX0004071202,0
TX0004071212,0
TX0004071213,0
TX0004071226,0
TX0004071245,0
TX0004071314,0
TX0004071329,0
TX0004071402,0
TX0004071416,0
TX0004071424,0
TX0004071444,0
TX0004071491,0
TX0004071497,0
TX0004071511,0
TX0004071514,0
TX0004071528,0
TX0004071582,0
TX0004071656,0
TX0004071692,0
TX0004071695,0
TX0004071768,0
TX0004071813,0
TX0004071842,0
TX0004071846,0
TX0004071865,0
TX0004071921,0
TX0004071924,0
TX0004071935,0
TX0004072007,0
TX0004072009,0
TX0004072015,0
TX0004072028,0
TX0004072031,0
TX0004072132,0
TX0004072137,0
TX0004072151,0
TX0004072156,0
TX0004072195,0
TX0004072206,0
TX0004072286,0
TX0004072301,0
TX0004072318,0
TX0004072330,0
TX0004072345,0
TX0004072354,0
TX0004072359,0
TX0004072405,0
TX0004072409,0
TX0004072422,0
TX0004072440,0
TX0004072485,0
TX0004072517,0
TX0004072528,0
TX0004072533,0
TX0004072534,0
TX0004072557,0
TX0004072558,0
TX0004072566,0
TX0004072640,0
TX0004072642,0
TX0004072654,0
TX0004072684,0
TX0004072690,0
TX0004072735,0
TX0004072763,0
TX0004072776,0
TX0004072782,0
TX0004072792,0
TX0004072824,0
TX0004072841,0
TX0004072919,0
TX0004072944,0
TX0004072985,0
TX0004073044,0
TX0004073097,0
TX0004073109,0
TX0004073120,0
TX0004073137,0
TX0004073175,0
TX0004073182,0
TX0004073233,0
TX0004073239,0
TX0004073352,0
TX0004073362,0
TX0004073374,0
TX0004073407,0
TX0004073432,0
TX0004073446,0
TX0004073487,0
TX0004073540,0
TX0004073568,0
TX0004073595,0
TX0004073597,0
TX0004073627,0
TX0004073630,0
TX0004073637,0
TX0004073638,0
TX0004073642,0
TX0004073643,0
TX0004073669,0
TX0004073793,0
TX0004073819,0
TX0004073843,0
TX0004073845,0
TX0004073866,0
TX0004073974,0
TX0004074009,0
TX0004074076,0
TX0004074114,0
TX0004074130,0
TX0004074155,0
TX0004074165,0
TX0004074190,0
TX0004074191,0
TX0004074198,0
TX0004074205,0
TX0004074231,0
TX0004074252,0
TX0004074253,0
TX0004074305,0
TX0004074376,0
TX0004074510,0
TX0004074556,0
TX0004074600,0
TX0004074601,0
TX0004074608,0
TX0004074630,0
TX0004074641,0
TX0004074739,0
TX0004074759,0
TX0004074779,0
TX0004074788,0
TX0004074804,0
TX0004074835,0
TX0004074900,0
TX0004074926,0
TX0004074980,0
TX0004074991,0
TX0004075002,0
TX0004075019,0
TX0004075021,0
TX0004075028,0
TX0004075043,0
TX0004075054,0
TX0004075066,0
TX0004075160,0
TX0004075242,0
TX0004075245,0
TX0004075283,0
TX0004075286,0
TX0004075329,0
TX0004075333,0
TX0004075334,0
TX0004075347,0
TX0004075463,0
TX0004075608,0
TX0004075652,0
TX0004075712,0
TX0004075739,0
TX0004075749,0
TX0004075787,0
TX0004075788,0
TX0004075803,0
TX0004075821,0
TX0004075930,0
TX0004075953,0
TX0004075983,0
TX0004075996,0
TX0004076009,0
TX0004076028,0
TX0004076048,0
TX0004076057,0
TX0004076081,0
TX0004076136,0
TX0004076139,0
TX0004076189,0
TX0004076230,0
TX0004076264,0
TX0004076346,0
TX0004076385,0
TX0004076396,0
TX0004076414,0
TX0004076452,0
TX0004076462,0
TX0004076467,0
TX0004076518,0
TX0004076538,0
TX0004076584,0
TX0004076610,0
TX0004076622,0
TX0004076634,0
TX0004076670,0
TX0004076732,0
TX0004076735,0
TX0004076757,0
TX0004076782,0
TX0004076856,0
TX0004076887,0
TX0004076893,0
TX0004076900,0
TX0004076903,0
TX0004076913,0
TX0004076921,0
TX0004076924,0
TX0004076926,0
TX0004076949,0
TX0004076968,0
TX0004076993,0
TX0004077006,0
TX0004077044,0
TX0004077161,0
TX0004077202,0
TX0004077218,0
TX0004077292,0
TX0004077304,0
TX0004077322,0
TX0004077414,0
TX0004077456,0
TX0004077501,0
TX0004077512,0
TX0004077543,0
TX0004077551,0
TX0004077587,0
TX0004077593,0
TX0004077626,0
TX0004077663,0
TX0004077664,0
TX0004077709,0
TX0004077718,0
TX0004077723,0
TX0004077726,0
TX0004077798,0
TX0004077820,0
TX0004077874,0
TX0004077903,0
TX0004077970,0
TX0004078022,0
TX0004078028,0
TX0004078078,0
TX0004078084,0
TX0004078129,0
TX0004078149,0
TX0004078177,0
TX0004078178,0
TX0004078185,0
TX0004078209,0
TX0004078226,0
TX0004078246,0
TX0004078259,0
TX0004078260,0
TX0004078272,0
TX0004078280,0
TX0004078321,0
TX0004078385,0
TX0004078434,0
TX0004078499,0
TX0004078516,0
TX0004078580,0
TX0004078587,0
TX0004078637,0
TX0004078697,0
TX0004078715,0
TX0004078781,0
TX0004078790,0
TX0004078805,0
TX0004078843,0
TX0004078900,0
TX0003596553,0
TX0003596554,0
TX0003596555,1
TX0004069412,0
TX0004069438,0
TX0004069461,0
TX0004069508,0
TX0004069514,0
TX0004069517,0
TX0004069524,0
TX0004069525,0
TX0004069560,0
TX0004069587,0
TX0004069605,0
TX0004069617,0
TX0004069639,0
TX0004069679,0
TX0004069681,0
TX0004069686,0
TX0004069689,0
TX0004069701,0
TX0004069758,0
TX0004069775,0
TX0004069841,0
TX0004069844,0
TX0004069859,0
TX0004069869,0
TX0004069874,0
TX0004069884,0
TX0004069892,0
TX0004069898,0
TX0004069950,0
TX0004069973,0
TX0004070019,0
TX0004070028,0
TX0004070097,0
TX0004070103,0
TX0004070118,0
TX0004070130,0
TX0004070139,0
TX0004070155,0
TX0004070195,0
TX0004070235,0
TX0004070295,0
TX0004070356,0
TX0004070378,0
TX0004070392,0
TX0004070410,0
TX0004070411,0
TX0004070450,0
TX0004070452,0
TX0004070457,0
TX0004070494,0
TX0004070504,0
TX0004070509,0
TX0004070518,0
TX0004070574,0
TX0004070581,0
TX0004070641,0
TX0004070648,0
TX0004070653,0
TX0004070681,0
TX0004070683,0
TX0004070692,0
TX0004070733,0
TX0004070748,0
TX0004070766,0
TX0004070783,0
TX0004070842,0
TX0004070903,0
TX0004071001,0
TX0004071046,0
TX0004071054,0
TX0004071076,0
TX0004071084,0
TX0004071148,0
TX0004071189,0
TX0004071191,0
TX0004071221,0
TX0004071225,0
TX0004071247,0
TX0004071250,0
TX0004071251,0
TX0004071254,0
TX0004071259,0
TX0004071298,0
TX0004071343,0
TX0004071472,0
TX0004071473,0
TX0004071477,0
TX0004071500,0
TX0004071537,0
TX0004071562,0
TX0004071568,0
TX0004071638,0
TX0004071641,0
TX0004071703,0
TX0004071737,0
TX0004071753,0
TX0004071757,0
TX0004071781,0
TX0004071823,0
TX0004071827,0
TX0004071832,0
TX0004071864,0
TX0004071889,0
TX0004071890,0
TX0004071919,0
TX0004071960,0
TX0004072010,0
TX0004072013,0
TX0004072027,0
TX0004072039,0
TX0004072111,0
TX0004072191,0
TX0004072204,0
TX0004072308,0
TX0004072309,0
TX0004072313,0
TX0004072341,0
TX0004072342,0
TX0004072428,0
TX0004072458,0
TX0004072537,0
TX0004072543,0
TX0004072545,0
TX0004072562,0
TX0004072587,0
TX0004072591,0
TX0004072604,0
TX0004072666,0
TX0004072715,0
TX0004072722,0
TX0004072745,0
TX0004072833,0
TX0004072933,0
TX0004072945,0
TX0004073023,0
TX0004073050,0
TX0004073068,0
TX0004073086,0
TX0004073127,0
TX0004073138,0
TX0004073151,0
TX0004073181,0
TX0004073268,0
TX0004073357,0
TX0004073363,0
TX0004073370,0
TX0004073466,0
TX0004073529,0
TX0004073571,0
TX0004073588,0
TX0004073615,0
TX0004073664,0
TX0004073715,0
TX0004073746,0
TX0004073755,0
TX0004073830,0
TX0004073872,0
TX0004073881,0
TX0004073935,0
TX0004074024,0
TX0004074026,0
TX0004074039,0
TX0004074047,0
TX0004074084,0
TX0004074089,0
TX0004074120,0
TX0004074122,0
TX0004074141,0
TX0004074153,0
TX0004074157,0
TX0004074170,0
TX0004074297,0
TX0004074337,0
TX0004074393,0
TX0004074408,0
TX0004074461,0
TX0004074471,0
TX0004074494,0
TX0004074552,0
TX0004074574,0
TX0004074645,0
TX0004074731,0
TX0004074734,0
TX0004074761,0
TX0004074781,0
TX0004074810,0
TX0004074819,0
TX0004074838,0
TX0004074840,0
TX0004074864,0
TX0004074873,0
TX0004074983,0
TX0004075035,0
TX0004075053,0
TX0004075070,0
TX0004075078,0
TX0004075096,0
TX0004075123,0
TX0004075168,0
TX0004075198,0
TX0004075203,0
TX0004075230,0
TX0004075327,0
TX0004075386,0
TX0004075387,0
TX0004075407,0
TX0004075447,0
TX0004075460,0
TX0004075476,0
TX0004075487,0
TX0004075515,0
TX0004075519,0
TX0004075535,0
TX0004075538,0
TX0004075560,0
TX0004075607,0
TX0004075640,0
TX0004075650,0
TX0004075658,0
TX0004075669,0
TX0004075678,0
TX0004075680,0
TX0004075692,0
TX0004075702,0
TX0004075719,0
TX0004075723,0
TX0004075758,0
TX0004075760,0
TX0004075765,0
TX0004075779,0
TX0004075781,0
TX0004075794,0
TX0004075818,0
TX0004075819,0
TX0004075835,0
TX0004075842,0
TX0004075857,0
TX0004075881,0
TX0004075901,0
TX0004075929,0
TX0004075947,0
TX0004075950,0
TX0004075965,0
TX0004075966,0
TX0004076072,0
TX0004076113,0
TX0004076142,0
TX0004076167,0
TX0004076174,0
TX0004076199,0
TX0004076217,0
TX0004076224,0
TX0004076229,0
TX0004076262,0
TX0004076295,0
TX0004076296,0
TX0004076305,0
TX0004076337,0
TX0004076345,0
TX0004076353,0
TX0004076375,0
TX0004076445,0
TX0004076527,0
TX0004076541,0
TX0004076554,0
TX0004076594,0
TX0004076653,0
TX0004076654,0
TX0004076693,0
TX0004076814,0
TX0004076895,0
TX0004076901,0
TX0004076950,0
TX0004077046,0
TX0004077099,0
TX0004077104,0
TX0004077130,0
TX0004077207,0
TX0004077226,0
TX0004077229,0
TX0004077252,0
TX0004077253,0
TX0004077324,0
TX0004077328,0
TX0004077346,0
TX0004077371,0
TX0004077376,0
TX0004077389,0
TX0004077400,0
TX0004077418,0
TX0004077461,0
TX0004077511,0
TX0004077565,0
TX0004077568,0
TX0004077590,0
TX0004077681,0
TX0004077736,0
TX0004077753,0
TX0004077768,0
TX0004077789,0
TX0004077818,0
TX0004077828,0
TX0004077873,0
TX0004077917,0
TX0004077985,0
TX0004078020,0
TX0004078042,0
TX0004078043,0
TX0004078073,0
TX0004078096,0
TX0004078126,0
TX0004078146,0
TX0004078213,0
TX0004078223,0
TX0004078243,0
TX0004078270,0
TX0004078289,0
TX0004078335,0
TX0004078355,0
TX0004078380,0
TX0004078387,0
TX0004078438,0
TX0004078439,0
TX0004078468,0
TX0004078482,0
TX0004078506,0
TX0004078520,0
TX0004078568,0
TX0004078597,0
TX0004078620,0
TX0004078635,0
TX0004078639,0
TX0004078667,0
TX0004078717,0
TX0004078719,0
TX0004078747,0
TX0004078802,0
TX0004078810,0
TX0004078814,0
TX0004078860,0
TX0004078872,0
TX0004078904,0
TX0004069326,0
TX0004069339,0
TX0004069367,0
TX0004069383,0
TX0004069424,0
TX0004069425,0
TX0004069440,0
TX0004069447,0
TX0004069455,0
TX0004069475,0
TX0004069491,0
TX0004069516,0
TX0004069536,0
TX0004069551,0
TX0004069561,0
TX0004069577,0
TX0004069604,0
TX0004069612,0
TX0004069616,0
TX0004069659,0
TX0004069753,0
TX0004069754,0
TX0004069795,0
TX0004069809,0
TX0004069815,0
TX0004069816,0
TX0004069845,0
TX0004069849,0
TX0004069862,0
TX0004069872,0
TX0004069877,0
TX0004069881,0
TX0004069886,0
TX0004069888,0
TX0004069917,0
TX0004069934,0
TX0004069949,0
TX0004069997,0
TX0004070044,0
TX0004070068,0
TX0004070226,0
TX0004070283,0
TX0004070316,0
TX0004070348,0
TX0004070351,0
TX0004070352,0
TX0004070400,0
TX0004070412,0
TX0004070430,0
TX0004070455,0
TX0004070508,0
TX0004070523,0
TX0004070537,0
TX0004070551,0
TX0004070552,0
TX0004070560,0
TX0004070592,0
TX0004070603,0
TX0004070606,0
TX0004070625,0
TX0004070693,0
TX0004070736,0
TX0004070826,0
TX0004070854,0
TX0004070887,0
TX0004070893,0
TX0004070910,0
TX0004070924,0
TX0004070925,0
TX0004070948,0
TX0004070989,0
TX0004070998,0
TX0004071011,0
TX0004071035,0
TX0004071037,0
TX0004071043,0
TX0004071063,0
TX0004071080,0
TX0004071081,0
TX0004071094,0
TX0004071098,0
TX0004071118,0
TX0004071121,0
TX0004071137,0
TX0004071138,0
TX0004071159,0
TX0004071173,0
TX0004071185,0
TX0004071206,0
TX0004071238,0
TX0004071261,0
TX0004071264,0
TX0004071265,0
TX0004071275,0
TX0004071301,0
TX0004071323,0
TX0004071404,0
TX0004071405,0
TX0004071426,0
TX0004071434,0
TX0004071526,0
TX0004071531,0
TX0004071598,0
TX0004071629,0
TX0004071631,0
TX0004071648,0
TX0004071649,0
TX0004071666,0
TX0004071751,0
TX0004071752,0
TX0004071785,0
TX0004071794,0
TX0004071845,0
TX0004071863,0
TX0004071872,0
TX0004071953,0
TX0004071971,0
TX0004072020,0
TX0004072070,0
TX0004072076,0
TX0004072078,0
TX0004072114,0
TX0004072123,0
TX0004072129,0
TX0004072208,0
TX0004072227,0
TX0004072275,0
TX0004072304,0
TX0004072340,0
TX0004072366,0
TX0004072493,0
TX0004072524,0
TX0004072540,0
TX0004072553,0
TX0004072575,0
TX0004072617,0
TX0004072659,0
TX0004072770,0
TX0004072771,0
TX0004072785,0
TX0004072797,0
TX0004072798,0
TX0004072805,0
TX0004072850,0
TX0004072863,0
TX0004072875,0
TX0004072897,0
TX0004072932,0
TX0004073063,0
TX0004073108,0
TX0004073114,0
TX0004073119,0
TX0004073149,0
TX0004073161,1
TX0004073169,0
TX0004073174,0
TX0004073214,0
TX0004073242,0
TX0004073275,0
TX0004073341,0
TX0004073342,0
TX0004073395,0
TX0004073399,0
TX0004073421,0
TX0004073435,0
TX0004073445,0
TX0004073467,0
TX0004073483,0
TX0004073496,0
TX0004073523,0
TX0004073549,0
TX0004073556,0
TX0004073581,0
TX0004073608,0
TX0004073660,0
TX0004073683,0
TX0004073694,0
TX0004073705,0
TX0004073718,0
TX0004073738,0
TX0004073745,0
TX0004073759,0
TX0004073782,0
TX0004073783,0
TX0004073854,0
TX0004073874,0
TX0004073882,0
TX0004073937,0
TX0004073951,0
TX0004073977,0
TX0004073980,0
TX0004073992,0
TX0004074033,0
TX0004074095,0
TX0004074132,0
TX0004074247,0
TX0004074257,0
TX0004074266,0
TX0004074267,0
TX0004074278,0
TX0004074338,0
TX0004074354,0
TX0004074362,0
TX0004074372,0
TX0004074375,0
TX0004074388,0
TX0004074389,0
TX0004074424,0
TX0004074438,0
TX0004074472,0
TX0004074498,0
TX0004074504,0
TX0004074532,0
TX0004074569,0
TX0004074606,0
TX0004074607,0
TX0004074610,0
TX0004074612,0
TX0004074654,0
TX0004074757,0
TX0004074762,0
TX0004074790,0
TX0004074794,0
TX0004074800,0
TX0004074818,0
TX0004074977,0
TX0004074987,0
TX0004075006,0
TX0004075016,0
TX0004075111,0
TX0004075141,0
TX0004075182,0
TX0004075184,0
TX0004075210,0
TX0004075225,0
TX0004075232,0
TX0004075248,0
TX0004075257,0
TX0004075314,0
TX0004075316,0
TX0004075375,0
TX0004075504,0
TX0004075526,0
TX0004075550,0
TX0004075588,0
TX0004075655,0
TX0004075664,0
TX0004075737,0
TX0004075817,0
TX0004075848,0
TX0004075870,0
TX0004075871,0
TX0004075874,0
TX0004075890,0
TX0004076038,0
TX0004076052,0
TX0004076069,0
TX0004076070,0
TX0004076091,0
TX0004076099,0
TX0004076143,0
TX0004076202,0
TX0004076259,0
TX0004076282,0
TX0004076286,0
TX0004076287,0
TX0004076293,0
TX0004076321,0
TX0004076401,0
TX0004076459,0
TX0004076471,0
TX0004076524,0
TX0004076552,0
TX0004076612,0
TX0004076631,0
TX0004076686,0
TX0004076701,0
TX0004076733,0
TX0004076760,0
TX0004076762,0
TX0004076788,0
TX0004076881,0
TX0004076943,0
TX0004076952,0
TX0004076973,0
TX0004076995,0
TX0004077035,0
TX0004077065,0
TX0004077090,0
TX0004077094,0
TX0004077113,0
TX0004077136,0
TX0004077164,0
TX0004077236,0
TX0004077247,0
TX0004077296,0
TX0004077342,0
TX0004077348,0
TX0004077355,0
TX0004077377,0
TX0004077515,0
TX0004077520,0
TX0004077594,0
TX0004077662,0
TX0004077710,0
TX0004077711,0
TX0004077731,0
TX0004077757,0
TX0004077758,0
TX0004077764,0
TX0004077766,0
TX0004077864,0
TX0004077879,0
TX0004077988,0
TX0004077992,0
TX0004078080,0
TX0004078081,0
TX0004078116,0
TX0004078132,0
TX0004078196,0
TX0004078225,0
TX0004078233,0
TX0004078237,0
TX0004078266,0
TX0004078290,0
TX0004078296,0
TX0004078358,0
TX0004078359,0
TX0004078394,0
TX0004078404,0
TX0004078429,0
TX0004078457,0
TX0004078486,0
TX0004078527,0
TX0004078537,0
TX0004078547,0
TX0004078555,0
TX0004078560,0
TX0004078584,0
TX0004078699,0
TX0004078733,0
TX0004078758,0
TX0004078803,0
TX0004078864,0
TX0004078878,0
TX0004078889,0
TX0004078921,0
TX0004078937,0
TX0004078938,0
TX0004078945,0
TX0004078965,0
TX0004078999,0
TX0004079010,0
TX0004079018,0
TX0004079050,0
TX0004079062,0
TX0004079066,0
TX0004079083,0
TX0004079106,0
TX0004079111,0
TX0004079137,0
TX0004079145,0
TX0004079154,0
TX0004079192,0
TX0004079193,0
TX0004079210,0
TX0004079284,0
TX0004079286,0
TX0004079325,0
TX0004079336,0
TX0004079370,0
TX0004079411,0
TX0004079453,0
TX0004079459,0
TX0004079541,0
TX0004079548,0
TX0004079550,0
TX0004079555,0
TX0004079603,0
TX0004079613,0
TX0004079688,0
TX0004079696,0
TX0004079728,0
TX0004079818,0
TX0004079839,0
TX0004079890,0
TX0004079895,0
TX0004079912,0
TX0004079961,0
TX0004079986,0
TX0004079989,0
TX0004079997,0
TX0004080022,0
TX0004080036,0
TX0004080050,0
TX0004080056,0
TX0004080062,0
TX0004080101,0
TX0004080106,0
TX0004080118,0
TX0004080123,0
TX0004080142,0
TX0004080152,0
TX0004080235,0
TX0004080237,0
TX0004080284,0
TX0004080292,0
TX0004080294,0
TX0004080316,0
TX0004080343,0
TX0004080386,0
TX0004080388,0
TX0004080393,0
TX0004080394,0
TX0004080433,0
TX0004080443,0
TX0004080449,0
TX0004080488,0
TX0004080506,0
TX0004080515,0
TX0004080582,0
TX0004080687,0
TX0004080702,0
TX0004080807,0
TX0004080851,0
TX0004080863,0
TX0004080869,0
TX0004080921,0
TX0004080934,0
TX0004080968,0
TX0004081071,0
TX0004081088,0
TX0004081223,0
TX0004081256,0
TX0004081263,0
TX0004081266,0
TX0004081294,0
TX0004081295,0
TX0004081304,0
TX0004081318,0
TX0004081331,0
TX0004081336,0
TX0004081359,0
TX0004081361,0
TX0004081368,0
TX0004081377,0
TX0004081386,0
TX0004081390,0
TX0004081410,0
TX0004081414,0
TX0004081416,0
TX0004081419,0
TX0004081516,0
TX0004081613,0
TX0004081634,0
TX0004081667,0
TX0004081690,0
TX0004081728,0
TX0004081742,0
TX0004081838,0
TX0004081878,0
TX0004081903,0
TX0004081926,0
TX0004081947,0
TX0004081955,0
TX0004081965,0
TX0004081976,0
TX0004082019,0
TX0004082026,0
TX0004082050,0
TX0004082060,0
TX0004082084,0
TX0004082127,0
TX0004082190,0
TX0004082236,0
TX0004082239,0
TX0004082259,0
TX0004082271,0
TX0004082280,0
TX0004082338,0
TX0004082357,0
TX0004082360,0
TX0004082370,0
TX0004082440,0
TX0004082474,0
TX0004082536,0
TX0004082565,0
TX0004082735,0
TX0004082784,0
TX0004082787,0
TX0004082860,0
TX0004082877,0
TX0004082886,0
TX0004082895,0
TX0004082910,0
TX0004082944,0
TX0004082946,0
TX0004082979,0
TX0004082990,0
TX0004083004,0
TX0004083023,0
TX0004083048,0
TX0004083050,0
TX0004083062,0
TX0004083073,0
TX0004083087,0
TX0004083090,0
TX0004083094,0
TX0004083101,0
TX0004083113,0
TX0004083232,0
TX0004083243,0
TX0004083258,0
TX0004083302,0
TX0004083321,0
TX0004083344,0
TX0004083347,0
TX0004083396,0
TX0004083411,0
TX0004083434,0
TX0004083441,0
TX0004083449,0
TX0004083473,0
TX0004083491,0
TX0004083495,0
TX0004083550,0
TX0004083566,0
TX0004083588,0
TX0004083590,0
TX0004083645,0
TX0004083660,0
TX0004083663,0
TX0004083670,0
TX0004083720,0
TX0004083841,0
TX0004083984,0
TX0004084031,0
TX0004084090,0
TX0004084091,0
TX0004084133,0
TX0004084137,0
TX0004084179,0
TX0004084219,0
TX0004084282,0
TX0004084340,0
TX0004084368,0
TX0004084398,0
TX0004084444,0
TX0004084456,0
TX0004084472,0
TX0004084504,0
TX0004084531,0
TX0004084548,0
TX0004084565,0
TX0004084579,0
TX0004084585,0
TX0004084613,0
TX0004084614,0
TX0004084644,0
TX0004084646,0
TX0004084647,0
TX0004084664,0
TX0004084685,0
TX0004084799,0
TX0004084831,0
TX0004084852,0
TX0004084870,0
TX0004084890,0
TX0004084898,0
TX0004084916,0
TX0004085007,0
TX0004085104,0
TX0004085137,0
TX0004085142,0
TX0004085144,0
TX0004085157,0
TX0004085178,0
TX0004085194,0
TX0004085207,0
TX0004085258,0
TX0004085261,0
TX0004085305,0
TX0004085329,0
TX0004085382,0
TX0004085387,0
TX0004085400,0
TX0004085404,0
TX0004085417,0
TX0004085493,0
TX0004085574,0
TX0004085577,0
TX0004085637,0
TX0004085639,0
TX0004085678,0
TX0004085686,0
TX0004085716,0
TX0004085739,0
TX0004085740,0
TX0004085746,0
TX0004085795,0
TX0004085808,0
TX0004085828,0
TX0004085840,0
TX0004085892,0
TX0004085914,0
TX0004085930,0
TX0004085946,0
TX0004086041,0
TX0004086070,0
TX0004086090,0
TX0004086135,0
TX0004086150,0
TX0004086184,0
TX0004086191,0
TX0004086204,0
TX0004086322,0
TX0004086332,0
TX0004086351,0
TX0004086386,0
TX0004086405,0
TX0004086512,0
TX0004086552,0
TX0004086585,0
TX0004086625,0
TX0004086627,0
TX0004086638,0
TX0004086729,0
TX0004086745,0
TX0004086771,0
TX0004086779,0
TX0004086795,0
TX0004086800,0
TX0004086904,0
TX0004086921,0
TX0004086935,0
TX0004086943,0
TX0004086952,0
TX0004086953,0
TX0004086971,0
TX0004086984,0
TX0004087007,0
TX0004087062,0
TX0004087073,0
TX0004087084,0
TX0004087166,0
TX0004087184,0
TX0004087186,0
TX0004087200,0
TX0004087208,0
TX0004087262,0
TX0004087277,0
TX0004087282,0
TX0004087304,0
TX0004087346,0
TX0004087351,0
TX0004087420,0
TX0004087422,0
TX0004087458,0
TX0004087471,0
TX0004087537,0
TX0004087560,0
TX0004087630,0
TX0004087632,0
TX0004087645,0
TX0004087715,0
TX0004087757,0
TX0004087807,0
TX0004087861,0
TX0004087885,0
TX0004087901,0
TX0004087929,0
TX0004088032,0
TX0004088281,0
TX0004088330,0
TX0004088354,0
TX0004088364,0
TX0004088377,0
TX0004088383,0
TX0004088430,0
TX0004088467,0
TX0004088542,0
TX0004088566,0
TX0004088582,0
TX0004088672,0
TX0004088704,0
TX0004078985,0
TX0004079004,0
TX0004079039,0
TX0004079043,0
TX0004079084,0
TX0004079095,0
TX0004079096,0
TX0004079185,0
TX0004079194,0
TX0004079197,0
TX0004079214,0
TX0004079233,0
TX0004079248,0
TX0004079282,0
TX0004079341,0
TX0004079350,0
TX0004079360,0
TX0004079373,0
TX0004079416,0
TX0004079476,0
TX0004079559,0
TX0004079561,0
TX0004079586,0
TX0004079615,0
TX0004079628,0
TX0004079640,0
TX0004079669,0
TX0004079763,0
TX0004079829,0
TX0004079870,0
TX0004079897,0
TX0004079904,0
TX0004079946,0
TX0004080020,0
TX0004080064,0
TX0004080083,0
TX0004080141,0
TX0004080186,0
TX0004080218,0
TX0004080290,0
TX0004080306,0
TX0004080353,0
TX0004080366,0
TX0004080404,0
TX0004080421,0
TX0004080432,0
TX0004080459,0
TX0004080483,0
TX0004080517,0
TX0004080563,0
TX0004080590,0
TX0004080605,0
TX0004080632,0
TX0004080633,0
TX0004080648,0
TX0004080711,0
TX0004080790,0
TX0004080801,0
TX0004080827,0
TX0004080871,0
TX0004080919,0
TX0004080983,0
TX0004081048,0
TX0004081070,0
TX0004081072,0
TX0004081170,0
TX0004081178,0
TX0004081204,0
TX0004081206,0
TX0004081224,0
TX0004081229,0
TX0004081248,0
TX0004081278,0
TX0004081284,0
TX0004081288,0
TX0004081340,0
TX0004081373,0
TX0004081409,0
TX0004081541,0
TX0004081552,0
TX0004081555,0
TX0004081603,0
TX0004081605,0
TX0004081614,0
TX0004081649,0
TX0004081683,0
TX0004081712,0
TX0004081727,0
TX0004081734,0
TX0004081791,0
TX0004081822,0
TX0004081843,0
TX0004081881,0
TX0004081885,0
TX0004081889,0
TX0004081900,0
TX0004081966,0
TX0004082035,0
TX0004082083,0
TX0004082089,0
TX0004082109,0
TX0004082187,0
TX0004082230,0
TX0004082258,0
TX0004082302,0
TX0004082322,0
TX0004082385,0
TX0004082386,0
TX0004082445,0
TX0004082446,0
TX0004082447,0
TX0004082563,0
TX0004082578,0
TX0004082604,0
TX0004082614,0
TX0004082648,0
TX0004082659,0
TX0004082673,0
TX0004082697,0
TX0004082732,0
TX0004082807,0
TX0004082819,0
TX0004082872,0
TX0004082890,0
TX0004082960,0
TX0004082972,0
TX0004082981,0
TX0004083045,0
TX0004083081,0
TX0004083137,0
TX0004083165,0
TX0004083182,0
TX0004083200,0
TX0004083212,0
TX0004083221,0
TX0004083226,0
TX0004083231,0
TX0004083269,0
TX0004083277,0
TX0004083294,0
TX0004083307,0
TX0004083312,0
TX0004083313,0
TX0004083404,0
TX0004083433,0
TX0004083444,0
TX0004083460,0
TX0004083482,0
TX0004083500,0
TX0004083518,0
TX0004083540,0
TX0004083578,0
TX0004083591,0
TX0004083618,0
TX0004083653,0
TX0004083677,0
TX0004083709,0
TX0004083715,0
TX0004083728,0
TX0004083773,0
TX0004083814,0
TX0004083819,0
TX0004083871,0
TX0004083876,0
TX0004083881,0
TX0004083915,0
TX0004083933,0
TX0004083962,0
TX0004083994,0
TX0004084024,0
TX0004084033,0
TX0004084047,0
TX0004084082,0
TX0004084191,0
TX0004084209,0
TX0004084222,0
TX0004084236,0
TX0004084239,0
TX0004084278,0
TX0004084335,0
TX0004084347,0
TX0004084377,0
TX0004084476,0
TX0004084529,0
TX0004084567,0
TX0004084586,0
TX0004084633,0
TX0004084634,0
TX0004084652,0
TX0004084686,0
TX0004084692,0
TX0004084704,0
TX0004084715,0
TX0004084766,0
TX0004084770,0
TX0004084773,0
TX0004084774,0
TX0004084912,0
TX0004084944,0
TX0004084989,0
TX0004085013,0
TX0004085021,0
TX0004085027,0
TX0004085063,0
TX0004085107,0
TX0004085154,0
TX0004085208,0
TX0004085211,0
TX0004085234,0
TX0004085242,0
TX0004085244,0
TX0004085296,0
TX0004085320,0
TX0004085341,0
TX0004085393,0
TX0004085399,0
TX0004085459,0
TX0004085473,0
TX0004085477,0
TX0004085486,0
TX0004085487,0
TX0004085498,0
TX0004085515,0
TX0004085565,0
TX0004085591,0
TX0004085671,0
TX0004085690,0
TX0004085700,0
TX0004085706,0
TX0004085713,0
TX0004085733,0
TX0004085756,0
TX0004085757,0
TX0004085791,0
TX0004085823,0
TX0004085833,0
TX0004085847,0
TX0004085906,0
TX0004085929,0
TX0004085937,0
TX0004086014,0
TX0004086050,0
TX0004086075,0
TX0004086076,0
TX0004086136,0
TX0004086196,0
TX0004086216,0
TX0004086218,0
TX0004086250,0
TX0004086267,0
TX0004086279,0
TX0004086291,0
TX0004086292,0
TX0004086305,0
TX0004086331,0
TX0004086428,0
TX0004086478,0
TX0004086514,0
TX0004086560,0
TX0004086594,0
TX0004086646,0
TX0004086658,0
TX0004086671,0
TX0004086689,0
TX0004086692,0
TX0004086723,0
TX0004086765,0
TX0004086861,0
TX0004086897,0
TX0004087003,0
TX0004087019,0
TX0004087091,0
TX0004087107,0
TX0004087117,0
TX0004087220,0
TX0004087232,0
TX0004087258,0
TX0004087275,0
TX0004087296,0
TX0004087344,0
TX0004087363,0
TX0004087462,0
TX0004087484,0
TX0004087490,0
TX0004087511,0
TX0004087556,0
TX0004087564,0
TX0004087569,0
TX0004087572,0
TX0004087597,0
TX0004087643,0
TX0004087679,0
TX0004087682,0
TX0004087703,0
TX0004087728,0
TX0004087751,0
TX0004087783,0
TX0004087826,0
TX0004087926,0
TX0004087938,0
TX0004087956,0
TX0004088039,0
TX0004088173,0
TX0004088178,0
TX0004088206,0
TX0004088213,0
TX0004088226,0
TX0004088240,0
TX0004088261,0
TX0004088311,0
TX0004088331,0
TX0004088361,0
TX0004088386,0
TX0004088425,0
TX0004088452,0
TX0004088494,0
TX0004088512,0
TX0004088528,0
TX0004088538,0
TX0004088549,0
TX0004088550,0
TX0004088562,0
TX0004088595,0
TX0004088639,0
TX0004078996,0
TX0004079040,0
TX0004079091,0
TX0004079211,0
TX0004079230,0
TX0004079232,0
TX0004079363,0
TX0004079409,0
TX0004079422,0
TX0004079529,0
TX0004079560,0
TX0004079703,0
TX0004079717,0
TX0004079783,0
TX0004079799,0
TX0004079801,0
TX0004079802,0
TX0004079807,0
TX0004079863,0
TX0004079889,0
TX0004079894,0
TX0004079979,0
TX0004079980,0
TX0004080010,0
TX0004080044,0
TX0004080055,0
TX0004080086,0
TX0004080115,0
TX0004080172,0
TX0004080205,0
TX0004080209,0
TX0004080238,0
TX0004080287,0
TX0004080305,0
TX0004080339,0
TX0004080389,0
TX0004080411,0
TX0004080412,0
TX0004080431,0
TX0004080477,0
TX0004080480,0
TX0004080551,0
TX0004080613,0
TX0004080615,0
TX0004080677,0
TX0004080678,0
TX0004080707,0
TX0004080717,0
TX0004080821,0
TX0004080856,0
TX0004080941,0
TX0004081030,0
TX0004081082,0
TX0004081086,0
TX0004081091,0
TX0004081180,0
TX0004081190,0
TX0004081214,0
TX0004081255,0
TX0004081259,0
TX0004081303,0
TX0004081319,0
TX0004081344,0
TX0004081358,0
TX0004081366,0
TX0004081403,0
TX0004081437,0
TX0004081441,0
TX0004081486,0
TX0004081495,0
TX0004081509,0
TX0004081539,0
TX0004081554,0
TX0004081572,0
TX0004081633,0
TX0004081696,0
TX0004081699,0
TX0004081702,0
TX0004081718,0
TX0004081741,0
TX0004081773,0
TX0004081779,0
TX0004081816,0
TX0004081840,0
TX0004081865,0
TX0004081880,0
TX0004081902,0
TX0004081975,0
TX0004082002,0
TX0004082038,0
TX0004082056,0
TX0004082171,0
TX0004082219,0
TX0004082250,0
TX0004082266,0
TX0004082268,0
TX0004082282,0
TX0004082321,0
TX0004082346,0
TX0004082350,0
TX0004082413,0
TX0004082433,0
TX0004082466,0
TX0004082509,0
TX0004082516,0
TX0004082519,0
TX0004082531,0
TX0004082532,0
TX0004082562,0
TX0004082629,0
TX0004082634,0
TX0004082651,0
TX0004082672,0
TX0004082698,0
TX0004082704,0
TX0004082779,0
TX0004082824,0
TX0004082880,0
TX0004082951,0
TX0004083077,0
TX0004083089,0
TX0004083179,0
TX0004083201,0
TX0004083265,0
TX0004083317,0
TX0004083331,0
TX0004083341,0
TX0004083416,0
TX0004083470,0
TX0004083493,0
TX0004083556,0
TX0004083564,0
TX0004083602,0
TX0004083610,0
TX0004083625,0
TX0004083658,0
TX0004083659,0
TX0004083682,0
TX0004083733,0
TX0004083803,0
TX0004083831,0
TX0004083865,0
TX0004083870,0
TX0004083884,0
TX0004083929,0
TX0004083937,0
TX0004083942,0
TX0004083943,0
TX0004083944,0
TX0004083946,0
TX0004083972,0
TX0004083981,0
TX0004083991,0
TX0004084046,0
TX0004084124,0
TX0004084158,0
TX0004084180,0
TX0004084227,0
TX0004084247,0
TX0004084286,0
TX0004084289,0
TX0004084311,0
TX0004084403,0
TX0004084418,0
TX0004084425,0
TX0004084453,0
TX0004084495,0
TX0004084542,0
TX0004084561,0
TX0004084575,0
TX0004084576,0
TX0004084593,0
TX0004084594,0
TX0004084726,0
TX0004084761,0
TX0004084775,0
TX0004084808,0
TX0004084814,0
TX0004084845,0
TX0004084937,0
TX0004084971,0
TX0004084990,0
TX0004085010,0
TX0004085023,0
TX0004085049,0
TX0004085067,0
TX0004085094,0
TX0004085099,0
TX0004085100,0
TX0004085131,0
TX0004085191,0
TX0004085202,0
TX0004085229,0
TX0004085237,0
TX0004085290,0
TX0004085313,0
TX0004085333,0
TX0004085345,0
TX0004085364,0
TX0004085369,0
TX0004085420,0
TX0004085422,0
TX0004085429,0
TX0004085456,0
TX0004085483,0
TX0004085507,0
TX0004085512,0
TX0004085522,0
TX0004085537,0
TX0004085560,0
TX0004085566,0
TX0004085617,0
TX0004085652,0
TX0004085670,0
TX0004085680,0
TX0004085722,0
TX0004085732,0
TX0004085772,0
TX0004085784,0
TX0004085891,0
TX0004085924,0
TX0004085931,0
TX0004085987,0
TX0004086021,0
TX0004086033,0
TX0004086052,0
TX0004086102,0
TX0004086128,0
TX0004086146,0
TX0004086152,0
TX0004086166,0
TX0004086167,0
TX0004086188,0
TX0004086255,0
TX0004086270,0
TX0004086300,0
TX0004086461,0
TX0004086472,0
TX0004086526,0
TX0004086530,0
TX0004086589,0
TX0004086630,0
TX0004086657,0
TX0004086679,0
TX0004086683,0
TX0004086717,0
TX0004086730,0
TX0004086750,0
TX0004086756,0
TX0004086767,0
TX0004086803,0
TX0004086813,0
TX0004086825,0
TX0004086884,0
TX0004086917,0
TX0004086930,0
TX0004086938,0
TX0004086954,0
TX0004086960,0
TX0004086988,0
TX0004086992,0
TX0004087219,0
TX0004087231,0
TX0004087298,0
TX0004087301,0
TX0004087318,0
TX0004087329,0
TX0004087356,0
TX0004087379,0
TX0004087390,0
TX0004087397,0
TX0004087424,0
TX0004087472,0
TX0004087485,0
TX0004087636,0
TX0004087639,0
TX0004087707,0
TX0004087735,0
TX0004087739,0
TX0004087762,0
TX0004087796,0
TX0004087849,0
TX0004087851,0
TX0004087889,0
TX0004087892,0
TX0004087907,0
TX0004088016,0
TX0004088090,0
TX0004088125,0
TX0004088159,0
TX0004088197,0
TX0004088221,0
TX0004088225,0
TX0004088282,0
TX0004088318,0
TX0004088485,0
TX0004088534,0
TX0004088535,0
TX0004088551,0
TX0004088558,0
TX0004088581,0
TX0004088607,0
TX0004088608,0
TX0004088666,0
TX0004088712,0
TX0004078992,0
TX0004079014,0
TX0004079016,0
TX0004079053,0
TX0004079098,0
TX0004079121,0
TX0004079180,0
TX0004079255,0
TX0004079351,0
TX0004079406,0
TX0004079410,0
TX0004079463,0
TX0004079468,0
TX0004079474,0
TX0004079562,0
TX0004079601,0
TX0004079632,0
TX0004079646,0
TX0004079781,0
TX0004079798,0
TX0004079803,0
TX0004079804,0
TX0004079812,0
TX0004079821,0
TX0004079896,0
TX0004079922,0
TX0004079927,0
TX0004079949,0
TX0004080037,0
TX0004080061,0
TX0004080099,0
TX0004080160,0
TX0004080173,0
TX0004080194,0
TX0004080204,0
TX0004080222,0
TX0004080224,0
TX0004080225,0
TX0004080309,0
TX0004080338,0
TX0004080415,0
TX0004080542,0
TX0004080552,0
TX0004080673,0
TX0004080681,0
TX0004080682,0
TX0004080703,0
TX0004080714,0
TX0004080766,0
TX0004080772,0
TX0004080775,0
TX0004080805,0
TX0004080820,0
TX0004080824,0
TX0004080937,0
TX0004080964,0
TX0004080991,0
TX0004081007,0
TX0004081016,0
TX0004081060,0
TX0004081145,0
TX0004081153,0
TX0004081164,0
TX0004081195,0
TX0004081196,0
TX0004081332,0
TX0004081345,0
TX0004081389,0
TX0004081496,0
TX0004081548,0
TX0004081587,0
TX0004081593,0
TX0004081622,0
TX0004081624,0
TX0004081637,0
TX0004081638,0
TX0004081642,0
TX0004081660,0
TX0004081662,0
TX0004081664,0
TX0004081697,0
TX0004081800,0
TX0004081839,0
TX0004081924,0
TX0004081961,0
TX0004082003,0
TX0004082006,0
TX0004082045,0
TX0004082058,0
TX0004082097,0
TX0004082113,0
TX0004082140,0
TX0004082158,0
TX0004082198,0
TX0004082203,0
TX0004082210,0
TX0004082245,0
TX0004082330,0
TX0004082342,0
TX0004082343,0
TX0004082371,0
TX0004082373,0
TX0004082374,0
TX0004082394,0
TX0004082411,0
TX0004082428,0
TX0004082500,0
TX0004082579,0
TX0004082601,0
TX0004082680,0
TX0004082681,0
TX0004082733,0
TX0004082771,0
TX0004082778,0
TX0004082798,0
TX0004082832,0
TX0004082842,0
TX0004082845,0
TX0004082870,0
TX0004082888,0
TX0004082892,0
TX0004082934,0
TX0004082942,0
TX0004082996,0
TX0004082998,0
TX0004083002,0
TX0004083052,0
TX0004083056,0
TX0004083064,0
TX0004083076,0
TX0004083145,0
TX0004083154,0
TX0004083181,0
TX0004083185,0
TX0004083219,0
TX0004083248,0
TX0004083309,0
TX0004083330,0
TX0004083336,0
TX0004083378,0
TX0004083413,0
TX0004083461,0
TX0004083516,0
TX0004083527,0
TX0004083649,0
TX0004083687,0
TX0004083748,0
TX0004083752,0
TX0004083783,0
TX0004083785,0
TX0004083806,0
TX0004083807,0
TX0004083829,0
TX0004083839,0
TX0004083853,0
TX0004083903,0
TX0004083967,0
TX0004083992,0
TX0004084016,0
TX0004084018,0
TX0004084146,0
TX0004084175,0
TX0004084195,0
TX0004084215,0
TX0004084312,0
TX0004084313,0
TX0004084317,0
TX0004084344,0
TX0004084353,0
TX0004084354,0
TX0004084356,0
TX0004084402,0
TX0004084439,0
TX0004084440,0
TX0004084448,0
TX0004084470,0
TX0004084601,0
TX0004084630,0
TX0004084653,0
TX0004084707,0
TX0004084708,0
TX0004084762,0
TX0004084772,0
TX0004084779,0
TX0004084788,0
TX0004084824,0
TX0004084843,0
TX0004084885,0
TX0004084903,0
TX0004084913,0
TX0004084919,0
TX0004084977,0
TX0004085050,0
TX0004085065,0
TX0004085077,0
TX0004085105,0
TX0004085120,0
TX0004085121,0
TX0004085122,0
TX0004085220,0
TX0004085246,0
TX0004085361,0
TX0004085375,0
TX0004085378,0
TX0004085394,0
TX0004085492,0
TX0004085518,0
TX0004085542,0
TX0004085544,0
TX0004085598,0
TX0004085623,0
TX0004085659,0
TX0004085660,0
TX0004085699,0
TX0004085763,0
TX0004085850,0
TX0004085856,0
TX0004085857,0
TX0004085902,0
TX0004085920,0
TX0004085976,0
TX0004085998,0
TX0004086008,0
TX0004086025,0
TX0004086072,0
TX0004086098,0
TX0004086108,0
TX0004086118,0
TX0004086203,0
TX0004086223,0
TX0004086224,0
TX0004086257,0
TX0004086282,0
TX0004086317,0
TX0004086347,0
TX0004086388,0
TX0004086423,0
TX0004086468,0
TX0004086485,0
TX0004086558,0
TX0004086634,0
TX0004086670,0
TX0004086675,0
TX0004086682,0
TX0004086721,0
TX0004086777,0
TX0004086790,0
TX0004086817,0
TX0004086821,0
TX0004086841,0
TX0004086955,0
TX0004087030,0
TX0004087066,0
TX0004087076,0
TX0004087102,0
TX0004087214,0
TX0004087221,0
TX0004087270,0
TX0004087370,0
TX0004087389,0
TX0004087392,0
TX0004087396,0
TX0004087431,0
TX0004087444,0
TX0004087450,0
TX0004087514,0
TX0004087524,0
TX0004087584,0
TX0004087613,0
TX0004087619,0
TX0004087670,0
TX0004087674,0
TX0004087699,0
TX0004087711,0
TX0004087712,0
TX0004087714,0
TX0004087767,0
TX0004087793,0
TX0004087805,0
TX0004087814,0
TX0004087816,0
TX0004087819,0
TX0004087823,0
TX0004087877,0
TX0004087887,0
TX0004087908,0
TX0004087943,0
TX0004088006,0
TX0004088021,0
TX0004088036,0
TX0004088113,0
TX0004088130,0
TX0004088141,0
TX0004088155,0
TX0004088196,0
TX0004088214,0
TX0004088219,0
TX0004088223,0
TX0004088237,0
TX0004088239,0
TX0004088241,0
TX0004088258,0
TX0004088301,0
TX0004088323,0
TX0004088363,0
TX0004088373,0
TX0004088448,0
TX0004088487,0
TX0004088647,0
TX0004088649,0
TX0004088669,0
TX0004088677,0
TX0004088702,0
TX0004078967,0
TX0004079015,0
TX0004079025,0
TX0004079055,0
TX0004079099,0
TX0004079108,0
TX0004079181,0
TX0004079242,0
TX0004079244,0
TX0004079283,0
TX0004079296,0
TX0004079307,0
TX0004079312,0
TX0004079332,0
TX0004079386,0
TX0004079419,0
TX0004079449,0
TX0004079485,0
TX0004079515,0
TX0004079522,0
TX0004079585,0
TX0004079590,0
TX0004079593,0
TX0004079609,0
TX0004079638,0
TX0004079735,0
TX0004079819,0
TX0004079833,0
TX0004079893,0
TX0004079942,0
TX0004079951,0
TX0004080008,0
TX0004080126,0
TX0004080249,0
TX0004080250,0
TX0004080295,0
TX0004080321,0
TX0004080325,0
TX0004080326,0
TX0004080365,0
TX0004080436,0
TX0004080451,0
TX0004080616,0
TX0004080635,0
TX0004080644,0
TX0004080645,0
TX0004080663,0
TX0004080675,0
TX0004080701,0
TX0004080705,0
TX0004080741,0
TX0004080764,0
TX0004080765,0
TX0004080809,0
TX0004080882,0
TX0004080924,0
TX0004080925,0
TX0004080939,0
TX0004080960,0
TX0004081094,0
TX0004081305,0
TX0004081321,0
TX0004081346,0
TX0004081394,0
TX0004081415,0
TX0004081425,0
TX0004081531,0
TX0004081594,0
TX0004081653,0
TX0004081677,0
TX0004081681,0
TX0004081725,0
TX0004081759,0
TX0004081793,0
TX0004081807,0
TX0004081859,0
TX0004081866,0
TX0004081867,0
TX0004081873,0
TX0004081875,0
TX0004081916,0
TX0004081930,0
TX0004082022,0
TX0004082023,0
TX0004082047,0
TX0004082093,0
TX0004082119,0
TX0004082132,0
TX0004082142,0
TX0004082146,0
TX0004082179,0
TX0004082192,0
TX0004082240,0
TX0004082249,0
TX0004082261,0
TX0004082284,0
TX0004082313,0
TX0004082317,0
TX0004082332,0
TX0004082362,0
TX0004082369,0
TX0004082429,0
TX0004082469,0
TX0004082484,0
TX0004082504,0
TX0004082522,0
TX0004082576,0
TX0004082613,0
TX0004082615,0
TX0004082644,0
TX0004082653,0
TX0004082668,0
TX0004082676,0
TX0004082723,0
TX0004082729,0
TX0004082744,0
TX0004082762,0
TX0004082765,0
TX0004082780,0
TX0004082822,0
TX0004082863,0
TX0004082893,0
TX0004082907,0
TX0004082912,0
TX0004082916,0
TX0004082968,0
TX0004082980,0
TX0004082983,0
TX0004082986,0
TX0004083153,0
TX0004083170,0
TX0004083172,0
TX0004083216,0
TX0004083249,0
TX0004083262,0
TX0004083276,0
TX0004083288,0
TX0004083301,0
TX0004083348,0
TX0004083384,0
TX0004083387,0
TX0004083417,0
TX0004083442,0
TX0004083466,0
TX0004083553,0
TX0004083557,0
TX0004083568,0
TX0004083596,0
TX0004083622,0
TX0004083708,0
TX0004083794,0
TX0004083809,0
TX0004083826,0
TX0004083834,0
TX0004083862,0
TX0004083880,0
TX0004083893,0
TX0004083913,0
TX0004083924,0
TX0004083935,0
TX0004083966,0
TX0004083987,0
TX0004083996,0
TX0004084040,0
TX0004084165,0
TX0004084168,0
TX0004084212,0
TX0004084310,0
TX0004084315,0
TX0004084383,0
TX0004084392,0
TX0004084406,0
TX0004084449,0
TX0004084460,0
TX0004084464,0
TX0004084507,0
TX0004084536,0
TX0004084591,0
TX0004084592,0
TX0004084624,0
TX0004084651,0
TX0004084658,0
TX0004084702,0
TX0004084720,0
TX0004084783,0
TX0004084784,0
TX0004084795,0
TX0004084796,0
TX0004084859,0
TX0004084869,0
TX0004084908,0
TX0004084914,0
TX0004084939,0
TX0004085026,0
TX0004085034,0
TX0004085081,0
TX0004085095,0
TX0004085146,0
TX0004085148,0
TX0004085259,0
TX0004085262,0
TX0004085275,0
TX0004085288,0
TX0004085376,0
TX0004085383,0
TX0004085454,0
TX0004085462,0
TX0004085523,0
TX0004085535,0
TX0004085556,0
TX0004085558,0
TX0004085570,0
TX0004085594,0
TX0004085673,0
TX0004085718,0
TX0004085735,0
TX0004085741,0
TX0004085742,0
TX0004085819,0
TX0004085864,0
TX0004085868,0
TX0004085908,0
TX0004085941,0
TX0004085951,0
TX0004085995,0
TX0004086013,0
TX0004086040,0
TX0004086043,0
TX0004086055,0
TX0004086061,0
TX0004086067,0
TX0004086069,0
TX0004086082,0
TX0004086093,0
TX0004086111,0
TX0004086123,0
TX0004086132,0
TX0004086178,0
TX0004086207,0
TX0004086297,0
TX0004086339,0
TX0004086389,0
TX0004086419,0
TX0004086524,0
TX0004086547,0
TX0004086569,0
TX0004086602,0
TX0004086684,0
TX0004086688,0
TX0004086690,0
TX0004086764,0
TX0004086768,0
TX0004086784,0
TX0004086807,0
TX0004086855,0
TX0004086898,0
TX0004086912,0
TX0004086929,0
TX0004086976,0
TX0004087023,0
TX0004087041,0
TX0004087059,0
TX0004087109,0
TX0004087126,0
TX0004087143,0
TX0004087174,0
TX0004087175,0
TX0004087181,0
TX0004087324,0
TX0004087337,0
TX0004087371,0
TX0004087385,0
TX0004087410,0
TX0004087416,0
TX0004087479,0
TX0004087609,0
TX0004087618,0
TX0004087702,0
TX0004087710,0
TX0004087750,0
TX0004087760,0
TX0004087829,0
TX0004087831,0
TX0004087854,0
TX0004087862,0
TX0004087894,0
TX0004087897,0
TX0004087898,0
TX0004087906,0
TX0004087948,0
TX0004087961,0
TX0004087979,0
TX0004087983,0
TX0004087994,0
TX0004088009,0
TX0004088078,0
TX0004088084,0
TX0004088085,0
TX0004088097,0
TX0004088114,0
TX0004088147,0
TX0004088189,0
TX0004088191,0
TX0004088198,0
TX0004088246,0
TX0004088273,0
TX0004088293,0
TX0004088310,0
TX0004088357,0
TX0004088429,0
TX0004088438,0
TX0004088522,0
TX0004088554,0
TX0004088557,0
TX0004088567,0
TX0004088602,0
TX0004088670,0
TX0004088694,0
TX0004043830,0
TX0004043831,1
TX0004079031,0
TX0004079037,0
TX0004079061,0
TX0004079065,0
TX0004079123,0
TX0004079125,0
TX0004079202,0
TX0004079217,0
TX0004079221,0
TX0004079305,0
TX0004079387,0
TX0004079413,0
TX0004079444,0
TX0004079458,0
TX0004079543,0
TX0004079549,0
TX0004079589,0
TX0004079617,0
TX0004079621,0
TX0004079642,0
TX0004079734,0
TX0004079750,0
TX0004079755,0
TX0004079836,0
TX0004079843,0
TX0004079854,0
TX0004079869,0
TX0004079908,0
TX0004079915,0
TX0004079936,0
TX0004079944,0
TX0004080007,0
TX0004080009,0
TX0004080019,0
TX0004080032,0
TX0004080073,0
TX0004080091,0
TX0004080129,0
TX0004080150,0
TX0004080174,0
TX0004080180,0
TX0004080191,0
TX0004080198,0
TX0004080219,0
TX0004080256,0
TX0004080265,0
TX0004080271,0
TX0004080299,0
TX0004080333,0
TX0004080399,0
TX0004080437,0
TX0004080447,0
TX0004080484,0
TX0004080530,0
TX0004080579,0
TX0004080583,0
TX0004080652,0
TX0004080683,0
TX0004080728,0
TX0004080736,0
TX0004080745,0
TX0004080751,0
TX0004080758,0
TX0004080786,0
TX0004080810,0
TX0004080860,0
TX0004080861,0
TX0004080879,0
TX0004080951,0
TX0004080970,0
TX0004081010,0
TX0004081012,0
TX0004081038,0
TX0004081051,0
TX0004081067,0
TX0004081069,0
TX0004081074,0
TX0004081096,0
TX0004081114,0
TX0004081167,0
TX0004081185,0
TX0004081207,0
TX0004081251,0
TX0004081253,0
TX0004081258,0
TX0004081298,0
TX0004081300,0
TX0004081334,0
TX0004081374,0
TX0004081400,0
TX0004081435,0
TX0004081452,0
TX0004081458,0
TX0004081464,0
TX0004081502,0
TX0004081529,0
TX0004081536,0
TX0004081543,0
TX0004081580,0
TX0004081581,0
TX0004081610,0
TX0004081657,0
TX0004081671,0
TX0004081684,0
TX0004081687,0
TX0004081720,0
TX0004081746,0
TX0004081751,0
TX0004081760,0
TX0004081775,0
TX0004081778,0
TX0004081836,0
TX0004081888,0
TX0004081894,0
TX0004081946,0
TX0004082012,0
TX0004082041,0
TX0004082086,0
TX0004082122,0
TX0004082130,0
TX0004082155,0
TX0004082262,0
TX0004082390,0
TX0004082391,0
TX0004082450,0
TX0004082454,0
TX0004082495,0
TX0004082566,0
TX0004082573,0
TX0004082588,0
TX0004082620,0
TX0004082663,0
TX0004082674,0
TX0004082717,0
TX0004082802,0
TX0004082826,0
TX0004082856,0
TX0004082887,0
TX0004082995,0
TX0004083000,0
TX0004083005,0
TX0004083020,0
TX0004083034,0
TX0004083065,0
TX0004083126,0
TX0004083129,0
TX0004083233,0
TX0004083234,0
TX0004083274,0
TX0004083346,0
TX0004083376,0
TX0004083401,0
TX0004083422,0
TX0004083501,0
TX0004083515,0
TX0004083522,0
TX0004083534,0
TX0004083551,0
TX0004083608,0
TX0004083612,0
TX0004083614,0
TX0004083627,0
TX0004083631,0
TX0004083646,0
TX0004083699,0
TX0004083700,0
TX0004083729,0
TX0004083808,0
TX0004083844,0
TX0004083851,0
TX0004083860,0
TX0004083885,0
TX0004083889,0
TX0004083892,0
TX0004083904,0
TX0004083918,0
TX0004083950,0
TX0004083978,0
TX0004084013,0
TX0004084019,0
TX0004084076,0
TX0004084125,0
TX0004084178,0
TX0004084186,0
TX0004084228,0
TX0004084259,0
TX0004084293,0
TX0004084443,0
TX0004084484,0
TX0004084509,0
TX0004084549,0
TX0004084570,0
TX0004084603,0
TX0004084635,0
TX0004084697,0
TX0004084705,0
TX0004084725,0
TX0004084738,0
TX0004084741,0
TX0004084791,0
TX0004084800,0
TX0004084825,0
TX0004084888,0
TX0004084897,0
TX0004084975,0
TX0004084987,0
TX0004085038,0
TX0004085039,0
TX0004085071,0
TX0004085078,0
TX0004085159,0
TX0004085163,0
TX0004085249,0
TX0004085255,0
TX0004085273,0
TX0004085295,0
TX0004085402,0
TX0004085405,0
TX0004085411,0
TX0004085495,0
TX0004085536,0
TX0004085543,0
TX0004085555,0
TX0004085559,0
TX0004085596,0
TX0004085597,0
TX0004085640,0
TX0004085672,0
TX0004085702,0
TX0004085714,0
TX0004085720,0
TX0004085770,0
TX0004085804,0
TX0004085827,0
TX0004085896,0
TX0004085970,0
TX0004085981,0
TX0004086001,0
TX0004086044,0
TX0004086071,0
TX0004086086,0
TX0004086159,0
TX0004086201,0
TX0004086227,0
TX0004086266,0
TX0004086310,0
TX0004086320,0
TX0004086337,0
TX0004086348,0
TX0004086374,0
TX0004086387,0
TX0004086441,0
TX0004086490,0
TX0004086503,0
TX0004086504,0
TX0004086516,0
TX0004086559,0
TX0004086710,0
TX0004086762,0
TX0004086794,0
TX0004086812,0
TX0004086824,0
TX0004086828,0
TX0004086834,0
TX0004086848,0
TX0004086870,0
TX0004086874,0
TX0004086909,0
TX0004086958,0
TX0004087057,0
TX0004087072,0
TX0004087077,0
TX0004087132,0
TX0004087137,0
TX0004087284,0
TX0004087310,0
TX0004087311,0
TX0004087332,0
TX0004087338,0
TX0004087352,0
TX0004087400,0
TX0004087454,0
TX0004087489,0
TX0004087519,0
TX0004087553,0
TX0004087578,0
TX0004087614,0
TX0004087631,0
TX0004087656,0
TX0004087741,0
TX0004087795,0
TX0004087803,0
TX0004087804,0
TX0004087820,0
TX0004087832,0
TX0004087846,0
TX0004087857,0
TX0004087886,0
TX0004087930,0
TX0004087939,0
TX0004087942,0
TX0004087989,0
TX0004088000,0
TX0004088020,0
TX0004088031,0
TX0004088040,0
TX0004088051,0
TX0004088059,0
TX0004088089,0
TX0004088096,0
TX0004088204,0
TX0004088316,0
TX0004088333,0
TX0004088352,0
TX0004088389,0
TX0004088466,0
TX0004088471,0
TX0004088506,0
TX0004088507,0
TX0004088513,0
TX0004088519,0
TX0004088527,0
TX0004088573,0
TX0004088594,0
TX0004088637,0
TX0004088688,0
TX0004088711,0
TX0004088715,0
TX0004079027,0
TX0004079068,0
TX0004079080,0
TX0004079120,0
TX0004079216,0
TX0004079234,0
TX0004079247,0
TX0004079277,0
TX0004079287,0
TX0004079347,0
TX0004079355,0
TX0004079480,0
TX0004079503,0
TX0004079511,0
TX0004079545,0
TX0004079546,0
TX0004079567,0
TX0004079588,0
TX0004079677,0
TX0004079695,0
TX0004079723,0
TX0004079742,0
TX0004079744,0
TX0004079756,0
TX0004079797,0
TX0004079820,0
TX0004079877,0
TX0004079900,0
TX0004079952,0
TX0004079954,0
TX0004079970,0
TX0004079971,0
TX0004080027,0
TX0004080042,0
TX0004080052,0
TX0004080081,0
TX0004080103,0
TX0004080127,0
TX0004080131,0
TX0004080208,0
TX0004080228,0
TX0004080233,0
TX0004080242,0
TX0004080327,0
TX0004080332,0
TX0004080370,0
TX0004080372,0
TX0004080400,0
TX0004080490,0
TX0004080503,0
TX0004080544,0
TX0004080558,0
TX0004080571,0
TX0004080612,0
TX0004080659,0
TX0004080660,0
TX0004080692,0
TX0004080730,0
TX0004080750,0
TX0004080794,0
TX0004080803,0
TX0004080835,0
TX0004080873,0
TX0004080878,0
TX0004080912,1
TX0004080920,0
TX0004080922,0
TX0004080958,0
TX0004080974,0
TX0004081054,0
TX0004081076,0
TX0004081087,0
TX0004081093,0
TX0004081101,0
TX0004081133,0
TX0004081134,0
TX0004081135,0
TX0004081175,0
TX0004081252,0
TX0004081272,0
TX0004081283,0
TX0004081289,0
TX0004081317,0
TX0004081338,0
TX0004081470,0
TX0004081525,0
TX0004081558,0
TX0004081577,0
TX0004081612,0
TX0004081656,0
TX0004081666,0
TX0004081698,0
TX0004081735,0
TX0004081753,0
TX0004081768,0
TX0004081811,0
TX0004081860,0
TX0004081877,0
TX0004081959,0
TX0004081969,0
TX0004082001,0
TX0004082027,0
TX0004082078,0
TX0004082085,0
TX0004082159,0
TX0004082161,0
TX0004082163,0
TX0004082223,0
TX0004082323,0
TX0004082365,0
TX0004082441,0
TX0004082452,0
TX0004082478,0
TX0004082496,0
TX0004082498,0
TX0004082545,0
TX0004082618,0
TX0004082633,0
TX0004082679,0
TX0004082693,0
TX0004082745,0
TX0004082768,0
TX0004082848,0
TX0004082859,0
TX0004082909,0
TX0004082928,0
TX0004082984,0
TX0004082994,0
TX0004082999,0
TX0004083022,0
TX0004083031,0
TX0004083032,0
TX0004083040,0
TX0004083079,0
TX0004083086,0
TX0004083098,0
TX0004083112,0
TX0004083114,0
TX0004083235,0
TX0004083300,0
TX0004083355,0
TX0004083479,0
TX0004083499,0
TX0004083504,0
TX0004083510,0
TX0004083574,0
TX0004083597,0
TX0004083609,0
TX0004083640,0
TX0004083641,0
TX0004083654,0
TX0004083675,0
TX0004083743,0
TX0004083796,0
TX0004083797,0
TX0004083832,0
TX0004083848,0
TX0004083896,0
TX0004083899,0
TX0004083928,0
TX0004083989,0
TX0004084014,0
TX0004084052,0
TX0004084099,0
TX0004084103,0
TX0004084163,0
TX0004084171,0
TX0004084231,0
TX0004084290,0
TX0004084323,0
TX0004084332,0
TX0004084362,0
TX0004084389,0
TX0004084465,0
TX0004084479,0
TX0004084520,0
TX0004084524,0
TX0004084527,0
TX0004084556,0
TX0004084562,0
TX0004084563,0
TX0004084609,0
TX0004084640,0
TX0004084648,0
TX0004084659,0
TX0004084669,0
TX0004084709,0
TX0004084727,0
TX0004084809,0
TX0004084810,0
TX0004084838,0
TX0004084848,0
TX0004084867,0
TX0004084904,0
TX0004084940,0
TX0004084949,0
TX0004084968,0
TX0004084986,0
TX0004084997,0
TX0004085029,0
TX0004085112,0
TX0004085130,0
TX0004085134,0
TX0004085173,0
TX0004085175,0
TX0004085176,0
TX0004085190,0
TX0004085198,0
TX0004085213,0
TX0004085224,0
TX0004085271,0
TX0004085274,0
TX0004085306,0
TX0004085340,0
TX0004085355,0
TX0004085380,0
TX0004085442,0
TX0004085451,0
TX0004085533,0
TX0004085546,0
TX0004085618,0
TX0004085695,0
TX0004085737,0
TX0004085738,0
TX0004085771,0
TX0004085788,0
TX0004085829,0
TX0004085838,0
TX0004085872,0
TX0004085873,0
TX0004085888,0
TX0004086015,0
TX0004086036,0
TX0004086094,0
TX0004086115,0
TX0004086183,0
TX0004086192,0
TX0004086261,0
TX0004086314,0
TX0004086335,0
TX0004086352,0
TX0004086394,0
TX0004086414,0
TX0004086449,0
TX0004086495,0
TX0004086564,0
TX0004086583,0
TX0004086616,0
TX0004086618,0
TX0004086645,0
TX0004086711,0
TX0004086766,0
TX0004086814,0
TX0004086853,0
TX0004086885,0
TX0004086908,0
TX0004086916,0
TX0004086945,0
TX0004086946,0
TX0004087016,0
TX0004087033,0
TX0004087058,0
TX0004087078,0
TX0004087082,0
TX0004087113,0
TX0004087122,0
TX0004087138,0
TX0004087158,0
TX0004087172,0
TX0004087179,0
TX0004087188,0
TX0004087199,0
TX0004087215,0
TX0004087235,0
TX0004087266,0
TX0004087269,0
TX0004087394,0
TX0004087407,0
TX0004087439,0
TX0004087497,0
TX0004087502,0
TX0004087513,0
TX0004087595,0
TX0004087601,0
TX0004087617,0
TX0004087658,0
TX0004087698,0
TX0004087708,0
TX0004087716,0
TX0004087734,0
TX0004087790,0
TX0004087860,0
TX0004087925,0
TX0004087962,0
TX0004087965,0
TX0004088005,0
TX0004088012,0
TX0004088015,0
TX0004088048,0
TX0004088060,0
TX0004088115,0
TX0004088193,0
TX0004088207,0
TX0004088227,0
TX0004088376,0
TX0004088385,0
TX0004088424,0
TX0004088431,0
TX0004088540,0
TX0004088606,0
TX0004088612,0
TX0004088622,0
TX0004088644,0
TX0004088676,0
TX0004088696,0
TX0004088698,0
TX0003664347,1
TX0004078979,0
TX0004078994,0
TX0004079093,0
TX0004079126,0
TX0004079159,0
TX0004079241,0
TX0004079292,0
TX0004079302,0
TX0004079374,0
TX0004079384,0
TX0004079385,0
TX0004079391,0
TX0004079393,0
TX0004079402,0
TX0004079431,0
TX0004079465,0
TX0004079478,0
TX0004079516,0
TX0004079521,0
TX0004079660,0
TX0004079675,0
TX0004079676,0
TX0004079753,0
TX0004079767,0
TX0004079837,0
TX0004079849,0
TX0004079883,0
TX0004079938,0
TX0004079960,0
TX0004079966,0
TX0004079987,0
TX0004080015,0
TX0004080045,0
TX0004080057,0
TX0004080072,0
TX0004080130,0
TX0004080151,0
TX0004080221,0
TX0004080229,0
TX0004080261,0
TX0004080374,0
TX0004080387,0
TX0004080405,0
TX0004080456,0
TX0004080504,0
TX0004080532,0
TX0004080670,0
TX0004080738,0
TX0004080778,0
TX0004080800,0
TX0004080819,0
TX0004080831,0
TX0004080840,0
TX0004080895,0
TX0004080897,0
TX0004080901,0
TX0004080935,0
TX0004081013,0
TX0004081033,0
TX0004081040,0
TX0004081137,0
TX0004081179,0
TX0004081182,0
TX0004081191,0
TX0004081205,0
TX0004081215,0
TX0004081238,0
TX0004081245,0
TX0004081257,0
TX0004081268,0
TX0004081328,0
TX0004081356,0
TX0004081421,0
TX0004081450,0
TX0004081459,0
TX0004081493,0
TX0004081567,0
TX0004081568,0
TX0004081601,0
TX0004081619,0
TX0004081701,0
TX0004081710,0
TX0004081713,0
TX0004081719,0
TX0004081745,0
TX0004081789,0
TX0004081821,0
TX0004081831,0
TX0004081918,0
TX0004081953,0
TX0004081962,0
TX0004081991,0
TX0004082034,0
TX0004082073,0
TX0004082106,1
TX0004082138,0
TX0004082174,0
TX0004082220,0
TX0004082272,0
TX0004082276,0
TX0004082289,0
TX0004082293,0
TX0004082309,0
TX0004082395,0
TX0004082409,0
TX0004082421,0
TX0004082426,0
TX0004082427,0
TX0004082430,0
TX0004082444,0
TX0004082490,0
TX0004082517,0
TX0004082523,0
TX0004082593,0
TX0004082624,0
TX0004082625,0
TX0004082645,0
TX0004082646,0
TX0004082657,0
TX0004082658,0
TX0004082699,0
TX0004082724,0
TX0004082746,0
TX0004082761,0
TX0004082772,0
TX0004082796,0
TX0004082797,0
TX0004082815,0
TX0004082906,0
TX0004082913,0
TX0004082929,0
TX0004082932,0
TX0004082957,0
TX0004082997,0
TX0004083012,0
TX0004083021,0
TX0004083053,0
TX0004083055,0
TX0004083105,0
TX0004083136,0
TX0004083173,0
TX0004083175,0
TX0004083198,0
TX0004083230,0
TX0004083241,0
TX0004083386,0
TX0004083484,0
TX0004083497,0
TX0004083517,0
TX0004083520,0
TX0004083524,0
TX0004083616,0
TX0004083722,0
TX0004083828,0
TX0004083830,0
TX0004083850,0
TX0004083909,0
TX0004083953,0
TX0004083975,0
TX0004084022,0
TX0004084032,0
TX0004084093,0
TX0004084109,0
TX0004084173,0
TX0004084214,0
TX0004084270,0
TX0004084274,0
TX0004084295,0
TX0004084316,0
TX0004084345,0
TX0004084369,0
TX0004084384,0
TX0004084432,0
TX0004084492,0
TX0004084569,0
TX0004084572,0
TX0004084605,0
TX0004084641,0
TX0004084665,0
TX0004084675,0
TX0004084729,0
TX0004084736,0
TX0004084792,0
TX0004084830,0
TX0004084871,0
TX0004084920,0
TX0004085016,0
TX0004085127,0
TX0004085138,0
TX0004085153,0
TX0004085177,0
TX0004085226,0
TX0004085257,0
TX0004085279,0
TX0004085314,0
TX0004085352,0
TX0004085407,0
TX0004085414,0
TX0004085440,0
TX0004085503,0
TX0004085600,0
TX0004085676,0
TX0004085726,0
TX0004085759,0
TX0004085789,0
TX0004085800,0
TX0004085801,0
TX0004085820,0
TX0004085825,0
TX0004085883,0
TX0004085971,0
TX0004085973,0
TX0004085978,0
TX0004086006,0
TX0004086020,0
TX0004086026,0
TX0004086039,0
TX0004086164,0
TX0004086334,0
TX0004086343,0
TX0004086376,0
TX0004086393,0
TX0004086453,0
TX0004086471,0
TX0004086475,0
TX0004086477,0
TX0004086480,0
TX0004086484,0
TX0004086488,0
TX0004086642,0
TX0004086681,0
TX0004086686,0
TX0004086753,0
TX0004086770,0
TX0004086860,0
TX0004086888,0
TX0004086918,0
TX0004086924,0
TX0004086927,0
TX0004086961,0
TX0004086962,0
TX0004086974,0
TX0004086975,0
TX0004086979,0
TX0004086987,0
TX0004087028,0
TX0004087031,0
TX0004087049,0
TX0004087125,0
TX0004087130,0
TX0004087155,0
TX0004087170,0
TX0004087180,0
TX0004087207,0
TX0004087250,0
TX0004087261,0
TX0004087288,0
TX0004087323,0
TX0004087334,0
TX0004087341,0
TX0004087437,0
TX0004087461,0
TX0004087501,0
TX0004087505,0
TX0004087611,0
TX0004087668,0
TX0004087673,0
TX0004087693,0
TX0004087766,0
TX0004087784,0
TX0004087798,0
TX0004087799,0
TX0004087840,0
TX0004087848,0
TX0004087858,0
TX0004087872,0
TX0004087888,0
TX0004087919,0
TX0004087972,0
TX0004088003,0
TX0004088083,0
TX0004088140,0
TX0004088179,0
TX0004088181,0
TX0004088259,0
TX0004088274,0
TX0004088286,0
TX0004088324,0
TX0004088328,0
TX0004088332,0
TX0004088353,0
TX0004088422,0
TX0004088450,0
TX0004088469,0
TX0004088478,0
TX0004088503,0
TX0004088518,0
TX0004088536,0
TX0004088569,0
TX0004088585,0
TX0004088590,0
TX0004088624,0
TX0004088634,0
TX0004088646,0
TX0004088650,0
TX0004088660,0
TX0004088684,0
TX0003123487,1
TX0004078989,0
TX0004079017,0
TX0004079028,0
TX0004079077,0
TX0004079079,0
TX0004079094,0
TX0004079100,0
TX0004079166,0
TX0004079189,0
TX0004079198,0
TX0004079239,0
TX0004079240,0
TX0004079257,0
TX0004079268,0
TX0004079320,0
TX0004079338,0
TX0004079376,0
TX0004079447,0
TX0004079455,0
TX0004079486,0
TX0004079539,0
TX0004079631,0
TX0004079641,0
TX0004079668,0
TX0004079692,0
TX0004079700,0
TX0004079724,0
TX0004079741,0
TX0004079775,0
TX0004079806,0
TX0004079835,0
TX0004079878,0
TX0004079923,0
TX0004079943,0
TX0004079959,0
TX0004080028,0
TX0004080110,0
TX0004080298,0
TX0004080356,0
TX0004080395,0
TX0004080401,0
TX0004080419,0
TX0004080423,0
TX0004080487,0
TX0004080540,0
TX0004080568,0
TX0004080581,0
TX0004080592,0
TX0004080650,0
TX0004080674,0
TX0004080773,0
TX0004080784,0
TX0004080787,0
TX0004080806,0
TX0004080837,0
TX0004080850,0
TX0004080913,0
TX0004081095,0
TX0004081098,0
TX0004081119,0
TX0004081128,0
TX0004081129,0
TX0004081143,0
TX0004081213,0
TX0004081287,0
TX0004081309,0
TX0004081431,0
TX0004081445,0
TX0004081492,0
TX0004081607,0
TX0004081647,0
TX0004081668,0
TX0004081670,0
TX0004081754,0
TX0004081755,0
TX0004081758,0
TX0004081802,0
TX0004081844,0
TX0004081845,0
TX0004081850,0
TX0004081899,0
TX0004082042,0
TX0004082053,0
TX0004082054,0
TX0004082077,0
TX0004082105,0
TX0004082107,0
TX0004082126,0
TX0004082162,0
TX0004082173,0
TX0004082180,0
TX0004082242,0
TX0004082247,0
TX0004082277,0
TX0004082310,0
TX0004082316,0
TX0004082336,0
TX0004082351,0
TX0004082381,0
TX0004082410,0
TX0004082422,0
TX0004082465,0
TX0004082479,0
TX0004082553,0
TX0004082555,0
TX0004082564,0
TX0004082575,0
TX0004082609,0
TX0004082692,0
TX0004082747,0
TX0004082749,0
TX0004082770,0
TX0004082823,0
TX0004082830,0
TX0004082861,0
TX0004082875,0
TX0004082885,0
TX0004082908,0
TX0004082921,0
TX0004082952,0
TX0004082955,0
TX0004082991,0
TX0004083001,0
TX0004083013,0
TX0004083033,0
TX0004083060,0
TX0004083121,0
TX0004083190,0
TX0004083268,0
TX0004083337,0
TX0004083363,0
TX0004083415,0
TX0004083418,0
TX0004083432,0
TX0004083469,0
TX0004083476,0
TX0004083530,0
TX0004083558,0
TX0004083615,0
TX0004083688,0
TX0004083791,0
TX0004083842,0
TX0004083872,0
TX0004083879,0
TX0004084003,0
TX0004084073,0
TX0004084094,0
TX0004084119,0
TX0004084138,0
TX0004084177,0
TX0004084223,0
TX0004084240,0
TX0004084271,0
TX0004084306,0
TX0004084319,0
TX0004084376,0
TX0004084419,0
TX0004084451,0
TX0004084461,0
TX0004084468,0
TX0004084523,0
TX0004084619,0
TX0004084622,0
TX0004084639,0
TX0004084695,0
TX0004084703,0
TX0004084739,0
TX0004084785,0
TX0004084801,0
TX0004084849,0
TX0004084862,0
TX0004084889,0
TX0004084927,0
TX0004084967,0
TX0004084995,0
TX0004085022,0
TX0004085096,0
TX0004085115,0
TX0004085133,0
TX0004085149,0
TX0004085174,0
TX0004085185,0
TX0004085223,0
TX0004085225,0
TX0004085248,0
TX0004085260,0
TX0004085269,0
TX0004085285,0
TX0004085300,0
TX0004085332,0
TX0004085367,0
TX0004085374,0
TX0004085377,0
TX0004085435,0
TX0004085436,0
TX0004085449,0
TX0004085485,0
TX0004085532,0
TX0004085575,0
TX0004085609,0
TX0004085610,0
TX0004085651,0
TX0004085664,0
TX0004085723,0
TX0004085751,0
TX0004085834,0
TX0004085851,0
TX0004085921,0
TX0004085922,0
TX0004085947,0
TX0004085958,0
TX0004085983,0
TX0004086056,0
TX0004086079,0
TX0004086085,0
TX0004086231,0
TX0004086274,0
TX0004086275,0
TX0004086298,0
TX0004086349,0
TX0004086378,0
TX0004086396,0
TX0004086417,0
TX0004086466,0
TX0004086513,0
TX0004086556,0
TX0004086563,0
TX0004086580,0
TX0004086609,0
TX0004086610,0
TX0004086614,0
TX0004086620,0
TX0004086636,0
TX0004086650,0
TX0004086706,0
TX0004086738,0
TX0004086747,0
TX0004086797,0
TX0004086811,0
TX0004086816,0
TX0004086857,0
TX0004086905,0
TX0004086915,0
TX0004086919,0
TX0004086925,0
TX0004086959,0
TX0004086989,0
TX0004087010,0
TX0004087027,0
TX0004087032,0
TX0004087075,0
TX0004087088,0
TX0004087139,0
TX0004087141,0
TX0004087213,0
TX0004087245,0
TX0004087268,0
TX0004087302,0
TX0004087367,0
TX0004087387,0
TX0004087406,0
TX0004087436,0
TX0004087478,0
TX0004087499,0
TX0004087516,0
TX0004087546,0
TX0004087555,0
TX0004087580,0
TX0004087627,0
TX0004087641,0
TX0004087650,0
TX0004087654,0
TX0004087667,0
TX0004087678,0
TX0004087680,0
TX0004087721,0
TX0004087737,0
TX0004087738,0
TX0004087875,0
TX0004087883,0
TX0004087904,0
TX0004087951,0
TX0004087968,0
TX0004088071,0
TX0004088095,0
TX0004088101,0
TX0004088169,0
TX0004088220,0
TX0004088321,0
TX0004088327,0
TX0004088394,0
TX0004088441,0
TX0004088468,0
TX0004088653,0
TX0004088654,0
TX0004088664,0
TX0004088681,0
TX0004088686,0
TX0004088691,0
TX0003951316,0
TX0003951317,1
TX0004078972,0
TX0004078976,0
TX0004078981,0
TX0004078997,0
TX0004079022,0
TX0004079116,0
TX0004079139,0
TX0004079148,0
TX0004079149,0
TX0004079200,0
TX0004079201,0
TX0004079258,0
TX0004079259,0
TX0004079294,0
TX0004079317,0
TX0004079375,0
TX0004079399,0
TX0004079424,0
TX0004079445,0
TX0004079461,0
TX0004079467,0
TX0004079482,0
TX0004079512,0
TX0004079528,0
TX0004079532,0
TX0004079538,0
TX0004079551,0
TX0004079569,0
TX0004079576,0
TX0004079592,0
TX0004079625,0
TX0004079704,0
TX0004079752,0
TX0004079850,0
TX0004079867,0
TX0004079906,0
TX0004079918,0
TX0004080000,0
TX0004080076,0
TX0004080095,0
TX0004080133,0
TX0004080135,0
TX0004080146,0
TX0004080175,0
TX0004080178,0
TX0004080230,0
TX0004080245,0
TX0004080269,0
TX0004080310,0
TX0004080336,0
TX0004080367,0
TX0004080398,0
TX0004080424,0
TX0004080438,0
TX0004080467,0
TX0004080474,0
TX0004080476,0
TX0004080499,0
TX0004080512,0
TX0004080536,0
TX0004080555,0
TX0004080570,0
TX0004080610,0
TX0004080699,0
TX0004080768,0
TX0004080793,0
TX0004080804,0
TX0004080823,0
TX0004080839,0
TX0004080866,0
TX0004080868,0
TX0004080940,0
TX0004080962,0
TX0004081018,0
TX0004081042,0
TX0004081062,0
TX0004081073,0
TX0004081116,0
TX0004081131,0
TX0004081132,0
TX0004081151,0
TX0004081155,0
TX0004081156,0
TX0004081217,0
TX0004081273,0
TX0004081277,0
TX0004081364,0
TX0004081406,0
TX0004081424,0
TX0004081446,0
TX0004081522,0
TX0004081589,0
TX0004081591,0
TX0004081611,0
TX0004081636,0
TX0004081639,0
TX0004081640,0
TX0004081717,0
TX0004081824,0
TX0004081882,0
TX0004081937,0
TX0004082059,0
TX0004082076,0
TX0004082092,0
TX0004082098,0
TX0004082108,0
TX0004082121,0
TX0004082151,0
TX0004082211,0
TX0004082231,0
TX0004082232,0
TX0004082320,0
TX0004082333,0
TX0004082356,0
TX0004082363,1
TX0004082364,0
TX0004082384,0
TX0004082402,0
TX0004082514,0
TX0004082538,0
TX0004082587,0
TX0004082599,0
TX0004082610,0
TX0004082642,0
TX0004082661,0
TX0004082662,0
TX0004082671,0
TX0004082701,0
TX0004082715,0
TX0004082730,0
TX0004082804,0
TX0004082816,0
TX0004082840,0
TX0004082896,0
TX0004082903,0
TX0004082954,0
TX0004082958,0
TX0004083039,0
TX0004083063,0
TX0004083110,0
TX0004083120,0
TX0004083124,0
TX0004083146,0
TX0004083174,0
TX0004083187,0
TX0004083197,0
TX0004083237,0
TX0004083259,0
TX0004083266,0
TX0004083267,0
TX0004083373,0
TX0004083426,0
TX0004083427,0
TX0004083430,0
TX0004083451,0
TX0004083523,0
TX0004083539,0
TX0004083607,0
TX0004083623,0
TX0004083737,0
TX0004083789,0
TX0004083792,0
TX0004083805,0
TX0004083846,0
TX0004083863,0
TX0004083875,0
TX0004083917,0
TX0004083927,0
TX0004083939,0
TX0004083940,0
TX0004083955,0
TX0004084005,0
TX0004084055,0
TX0004084069,0
TX0004084084,0
TX0004084095,0
TX0004084097,0
TX0004084155,0
TX0004084188,0
TX0004084245,0
TX0004084301,0
TX0004084302,0
TX0004084303,0
TX0004084441,0
TX0004084480,0
TX0004084498,0
TX0004084552,0
TX0004084571,0
TX0004084589,0
TX0004084698,0
TX0004084717,0
TX0004084728,0
TX0004084767,0
TX0004084805,0
TX0004084818,0
TX0004084844,0
TX0004084877,0
TX0004084891,0
TX0004084915,0
TX0004084918,0
TX0004084931,0
TX0004084936,0
TX0004084945,0
TX0004084963,0
TX0004084964,0
TX0004085088,0
TX0004085123,0
TX0004085143,0
TX0004085181,0
TX0004085192,0
TX0004085240,0
TX0004085359,0
TX0004085408,0
TX0004085410,0
TX0004085434,0
TX0004085437,0
TX0004085468,0
TX0004085500,0
TX0004085501,0
TX0004085517,0
TX0004085551,0
TX0004085557,0
TX0004085592,0
TX0004085602,0
TX0004085684,0
TX0004085703,0
TX0004085719,0
TX0004085778,0
TX0004085807,0
TX0004085810,0
TX0004085830,0
TX0004085884,0
TX0004085886,0
TX0004085905,0
TX0004085959,0
TX0004086042,0
TX0004086058,0
TX0004086065,0
TX0004086114,0
TX0004086133,0
TX0004086158,0
TX0004086161,0
TX0004086193,0
TX0004086195,0
TX0004086200,0
TX0004086208,0
TX0004086213,0
TX0004086248,0
TX0004086254,0
TX0004086259,0
TX0004086260,0
TX0004086285,0
TX0004086307,0
TX0004086391,0
TX0004086439,0
TX0004086450,0
TX0004086500,0
TX0004086574,0
TX0004086575,0
TX0004086698,0
TX0004086702,0
TX0004086744,0
TX0004086787,0
TX0004086792,0
TX0004086836,0
TX0004086843,0
TX0004086856,0
TX0004086875,0
TX0004086882,0
TX0004086893,0
TX0004086900,0
TX0004086913,0
TX0004086926,0
TX0004086941,0
TX0004086986,0
TX0004087021,0
TX0004087029,0
TX0004087034,0
TX0004087128,0
TX0004087173,0
TX0004087205,0
TX0004087247,0
TX0004087322,0
TX0004087326,0
TX0004087365,0
TX0004087404,0
TX0004087427,0
TX0004087455,0
TX0004087506,0
TX0004087533,0
TX0004087541,0
TX0004087634,0
TX0004087635,0
TX0004087642,0
TX0004087644,0
TX0004087659,0
TX0004087671,0
TX0004087718,0
TX0004087733,0
TX0004087785,0
TX0004087928,0
TX0004088004,0
TX0004088038,0
TX0004088062,0
TX0004088068,0
TX0004088109,0
TX0004088134,0
TX0004088182,0
TX0004088252,0
TX0004088287,0
TX0004088334,0
TX0004088355,0
TX0004088388,0
TX0004088395,0
TX0004088434,0
TX0004088489,0
TX0004088510,0
TX0004088523,0
TX0004088559,0
TX0004088604,0
TX0004088616,0
TX0004088632,0
TX0004088674,0
TX0004078973,0
TX0004078986,0
TX0004078991,0
TX0004079052,0
TX0004079109,0
TX0004079113,0
TX0004079127,0
TX0004079130,0
TX0004079135,0
TX0004079146,0
TX0004079205,0
TX0004079206,0
TX0004079213,0
TX0004079224,0
TX0004079266,0
TX0004079323,0
TX0004079380,0
TX0004079395,0
TX0004079436,0
TX0004079442,0
TX0004079464,0
TX0004079507,0
TX0004079573,0
TX0004079657,0
TX0004079665,0
TX0004079673,0
TX0004079674,0
TX0004079721,0
TX0004079729,0
TX0004079748,0
TX0004079754,0
TX0004079786,0
TX0004079805,0
TX0004079846,0
TX0004079953,0
TX0004079995,0
TX0004079998,0
TX0004080016,0
TX0004080033,0
TX0004080035,0
TX0004080070,0
TX0004080105,0
TX0004080107,0
TX0004080134,0
TX0004080144,0
TX0004080148,0
TX0004080165,0
TX0004080350,0
TX0004080441,0
TX0004080510,0
TX0004080523,0
TX0004080554,0
TX0004080569,0
TX0004080593,0
TX0004080611,0
TX0004080621,0
TX0004080716,0
TX0004080864,0
TX0004080875,0
TX0004080889,0
TX0004080909,0
TX0004080928,0
TX0004081029,0
TX0004081055,0
TX0004081079,0
TX0004081080,0
TX0004081107,0
TX0004081122,0
TX0004081138,0
TX0004081162,0
TX0004081187,0
TX0004081228,0
TX0004081274,0
TX0004081297,0
TX0004081306,0
TX0004081352,0
TX0004081385,0
TX0004081402,0
TX0004081417,0
TX0004081420,0
TX0004081423,0
TX0004081451,0
TX0004081475,0
TX0004081476,0
TX0004081500,0
TX0004081524,0
TX0004081556,0
TX0004081571,0
TX0004081590,0
TX0004081644,0
TX0004081669,0
TX0004081705,0
TX0004081708,0
TX0004081714,0
TX0004081726,0
TX0004081819,0
TX0004081820,0
TX0004081825,0
TX0004081855,0
TX0004081868,0
TX0004081874,0
TX0004081999,0
TX0004082070,0
TX0004082087,0
TX0004082177,0
TX0004082191,0
TX0004082206,0
TX0004082215,0
TX0004082227,0
TX0004082305,0
TX0004082306,0
TX0004082376,0
TX0004082435,0
TX0004082455,0
TX0004082491,0
TX0004082586,0
TX0004082684,0
TX0004082700,0
TX0004082713,0
TX0004082721,0
TX0004082731,0
TX0004082739,0
TX0004082740,0
TX0004082743,0
TX0004082864,0
TX0004082881,0
TX0004082926,0
TX0004082938,0
TX0004082971,0
TX0004083009,0
TX0004083010,0
TX0004083030,0
TX0004083046,0
TX0004083186,0
TX0004083199,0
TX0004083204,0
TX0004083239,0
TX0004083310,0
TX0004083320,0
TX0004083329,0
TX0004083354,0
TX0004083364,0
TX0004083389,0
TX0004083408,0
TX0004083453,0
TX0004083474,0
TX0004083475,0
TX0004083480,0
TX0004083502,0
TX0004083513,0
TX0004083532,0
TX0004083611,0
TX0004083673,0
TX0004083716,0
TX0004083741,0
TX0004083795,0
TX0004084009,0
TX0004084081,0
TX0004084104,0
TX0004084128,0
TX0004084148,0
TX0004084152,0
TX0004084166,0
TX0004084192,0
TX0004084196,0
TX0004084206,0
TX0004084229,0
TX0004084237,0
TX0004084280,0
TX0004084294,0
TX0004084395,0
TX0004084416,0
TX0004084434,0
TX0004084447,0
TX0004084482,0
TX0004084555,0
TX0004084557,0
TX0004084623,0
TX0004084666,0
TX0004084716,0
TX0004084744,0
TX0004084745,0
TX0004084751,0
TX0004084790,0
TX0004084802,0
TX0004084821,0
TX0004084864,0
TX0004084872,0
TX0004084970,0
TX0004084982,0
TX0004085018,0
TX0004085043,0
TX0004085044,0
TX0004085045,0
TX0004085052,0
TX0004085126,0
TX0004085155,0
TX0004085161,0
TX0004085189,0
TX0004085233,0
TX0004085236,0
TX0004085310,0
TX0004085316,0
TX0004085351,0
TX0004085363,0
TX0004085390,0
TX0004085395,0
TX0004085413,0
TX0004085416,0
TX0004085419,0
TX0004085441,0
TX0004085445,0
TX0004085526,0
TX0004085564,0
TX0004085584,0
TX0004085606,0
TX0004085608,0
TX0004085653,0
TX0004085655,0
TX0004085728,0
TX0004085745,0
TX0004085773,0
TX0004085776,0
TX0004085954,0
TX0004085972,0
TX0004086049,0
TX0004086088,0
TX0004086095,0
TX0004086097,0
TX0004086116,0
TX0004086127,0
TX0004086145,0
TX0004086172,0
TX0004086173,0
TX0004086189,0
TX0004086214,0
TX0004086308,0
TX0004086342,0
TX0004086354,0
TX0004086434,0
TX0004086462,0
TX0004086521,0
TX0004086536,0
TX0004086540,0
TX0004086544,0
TX0004086553,0
TX0004086581,0
TX0004086586,0
TX0004086590,0
TX0004086649,0
TX0004086661,0
TX0004086687,0
TX0004086712,0
TX0004086718,0
TX0004086746,0
TX0004086819,0
TX0004086822,0
TX0004086859,0
TX0004086928,0
TX0004086937,0
TX0004087022,0
TX0004087198,0
TX0004087201,0
TX0004087309,0
TX0004087342,0
TX0004087359,0
TX0004087373,0
TX0004087441,0
TX0004087457,0
TX0004087531,0
TX0004087534,0
TX0004087593,0
TX0004087596,0
TX0004087640,0
TX0004087662,0
TX0004087720,0
TX0004087724,0
TX0004087727,0
TX0004087730,0
TX0004087761,0
TX0004087774,0
TX0004087800,0
TX0004087806,0
TX0004087838,0
TX0004087845,0
TX0004087859,0
TX0004087869,0
TX0004087876,0
TX0004087902,0
TX0004087905,0
TX0004087912,0
TX0004087937,0
TX0004087966,0
TX0004087976,0
TX0004087986,0
TX0004087997,0
TX0004088019,0
TX0004088053,0
TX0004088069,0
TX0004088070,0
TX0004088072,0
TX0004088081,0
TX0004088138,0
TX0004088184,0
TX0004088195,0
TX0004088205,0
TX0004088222,0
TX0004088277,0
TX0004088288,0
TX0004088296,0
TX0004088306,0
TX0004088307,0
TX0004088336,0
TX0004088341,0
TX0004088366,0
TX0004088477,0
TX0004088699,0
TX0004078990,0
TX0004078993,0
TX0004079019,0
TX0004079030,0
TX0004079034,0
TX0004079045,0
TX0004079049,0
TX0004079103,0
TX0004079104,0
TX0004079128,0
TX0004079132,0
TX0004079169,0
TX0004079209,0
TX0004079215,0
TX0004079272,0
TX0004079290,0
TX0004079291,0
TX0004079408,0
TX0004079433,0
TX0004079475,0
TX0004079540,0
TX0004079556,0
TX0004079611,0
TX0004079633,0
TX0004079651,0
TX0004079672,0
TX0004079745,0
TX0004079772,0
TX0004079789,0
TX0004079827,0
TX0004079886,0
TX0004079947,0
TX0004079981,0
TX0004080018,0
TX0004080039,0
TX0004080079,0
TX0004080092,0
TX0004080159,0
TX0004080163,0
TX0004080187,0
TX0004080270,0
TX0004080276,0
TX0004080285,0
TX0004080373,0
TX0004080392,0
TX0004080468,0
TX0004080553,0
TX0004080561,0
TX0004080572,0
TX0004080622,0
TX0004080641,0
TX0004080665,0
TX0004080690,0
TX0004080709,0
TX0004080723,0
TX0004080759,0
TX0004080782,0
TX0004080789,0
TX0004080822,0
TX0004080874,0
TX0004080886,0
TX0004080887,0
TX0004080944,0
TX0004080950,0
TX0004080986,0
TX0004081011,0
TX0004081028,0
TX0004081044,0
TX0004081058,0
TX0004081081,0
TX0004081083,0
TX0004081090,0
TX0004081102,0
TX0004081112,0
TX0004081141,0
TX0004081161,0
TX0004081208,0
TX0004081279,0
TX0004081290,0
TX0004081310,0
TX0004081353,0
TX0004081360,0
TX0004081413,0
TX0004081433,0
TX0004081469,0
TX0004081482,0
TX0004081483,0
TX0004081499,0
TX0004081596,0
TX0004081716,0
TX0004081748,0
TX0004081749,0
TX0004081781,0
TX0004081809,0
TX0004081814,0
TX0004081907,0
TX0004081919,0
TX0004081921,0
TX0004081923,0
TX0004081929,0
TX0004081949,0
TX0004081951,0
TX0004081967,0
TX0004081978,0
TX0004081995,0
TX0004082018,0
TX0004082043,0
TX0004082061,0
TX0004082102,0
TX0004082120,0
TX0004082134,0
TX0004082137,0
TX0004082167,0
TX0004082186,0
TX0004082241,0
TX0004082246,0
TX0004082314,0
TX0004082379,0
TX0004082399,0
TX0004082470,0
TX0004082488,0
TX0004082489,0
TX0004082527,0
TX0004082556,0
TX0004082561,0
TX0004082567,0
TX0004082585,0
TX0004082594,0
TX0004082598,0
TX0004082641,0
TX0004082690,0
TX0004082750,0
TX0004082751,0
TX0004082809,0
TX0004082810,0
TX0004082813,0
TX0004082827,0
TX0004082828,0
TX0004082841,0
TX0004082879,0
TX0004082919,0
TX0004082943,0
TX0004082982,0
TX0004082985,0
TX0004082992,0
TX0004083070,0
TX0004083131,0
TX0004083132,0
TX0004083162,0
TX0004083163,0
TX0004083166,0
TX0004083171,0
TX0004083193,0
TX0004083225,0
TX0004083250,0
TX0004083254,0
TX0004083279,0
TX0004083289,0
TX0004083311,0
TX0004083316,0
TX0004083400,0
TX0004083410,0
TX0004083456,0
TX0004083471,0
TX0004083489,0
TX0004083547,0
TX0004083592,0
TX0004083613,0
TX0004083637,0
TX0004083667,0
TX0004083692,0
TX0004083693,0
TX0004083750,1
TX0004083755,0
TX0004083756,0
TX0004083757,0
TX0004083811,0
TX0004083813,0
TX0004083823,0
TX0004083837,0
TX0004083858,0
TX0004083868,0
TX0004083897,0
TX0004083912,0
TX0004083923,0
TX0004083983,0
TX0004084000,0
TX0004084064,0
TX0004084102,0
TX0004084111,0
TX0004084117,0
TX0004084134,0
TX0004084136,0
TX0004084157,0
TX0004084269,0
TX0004084300,0
TX0004084322,0
TX0004084326,0
TX0004084374,0
TX0004084407,0
TX0004084409,0
TX0004084437,0
TX0004084554,0
TX0004084642,0
TX0004084677,0
TX0004084764,0
TX0004084806,0
TX0004084816,0
TX0004084827,0
TX0004084858,0
TX0004084911,0
TX0004084956,0
TX0004084965,0
TX0004084978,0
TX0004085046,0
TX0004085062,0
TX0004085147,0
TX0004085179,0
TX0004085209,0
TX0004085231,0
TX0004085284,0
TX0004085386,0
TX0004085480,0
TX0004085497,0
TX0004085511,0
TX0004085520,0
TX0004085553,0
TX0004085586,0
TX0004085589,0
TX0004085665,0
TX0004085666,0
TX0004085692,0
TX0004085693,0
TX0004085747,0
TX0004085750,0
TX0004085835,0
TX0004085882,0
TX0004085890,0
TX0004085903,0
TX0004085990,0
TX0004085999,0
TX0004086024,0
TX0004086028,0
TX0004086029,0
TX0004086051,0
TX0004086104,0
TX0004086140,0
TX0004086153,0
TX0004086182,0
TX0004086205,0
TX0004086222,0
TX0004086243,0
TX0004086252,0
TX0004086299,0
TX0004086321,0
TX0004086345,0
TX0004086362,0
TX0004086399,0
TX0004086442,0
TX0004086469,0
TX0004086491,0
TX0004086494,0
TX0004086499,0
TX0004086515,0
TX0004086522,0
TX0004086535,0
TX0004086592,0
TX0004086617,0
TX0004086643,0
TX0004086648,0
TX0004086651,0
TX0004086666,0
TX0004086755,0
TX0004086849,0
TX0004086872,0
TX0004086890,0
TX0004086899,0
TX0004086911,0
TX0004086940,0
TX0004087037,0
TX0004087095,0
TX0004087112,0
TX0004087183,0
TX0004087242,0
TX0004087243,0
TX0004087271,0
TX0004087313,0
TX0004087353,0
TX0004087372,0
TX0004087447,0
TX0004087451,0
TX0004087465,0
TX0004087469,0
TX0004087522,0
TX0004087530,0
TX0004087536,0
TX0004087622,0
TX0004087655,0
TX0004087687,0
TX0004087723,0
TX0004087745,0
TX0004087756,0
TX0004087781,0
TX0004087847,0
TX0004087899,0
TX0004087916,0
TX0004087924,0
TX0004087933,0
TX0004087950,0
TX0004088022,0
TX0004088027,0
TX0004088058,0
TX0004088079,0
TX0004088098,0
TX0004088106,0
TX0004088116,0
TX0004088117,0
TX0004088128,0
TX0004088136,0
TX0004088146,0
TX0004088194,0
TX0004088242,0
TX0004088267,0
TX0004088304,0
TX0004088317,0
TX0004088339,0
TX0004088340,0
TX0004088345,0
TX0004088359,0
TX0004088372,0
TX0004088444,0
TX0004088447,0
TX0004088480,0
TX0004088514,0
TX0004088515,0
TX0004088516,0
TX0004088517,0
TX0004088530,0
TX0004088552,0
TX0004088591,0
TX0004088680,0
TX0002825562,0
TX0002825563,1
TX0004079024,0
TX0004079035,0
TX0004079054,0
TX0004079057,0
TX0004079073,0
TX0004079075,0
TX0004079088,0
TX0004079171,0
TX0004079176,0
TX0004079177,0
TX0004079227,0
TX0004079313,0
TX0004079316,0
TX0004079322,0
TX0004079331,0
TX0004079334,0
TX0004079349,0
TX0004079403,0
TX0004079428,0
TX0004079505,0
TX0004079514,0
TX0004079547,0
TX0004079564,0
TX0004079577,0
TX0004079580,0
TX0004079596,0
TX0004079619,0
TX0004079623,0
TX0004079627,0
TX0004079709,0
TX0004079726,0
TX0004079740,0
TX0004079746,0
TX0004079762,0
TX0004079766,0
TX0004079831,0
TX0004079832,0
TX0004079853,0
TX0004079864,0
TX0004079868,0
TX0004079874,0
TX0004079885,0
TX0004079905,0
TX0004079939,0
TX0004079974,0
TX0004079991,0
TX0004080011,0
TX0004080024,0
TX0004080065,0
TX0004080075,0
TX0004080149,0
TX0004080203,0
TX0004080227,0
TX0004080243,0
TX0004080251,0
TX0004080257,0
TX0004080369,0
TX0004080377,0
TX0004080379,0
TX0004080382,0
TX0004080418,0
TX0004080422,0
TX0004080498,0
TX0004080501,0
TX0004080550,0
TX0004080574,0
TX0004080606,0
TX0004080628,0
TX0004080680,0
TX0004080696,0
TX0004080735,0
TX0004080737,0
TX0004080788,0
TX0004080795,0
TX0004080848,0
TX0004080854,0
TX0004080942,0
TX0004081032,0
TX0004081036,0
TX0004081061,0
TX0004081068,0
TX0004081113,0
TX0004081123,0
TX0004081144,0
TX0004081149,0
TX0004081227,0
TX0004081233,0
TX0004081234,0
TX0004081236,0
TX0004081308,0
TX0004081453,0
TX0004081454,0
TX0004081461,0
TX0004081595,0
TX0004081665,0
TX0004081688,0
TX0004081693,0
TX0004081723,0
TX0004081724,0
TX0004081733,0
TX0004081736,0
TX0004081747,0
TX0004081750,0
TX0004081796,0
TX0004081823,0
TX0004081854,0
TX0004082010,0
TX0004082024,0
TX0004082025,0
TX0004082030,0
TX0004082082,0
TX0004082123,0
TX0004082124,0
TX0004082125,0
TX0004082228,0
TX0004082288,0
TX0004082299,0
TX0004082301,0
TX0004082345,0
TX0004082366,0
TX0004082451,0
TX0004082487,0
TX0004082501,0
TX0004082507,0
TX0004082515,0
TX0004082533,0
TX0004082534,0
TX0004082540,0
TX0004082550,0
TX0004082557,0
TX0004082560,0
TX0004082574,0
TX0004082608,0
TX0004082734,0
TX0004082748,0
TX0004082774,0
TX0004082786,0
TX0004082821,0
TX0004082901,0
TX0004082917,0
TX0004082925,0
TX0004082931,0
TX0004083044,0
TX0004083072,0
TX0004083091,0
TX0004083103,0
TX0004083104,0
TX0004083125,0
TX0004083147,0
TX0004083164,0
TX0004083169,0
TX0004083332,0
TX0004083334,0
TX0004083345,0
TX0004083379,0
TX0004083419,0
TX0004083543,0
TX0004083559,0
TX0004083562,0
TX0004083569,0
TX0004083572,0
TX0004083633,0
TX0004083639,0
TX0004083684,0
TX0004083719,0
TX0004083739,0
TX0004083753,0
TX0004083765,0
TX0004083836,0
TX0004083874,0
TX0004083877,0
TX0004083891,0
TX0004083894,0
TX0004083908,0
TX0004083954,0
TX0004083961,0
TX0004084001,0
TX0004084048,0
TX0004084051,0
TX0004084071,0
TX0004084085,0
TX0004084092,0
TX0004084100,0
TX0004084129,0
TX0004084147,0
TX0004084202,0
TX0004084232,0
TX0004084248,0
TX0004084257,0
TX0004084284,0
TX0004084325,0
TX0004084364,0
TX0004084423,0
TX0004084612,0
TX0004084643,0
TX0004084649,0
TX0004084680,0
TX0004084682,0
TX0004084712,0
TX0004084742,0
TX0004084743,0
TX0004084834,0
TX0004084856,0
TX0004084902,0
TX0004084921,0
TX0004084926,0
TX0004084950,0
TX0004084981,0
TX0004084996,0
TX0004085017,0
TX0004085070,0
TX0004085169,0
TX0004085241,0
TX0004085243,0
TX0004085297,0
TX0004085298,0
TX0004085347,0
TX0004085461,0
TX0004085464,0
TX0004085476,0
TX0004085488,0
TX0004085513,0
TX0004085516,0
TX0004085524,0
TX0004085541,0
TX0004085615,0
TX0004085622,0
TX0004085630,0
TX0004085646,0
TX0004085762,0
TX0004085774,0
TX0004085779,0
TX0004085824,0
TX0004085839,0
TX0004085848,0
TX0004085863,0
TX0004085878,0
TX0004085899,0
TX0004085925,0
TX0004085943,0
TX0004085965,0
TX0004085997,0
TX0004086031,0
TX0004086047,0
TX0004086057,0
TX0004086117,0
TX0004086125,0
TX0004086143,0
TX0004086149,0
TX0004086160,0
TX0004086190,0
TX0004086206,0
TX0004086234,0
TX0004086235,0
TX0004086237,0
TX0004086293,0
TX0004086333,0
TX0004086353,0
TX0004086361,0
TX0004086402,0
TX0004086407,0
TX0004086426,0
TX0004086460,0
TX0004086483,0
TX0004086505,0
TX0004086509,0
TX0004086546,0
TX0004086568,0
TX0004086576,0
TX0004086577,0
TX0004086595,0
TX0004086631,0
TX0004086635,0
TX0004086663,0
TX0004086731,0
TX0004086739,0
TX0004086780,0
TX0004086781,0
TX0004086809,0
TX0004086815,0
TX0004086869,0
TX0004086891,0
TX0004086995,0
TX0004087002,0
TX0004087018,0
TX0004087050,0
TX0004087080,0
TX0004087081,0
TX0004087086,0
TX0004087096,0
TX0004087120,0
TX0004087178,0
TX0004087206,0
TX0004087278,0
TX0004087279,0
TX0004087292,0
TX0004087308,0
TX0004087350,0
TX0004087381,0
TX0004087412,0
TX0004087417,0
TX0004087430,0
TX0004087508,0
TX0004087510,0
TX0004087521,0
TX0004087566,0
TX0004087567,0
TX0004087585,0
TX0004087610,0
TX0004087620,0
TX0004087769,0
TX0004087802,0
TX0004087837,0
TX0004087868,0
TX0004087870,0
TX0004087955,0
TX0004088011,0
TX0004088025,0
TX0004088035,0
TX0004088055,0
TX0004088076,0
TX0004088080,0
TX0004088137,0
TX0004088163,0
TX0004088164,0
TX0004088177,0
TX0004088243,0
TX0004088244,0
TX0004088245,0
TX0004088269,0
TX0004088326,0
TX0004088337,0
TX0004088346,0
TX0004088347,0
TX0004088358,0
TX0004088368,0
TX0004088375,0
TX0004088382,0
TX0004088396,0
TX0004088437,0
TX0004088455,0
TX0004088462,0
TX0004088475,0
TX0004088486,0
TX0004088493,0
TX0004088539,0
TX0004088592,0
TX0004088596,0
TX0004088667,0
TX0001936579,0
TX0001936580,1
TX0002860254,0
TX0002860255,0
TX0002860256,1
TX0003162518,0
TX0003162519,1
TX0004079069,0
TX0004079070,0
TX0004079076,0
TX0004079112,0
TX0004079134,0
TX0004079164,0
TX0004079187,0
TX0004079199,0
TX0004079203,0
TX0004079235,0
TX0004079264,0
TX0004079306,0
TX0004079324,0
TX0004079392,0
TX0004079427,0
TX0004079451,0
TX0004079487,0
TX0004079489,0
TX0004079502,0
TX0004079666,0
TX0004079667,0
TX0004079678,0
TX0004079768,0
TX0004079770,0
TX0004079813,0
TX0004079848,0
TX0004079875,0
TX0004079887,0
TX0004079945,0
TX0004079976,0
TX0004079977,0
TX0004079984,0
TX0004080058,0
TX0004080063,0
TX0004080100,0
TX0004080104,0
TX0004080116,0
TX0004080119,0
TX0004080161,0
TX0004080190,0
TX0004080199,0
TX0004080213,0
TX0004080247,0
TX0004080248,0
TX0004080252,0
TX0004080253,0
TX0004080255,0
TX0004080296,0
TX0004080390,0
TX0004080408,0
TX0004080444,0
TX0004080491,0
TX0004080507,0
TX0004080556,0
TX0004080557,0
TX0004080560,0
TX0004080564,0
TX0004080600,0
TX0004080651,0
TX0004080729,0
TX0004080763,0
TX0004080818,0
TX0004080841,0
TX0004080845,0
TX0004080870,0
TX0004080917,0
TX0004080936,0
TX0004080973,0
TX0004081031,0
TX0004081057,0
TX0004081192,0
TX0004081276,0
TX0004081322,0
TX0004081381,0
TX0004081384,0
TX0004081398,0
TX0004081460,0
TX0004081467,0
TX0004081468,0
TX0004081532,0
TX0004081533,0
TX0004081547,0
TX0004081565,0
TX0004081569,0
TX0004081597,0
TX0004081598,0
TX0004081628,0
TX0004081645,0
TX0004081715,0
TX0004081729,0
TX0004081788,0
TX0004081795,0
TX0004081810,0
TX0004081826,0
TX0004081928,0
TX0004081936,0
TX0004081964,0
TX0004081979,0
TX0004081983,0
TX0004081984,0
TX0004081987,0
TX0004082032,0
TX0004082048,0
TX0004082110,0
TX0004082148,0
TX0004082166,0
TX0004082251,0
TX0004082252,0
TX0004082257,0
TX0004082270,0
TX0004082294,0
TX0004082297,0
TX0004082335,0
TX0004082367,0
TX0004082486,0
TX0004082493,0
TX0004082518,0
TX0004082541,0
TX0004082570,0
TX0004082596,0
TX0004082605,0
TX0004082611,0
TX0004082643,0
TX0004082669,0
TX0004082682,0
TX0004082689,0
TX0004082703,0
TX0004082753,0
TX0004082769,0
TX0004082922,0
TX0004082924,0
TX0004082965,0
TX0004082967,0
TX0004083006,0
TX0004083037,0
TX0004083049,0
TX0004083106,0
TX0004083107,0
TX0004083149,0
TX0004083260,0
TX0004083306,0
TX0004083314,0
TX0004083350,0
TX0004083359,0
TX0004083366,0
TX0004083420,0
TX0004083424,0
TX0004083425,0
TX0004083457,0
TX0004083459,0
TX0004083488,0
TX0004083519,0
TX0004083521,0
TX0004083535,0
TX0004083542,0
TX0004083552,0
TX0004083644,0
TX0004083665,0
TX0004083697,0
TX0004083698,0
TX0004083702,0
TX0004083711,0
TX0004083712,0
TX0004083714,0
TX0004083724,0
TX0004083784,0
TX0004083787,0
TX0004083788,0
TX0004083790,0
TX0004083822,0
TX0004083856,0
TX0004083931,0
TX0004083960,0
TX0004084050,0
TX0004084070,0
TX0004084080,0
TX0004084199,0
TX0004084235,0
TX0004084256,0
TX0004084338,0
TX0004084346,0
TX0004084361,0
TX0004084363,0
TX0004084393,0
TX0004084401,0
TX0004084481,0
TX0004084501,0
TX0004084508,0
TX0004084547,0
TX0004084568,0
TX0004084574,0
TX0004084600,0
TX0004084628,0
TX0004084691,0
TX0004084718,0
TX0004084759,0
TX0004084771,0
TX0004084776,0
TX0004084778,0
TX0004084820,0
TX0004084842,0
TX0004084947,0
TX0004084954,0
TX0004085020,0
TX0004085058,0
TX0004085064,0
TX0004085087,0
TX0004085098,0
TX0004085108,0
TX0004085170,0
TX0004085217,0
TX0004085281,0
TX0004085327,0
TX0004085385,0
TX0004085391,0
TX0004085452,0
TX0004085478,0
TX0004085490,0
TX0004085494,0
TX0004085502,0
TX0004085538,0
TX0004085620,0
TX0004085642,0
TX0004085643,0
TX0004085689,0
TX0004085710,0
TX0004085715,0
TX0004085758,0
TX0004085785,0
TX0004085818,0
TX0004085831,0
TX0004085940,0
TX0004085963,0
TX0004085967,0
TX0004086004,0
TX0004086011,0
TX0004086096,0
TX0004086112,0
TX0004086171,0
TX0004086209,0
TX0004086241,0
TX0004086272,0
TX0004086273,0
TX0004086313,0
TX0004086360,0
TX0004086377,0
TX0004086392,0
TX0004086400,0
TX0004086517,0
TX0004086600,0
TX0004086605,0
TX0004086615,0
TX0004086637,0
TX0004086676,0
TX0004086691,0
TX0004086707,0
TX0004086715,0
TX0004086724,0
TX0004086759,0
TX0004086831,0
TX0004086842,0
TX0004086873,0
TX0004086881,0
TX0004086950,0
TX0004086951,0
TX0004086993,0
TX0004087006,0
TX0004087045,0
TX0004087069,0
TX0004087136,0
TX0004087156,0
TX0004087190,0
TX0004087194,0
TX0004087229,0
TX0004087380,0
TX0004087393,0
TX0004087442,0
TX0004087448,0
TX0004087467,0
TX0004087486,0
TX0004087583,0
TX0004087591,0
TX0004087621,0
TX0004087653,0
TX0004087666,0
TX0004087697,0
TX0004087763,0
TX0004087867,0
TX0004087920,0
TX0004087936,0
TX0004087941,0
TX0004087944,0
TX0004087973,0
TX0004088054,0
TX0004088082,0
TX0004088122,0
TX0004088135,0
TX0004088162,0
TX0004088168,0
TX0004088172,0
TX0004088203,0
TX0004088228,0
TX0004088236,0
TX0004088238,0
TX0004088283,0
TX0004088289,0
TX0004088290,0
TX0004088335,0
TX0004088351,0
TX0004088370,0
TX0004088402,0
TX0004088427,0
TX0004088500,0
TX0004088501,0
TX0004088504,0
TX0004088505,0
TX0004088544,0
TX0004088563,0
TX0004088576,0
TX0004088645,0
TX0004078980,0
TX0004078988,0
TX0004079009,0
TX0004079059,0
TX0004079085,0
TX0004079133,0
TX0004079162,0
TX0004079167,0
TX0004079168,0
TX0004079183,0
TX0004079298,0
TX0004079337,0
TX0004079357,0
TX0004079388,0
TX0004079407,0
TX0004079420,0
TX0004079423,0
TX0004079440,0
TX0004079496,0
TX0004079518,0
TX0004079730,0
TX0004079736,0
TX0004079747,0
TX0004079761,0
TX0004079764,0
TX0004079765,0
TX0004079859,0
TX0004079860,0
TX0004079892,0
TX0004079901,0
TX0004079925,0
TX0004079994,0
TX0004080003,0
TX0004080025,0
TX0004080029,0
TX0004080046,0
TX0004080047,0
TX0004080074,0
TX0004080080,0
TX0004080122,0
TX0004080177,0
TX0004080264,0
TX0004080272,0
TX0004080281,0
TX0004080282,0
TX0004080315,0
TX0004080331,0
TX0004080397,0
TX0004080508,0
TX0004080519,0
TX0004080525,0
TX0004080541,0
TX0004080733,0
TX0004080754,0
TX0004080755,0
TX0004080811,0
TX0004080842,0
TX0004080883,0
TX0004080910,0
TX0004080911,0
TX0004080927,0
TX0004080955,0
TX0004080981,0
TX0004081001,0
TX0004081015,0
TX0004081025,0
TX0004081035,0
TX0004081075,0
TX0004081109,0
TX0004081140,0
TX0004081154,0
TX0004081211,0
TX0004081282,0
TX0004081326,0
TX0004081343,0
TX0004081348,0
TX0004081354,0
TX0004081404,0
TX0004081444,0
TX0004081447,0
TX0004081471,0
TX0004081546,0
TX0004081553,0
TX0004081632,0
TX0004081643,0
TX0004081707,0
TX0004081721,0
TX0004081722,0
TX0004081743,0
TX0004081756,0
TX0004081765,0
TX0004082016,0
TX0004082029,0
TX0004082052,0
TX0004082064,0
TX0004082065,0
TX0004082072,0
TX0004082115,0
TX0004082129,0
TX0004082147,0
TX0004082218,0
TX0004082238,0
TX0004082287,0
TX0004082308,0
TX0004082328,0
TX0004082331,0
TX0004082457,0
TX0004082463,0
TX0004082471,0
TX0004082512,0
TX0004082525,0
TX0004082548,0
TX0004082554,0
TX0004082559,0
TX0004082602,0
TX0004082603,0
TX0004082617,0
TX0004082619,0
TX0004082631,0
TX0004082649,0
TX0004082652,0
TX0004082666,0
TX0004082670,0
TX0004082694,0
TX0004082702,0
TX0004082706,0
TX0004082736,0
TX0004082838,0
TX0004082846,0
TX0004082884,0
TX0004083014,0
TX0004083019,0
TX0004083067,0
TX0004083074,0
TX0004083092,0
TX0004083115,0
TX0004083143,0
TX0004083209,0
TX0004083214,0
TX0004083328,0
TX0004083352,0
TX0004083399,0
TX0004083438,0
TX0004083472,0
TX0004083505,0
TX0004083600,0
TX0004083643,0
TX0004083664,0
TX0004083672,0
TX0004083674,0
TX0004083749,0
TX0004083767,0
TX0004083818,0
TX0004083854,0
TX0004083895,0
TX0004083952,0
TX0004083969,0
TX0004083971,0
TX0004083974,0
TX0004083979,0
TX0004084035,0
TX0004084266,0
TX0004084267,0
TX0004084287,0
TX0004084292,0
TX0004084337,0
TX0004084341,0
TX0004084375,0
TX0004084417,0
TX0004084459,0
TX0004084475,0
TX0004084485,0
TX0004084513,0
TX0004084535,0
TX0004084545,0
TX0004084611,0
TX0004084636,0
TX0004084650,0
TX0004084678,0
TX0004084734,0
TX0004084836,0
TX0004084839,0
TX0004084861,0
TX0004084865,0
TX0004084917,0
TX0004084935,0
TX0004084984,0
TX0004085079,0
TX0004085089,0
TX0004085136,0
TX0004085216,0
TX0004085218,0
TX0004085232,0
TX0004085235,0
TX0004085239,0
TX0004085325,0
TX0004085334,0
TX0004085338,0
TX0004085339,0
TX0004085343,0
TX0004085379,0
TX0004085396,0
TX0004085412,0
TX0004085418,0
TX0004085428,0
TX0004085531,0
TX0004085534,0
TX0004085563,0
TX0004085613,0
TX0004085626,0
TX0004085629,0
TX0004085635,0
TX0004085641,0
TX0004085681,0
TX0004085717,0
TX0004085805,0
TX0004085806,0
TX0004085858,0
TX0004085859,0
TX0004085897,0
TX0004085898,0
TX0004085927,0
TX0004085935,0
TX0004085956,0
TX0004085964,0
TX0004086009,0
TX0004086017,0
TX0004086034,0
TX0004086046,0
TX0004086060,0
TX0004086073,0
TX0004086110,0
TX0004086156,0
TX0004086238,0
TX0004086264,0
TX0004086283,0
TX0004086294,0
TX0004086326,0
TX0004086328,0
TX0004086329,0
TX0004086368,0
TX0004086398,0
TX0004086409,0
TX0004086413,0
TX0004086430,0
TX0004086446,0
TX0004086467,0
TX0004086508,0
TX0004086511,0
TX0004086550,0
TX0004086551,0
TX0004086565,0
TX0004086582,0
TX0004086601,0
TX0004086674,0
TX0004086693,0
TX0004086736,0
TX0004086774,0
TX0004086776,0
TX0004086864,0
TX0004086877,0
TX0004086880,0
TX0004086931,0
TX0004086942,0
TX0004086967,0
TX0004087013,0
TX0004087017,0
TX0004087053,0
TX0004087106,0
TX0004087114,0
TX0004087116,0
TX0004087123,0
TX0004087134,0
TX0004087167,0
TX0004087177,0
TX0004087202,0
TX0004087216,0
TX0004087257,0
TX0004087265,0
TX0004087276,0
TX0004087289,0
TX0004087290,0
TX0004087401,0
TX0004087432,0
TX0004087449,0
TX0004087515,0
TX0004087579,0
TX0004087606,0
TX0004087616,0
TX0004087660,0
TX0004087675,0
TX0004087694,0
TX0004087704,0
TX0004087743,0
TX0004087765,0
TX0004087915,0
TX0004087918,0
TX0004087946,0
TX0004087957,0
TX0004087971,0
TX0004087984,0
TX0004088010,0
TX0004088045,0
TX0004088091,0
TX0004088188,0
TX0004088190,0
TX0004088250,0
TX0004088275,0
TX0004088338,0
TX0004088365,0
TX0004088380,0
TX0004088449,0
TX0004088474,0
TX0004088533,0
TX0004088571,0
TX0004088610,0
TX0004088656,0
TX0004088663,0
TX0004088671,0
TX0004088685,0
TX0004088703,0
TX0003756241,1
TX0004079074,0
TX0004079105,0
TX0004079184,0
TX0004079260,0
TX0004079261,0
TX0004079280,0
TX0004079295,0
TX0004079342,0
TX0004079352,0
TX0004079361,0
TX0004079369,0
TX0004079383,0
TX0004079417,0
TX0004079437,0
TX0004079438,0
TX0004079448,0
TX0004079471,0
TX0004079488,0
TX0004079492,0
TX0004079506,0
TX0004079557,0
TX0004079574,0
TX0004079647,0
TX0004079659,0
TX0004079670,0
TX0004079689,0
TX0004079693,0
TX0004079779,0
TX0004079800,0
TX0004079857,0
TX0004079858,0
TX0004079934,0
TX0004079935,0
TX0004079965,0
TX0004080021,0
TX0004080154,0
TX0004080176,0
TX0004080196,0
TX0004080200,0
TX0004080216,0
TX0004080217,0
TX0004080220,0
TX0004080280,0
TX0004080289,0
TX0004080308,0
TX0004080360,0
TX0004080371,0
TX0004080406,0
TX0004080481,0
TX0004080505,0
TX0004080531,0
TX0004080537,0
TX0004080594,0
TX0004080629,0
TX0004080656,0
TX0004080662,0
TX0004080664,0
TX0004080689,0
TX0004080753,0
TX0004080812,0
TX0004080815,0
TX0004080844,0
TX0004080905,0
TX0004080907,0
TX0004080952,0
TX0004080961,0
TX0004081085,0
TX0004081108,0
TX0004081168,0
TX0004081174,0
TX0004081201,0
TX0004081264,0
TX0004081323,0
TX0004081367,0
TX0004081422,0
TX0004081438,0
TX0004081472,0
TX0004081518,0
TX0004081566,0
TX0004081615,0
TX0004081620,0
TX0004081678,0
TX0004081689,0
TX0004081711,0
TX0004081763,0
TX0004081797,0
TX0004081805,0
TX0004081812,0
TX0004081856,0
TX0004081910,0
TX0004081956,0
TX0004081996,0
TX0004082005,0
TX0004082033,0
TX0004082039,0
TX0004082080,0
TX0004082116,0
TX0004082144,0
TX0004082154,0
TX0004082178,0
TX0004082196,0
TX0004082222,0
TX0004082290,0
TX0004082303,0
TX0004082344,0
TX0004082407,0
TX0004082483,0
TX0004082513,0
TX0004082535,0
TX0004082581,0
TX0004082623,0
TX0004082627,0
TX0004082654,0
TX0004082711,0
TX0004082726,0
TX0004082773,0
TX0004082783,0
TX0004082788,0
TX0004082792,0
TX0004082805,0
TX0004082811,0
TX0004082833,0
TX0004082835,0
TX0004082883,0
TX0004082897,0
TX0004082905,0
TX0004082940,0
TX0004082962,0
TX0004082963,0
TX0004083011,0
TX0004083016,0
TX0004083054,0
TX0004083061,0
TX0004083206,0
TX0004083228,0
TX0004083462,0
TX0004083492,0
TX0004083494,0
TX0004083526,0
TX0004083536,0
TX0004083587,0
TX0004083619,0
TX0004083630,0
TX0004083634,0
TX0004083668,0
TX0004083694,0
TX0004083734,0
TX0004083824,0
TX0004083838,0
TX0004083845,0
TX0004083857,0
TX0004083886,0
TX0004083902,0
TX0004083907,0
TX0004083922,0
TX0004083926,0
TX0004083956,0
TX0004084021,0
TX0004084058,0
TX0004084132,0
TX0004084140,0
TX0004084151,0
TX0004084183,0
TX0004084230,0
TX0004084242,0
TX0004084283,0
TX0004084291,0
TX0004084298,0
TX0004084343,0
TX0004084391,0
TX0004084399,0
TX0004084404,0
TX0004084442,0
TX0004084477,0
TX0004084488,0
TX0004084514,0
TX0004084516,0
TX0004084519,0
TX0004084550,0
TX0004084632,0
TX0004084671,0
TX0004084672,0
TX0004084693,0
TX0004084846,0
TX0004084930,0
TX0004084953,0
TX0004084993,0
TX0004085032,0
TX0004085047,0
TX0004085092,0
TX0004085117,0
TX0004085145,0
TX0004085187,0
TX0004085203,0
TX0004085204,0
TX0004085266,0
TX0004085277,0
TX0004085278,0
TX0004085287,0
TX0004085319,0
TX0004085401,0
TX0004085421,0
TX0004085443,0
TX0004085458,0
TX0004085469,0
TX0004085569,0
TX0004085621,0
TX0004085624,0
TX0004085631,0
TX0004085633,0
TX0004085727,0
TX0004085798,0
TX0004085803,0
TX0004085813,0
TX0004085822,0
TX0004085826,0
TX0004085874,0
TX0004085880,0
TX0004085895,0
TX0004085904,0
TX0004085934,0
TX0004085975,0
TX0004086023,0
TX0004086063,0
TX0004086074,0
TX0004086091,0
TX0004086134,0
TX0004086155,0
TX0004086230,0
TX0004086233,0
TX0004086249,0
TX0004086288,0
TX0004086301,0
TX0004086302,0
TX0004086309,0
TX0004086338,0
TX0004086383,0
TX0004086384,0
TX0004086429,0
TX0004086481,0
TX0004086482,0
TX0004086496,0
TX0004086497,0
TX0004086501,0
TX0004086507,0
TX0004086557,0
TX0004086566,0
TX0004086572,0
TX0004086624,0
TX0004086656,0
TX0004086725,0
TX0004086732,0
TX0004086735,0
TX0004086752,0
TX0004086789,0
TX0004086806,0
TX0004086863,0
TX0004086865,0
TX0004086977,0
TX0004087101,0
TX0004087146,0
TX0004087182,0
TX0004087218,0
TX0004087223,0
TX0004087249,0
TX0004087291,0
TX0004087357,0
TX0004087438,0
TX0004087446,0
TX0004087464,0
TX0004087503,0
TX0004087538,0
TX0004087549,0
TX0004087559,0
TX0004087589,0
TX0004087598,0
TX0004087600,0
TX0004087633,0
TX0004087638,0
TX0004087742,0
TX0004087747,0
TX0004087794,0
TX0004087801,0
TX0004087844,0
TX0004087914,0
TX0004087958,0
TX0004087974,0
TX0004088029,0
TX0004088030,0
TX0004088057,0
TX0004088063,0
TX0004088075,0
TX0004088132,0
TX0004088150,0
TX0004088210,0
TX0004088263,0
TX0004088264,0
TX0004088266,0
TX0004088369,0
TX0004088384,0
TX0004088387,0
TX0004088403,0
TX0004088457,0
TX0004088473,0
TX0004088479,0
TX0004088488,0
TX0004088496,0
TX0004088499,0
TX0004088546,0
TX0004088588,0
TX0004088623,0
TX0004088625,0
TX0004088626,0
TX0004088648,0
TX0004088665,0
TX0004088679,0
TX0004078968,0
TX0004078998,0
TX0004079021,0
TX0004079047,0
TX0004079063,0
TX0004079089,0
TX0004079092,0
TX0004079143,0
TX0004079163,0
TX0004079269,0
TX0004079270,0
TX0004079271,0
TX0004079308,0
TX0004079343,0
TX0004079367,0
TX0004079397,0
TX0004079490,0
TX0004079491,0
TX0004079510,0
TX0004079525,0
TX0004079568,0
TX0004079684,0
TX0004079725,0
TX0004079739,0
TX0004079751,0
TX0004079776,0
TX0004079790,0
TX0004079808,0
TX0004079824,0
TX0004079841,0
TX0004079914,0
TX0004079930,0
TX0004079931,0
TX0004079956,0
TX0004079982,0
TX0004079983,0
TX0004079985,0
TX0004080060,0
TX0004080069,0
TX0004080143,0
TX0004080166,0
TX0004080232,0
TX0004080317,0
TX0004080351,0
TX0004080355,0
TX0004080358,0
TX0004080417,0
TX0004080435,0
TX0004080450,0
TX0004080460,0
TX0004080461,0
TX0004080470,0
TX0004080502,0
TX0004080529,0
TX0004080538,0
TX0004080545,0
TX0004080546,0
TX0004080549,0
TX0004080559,0
TX0004080573,0
TX0004080575,0
TX0004080584,0
TX0004080591,0
TX0004080653,0
TX0004080661,0
TX0004080685,0
TX0004080688,0
TX0004080698,0
TX0004080710,0
TX0004080713,0
TX0004080799,0
TX0004080808,0
TX0004080846,0
TX0004080849,0
TX0004080853,0
TX0004080899,0
TX0004080903,0
TX0004080957,0
TX0004080984,0
TX0004080987,0
TX0004080999,0
TX0004081005,0
TX0004081049,0
TX0004081203,0
TX0004081267,0
TX0004081299,0
TX0004081335,0
TX0004081411,0
TX0004081443,0
TX0004081477,0
TX0004081488,0
TX0004081511,0
TX0004081542,0
TX0004081626,0
TX0004081630,0
TX0004081650,0
TX0004081651,0
TX0004081652,0
TX0004081744,0
TX0004081783,0
TX0004081830,0
TX0004081833,0
TX0004081847,0
TX0004081858,0
TX0004081870,0
TX0004081887,0
TX0004081893,0
TX0004081909,0
TX0004081935,0
TX0004081973,0
TX0004081985,0
TX0004081986,0
TX0004082104,0
TX0004082128,0
TX0004082184,0
TX0004082204,0
TX0004082207,0
TX0004082209,0
TX0004082307,0
TX0004082340,0
TX0004082405,0
TX0004082439,0
TX0004082442,0
TX0004082459,0
TX0004082520,0
TX0004082606,0
TX0004082655,0
TX0004082708,0
TX0004082820,0
TX0004082829,0
TX0004082837,0
TX0004082839,0
TX0004082847,0
TX0004082851,0
TX0004082854,0
TX0004082855,0
TX0004082865,0
TX0004082894,0
TX0004082900,0
TX0004082950,0
TX0004082959,0
TX0004082970,0
TX0004083007,0
TX0004083083,0
TX0004083096,0
TX0004083119,0
TX0004083122,0
TX0004083123,0
TX0004083148,0
TX0004083244,0
TX0004083247,0
TX0004083251,0
TX0004083271,0
TX0004083278,0
TX0004083280,0
TX0004083296,0
TX0004083318,0
TX0004083368,0
TX0004083380,0
TX0004083507,0
TX0004083538,0
TX0004083685,0
TX0004083725,0
TX0004083758,0
TX0004083759,0
TX0004083766,0
TX0004083771,0
TX0004083817,0
TX0004083861,0
TX0004083898,0
TX0004083930,0
TX0004083964,0
TX0004083982,0
TX0004084037,0
TX0004084114,0
TX0004084115,0
TX0004084142,0
TX0004084160,0
TX0004084161,0
TX0004084164,0
TX0004084181,0
TX0004084184,0
TX0004084244,0
TX0004084246,0
TX0004084263,0
TX0004084276,0
TX0004084281,0
TX0004084299,0
TX0004084320,0
TX0004084357,0
TX0004084358,0
TX0004084373,0
TX0004084382,0
TX0004084415,0
TX0004084452,0
TX0004084454,0
TX0004084455,0
TX0004084457,0
TX0004084458,0
TX0004084469,0
TX0004084471,0
TX0004084528,0
TX0004084538,0
TX0004084587,0
TX0004084599,0
TX0004084616,0
TX0004084655,0
TX0004084694,0
TX0004084713,0
TX0004084737,0
TX0004084786,0
TX0004084787,0
TX0004084804,0
TX0004084817,0
TX0004084873,0
TX0004084880,0
TX0004084882,0
TX0004084886,0
TX0004084896,0
TX0004084929,0
TX0004084973,0
TX0004084979,0
TX0004084992,0
TX0004085002,0
TX0004085003,0
TX0004085036,0
TX0004085053,0
TX0004085061,0
TX0004085066,0
TX0004085085,0
TX0004085111,0
TX0004085128,0
TX0004085141,0
TX0004085165,0
TX0004085166,0
TX0004085267,0
TX0004085293,0
TX0004085312,0
TX0004085328,0
TX0004085354,0
TX0004085448,0
TX0004085475,0
TX0004085489,0
TX0004085527,0
TX0004085679,0
TX0004085682,0
TX0004085708,0
TX0004085724,0
TX0004085743,0
TX0004085744,0
TX0004085754,0
TX0004085755,0
TX0004085760,0
TX0004085777,0
TX0004085793,0
TX0004085932,0
TX0004085939,0
TX0004085966,0
TX0004086022,0
TX0004086059,0
TX0004086120,0
TX0004086124,0
TX0004086176,0
TX0004086185,0
TX0004086202,0
TX0004086236,0
TX0004086258,0
TX0004086306,0
TX0004086315,0
TX0004086356,0
TX0004086379,0
TX0004086401,0
TX0004086406,0
TX0004086412,0
TX0004086418,0
TX0004086432,0
TX0004086451,0
TX0004086470,0
TX0004086486,0
TX0004086619,0
TX0004086654,0
TX0004086677,0
TX0004086701,0
TX0004086720,0
TX0004086728,0
TX0004086760,0
TX0004086769,0
TX0004086823,0
TX0004086868,0
TX0004086878,0
TX0004086896,0
TX0004086903,0
TX0004087025,0
TX0004087064,0
TX0004087065,0
TX0004087068,0
TX0004087079,0
TX0004087103,0
TX0004087124,0
TX0004087142,0
TX0004087189,0
TX0004087192,0
TX0004087209,0
TX0004087306,0
TX0004087383,0
TX0004087418,0
TX0004087423,0
TX0004087468,0
TX0004087496,0
TX0004087500,0
TX0004087517,0
TX0004087532,0
TX0004087577,0
TX0004087599,0
TX0004087623,0
TX0004087719,0
TX0004087752,0
TX0004087777,0
TX0004087780,0
TX0004087782,0
TX0004087818,0
TX0004087828,0
TX0004087873,0
TX0004087931,0
TX0004087935,0
TX0004087977,0
TX0004088034,0
TX0004088042,0
TX0004088066,0
TX0004088100,0
TX0004088111,0
TX0004088120,0
TX0004088165,0
TX0004088180,0
TX0004088224,0
TX0004088292,0
TX0004088312,0
TX0004088432,0
TX0004088442,0
TX0004088556,0
TX0004088580,0
TX0004088652,0
TX0004088661,0
TX0004088662,0
TX0004088708,0
TX0004078974,0
TX0004078978,0
TX0004079001,0
TX0004079036,0
TX0004079082,0
TX0004079086,0
TX0004079155,0
TX0004079170,0
TX0004079174,0
TX0004079207,0
TX0004079252,0
TX0004079315,0
TX0004079339,0
TX0004079394,0
TX0004079415,0
TX0004079450,0
TX0004079452,0
TX0004079477,0
TX0004079520,0
TX0004079531,0
TX0004079537,0
TX0004079634,0
TX0004079680,0
TX0004079707,0
TX0004079714,0
TX0004079732,0
TX0004079785,0
TX0004079855,0
TX0004079879,0
TX0004079891,0
TX0004079937,0
TX0004079988,0
TX0004079993,0
TX0004080012,0
TX0004080013,0
TX0004080043,0
TX0004080113,0
TX0004080117,0
TX0004080128,0
TX0004080147,0
TX0004080214,0
TX0004080236,0
TX0004080286,0
TX0004080427,0
TX0004080457,0
TX0004080614,0
TX0004080620,0
TX0004080666,0
TX0004080667,0
TX0004080715,0
TX0004080721,0
TX0004080746,0
TX0004080747,0
TX0004080770,0
TX0004080780,0
TX0004080781,0
TX0004080797,0
TX0004080813,0
TX0004080877,0
TX0004080884,0
TX0004080885,0
TX0004080900,0
TX0004080914,0
TX0004080956,0
TX0004081009,0
TX0004081023,0
TX0004081084,0
TX0004081099,0
TX0004081166,0
TX0004081177,0
TX0004081183,0
TX0004081237,0
TX0004081247,0
TX0004081261,0
TX0004081296,0
TX0004081301,0
TX0004081302,0
TX0004081313,0
TX0004081314,0
TX0004081341,0
TX0004081347,0
TX0004081426,0
TX0004081498,0
TX0004081504,0
TX0004081527,0
TX0004081535,0
TX0004081570,0
TX0004081574,0
TX0004081774,0
TX0004081776,0
TX0004081884,0
TX0004081922,0
TX0004081938,0
TX0004081945,0
TX0004081957,0
TX0004081963,0
TX0004081970,0
TX0004081981,0
TX0004081982,0
TX0004082011,0
TX0004082028,0
TX0004082036,0
TX0004082071,0
TX0004082090,0
TX0004082103,0
TX0004082170,0
TX0004082188,0
TX0004082195,0
TX0004082269,0
TX0004082275,0
TX0004082352,0
TX0004082354,0
TX0004082375,0
TX0004082389,0
TX0004082423,0
TX0004082453,0
TX0004082472,0
TX0004082510,0
TX0004082584,0
TX0004082590,0
TX0004082656,0
TX0004082685,0
TX0004082710,0
TX0004082775,0
TX0004082789,0
TX0004082790,0
TX0004082866,0
TX0004082868,0
TX0004082871,0
TX0004082876,0
TX0004082935,0
TX0004082947,0
TX0004082953,0
TX0004082964,0
TX0004082969,0
TX0004083028,0
TX0004083093,0
TX0004083177,0
TX0004083194,0
TX0004083223,0
TX0004083229,0
TX0004083282,0
TX0004083284,0
TX0004083297,0
TX0004083305,0
TX0004083323,0
TX0004083448,0
TX0004083533,0
TX0004083537,0
TX0004083554,0
TX0004083594,0
TX0004083595,0
TX0004083603,0
TX0004083648,0
TX0004083681,0
TX0004083710,0
TX0004083744,0
TX0004083760,0
TX0004083761,0
TX0004083770,0
TX0004083802,0
TX0004083810,0
TX0004083820,0
TX0004083821,0
TX0004083941,0
TX0004083945,0
TX0004083968,0
TX0004084036,0
TX0004084056,0
TX0004084063,0
TX0004084182,0
TX0004084185,0
TX0004084203,0
TX0004084226,0
TX0004084258,0
TX0004084314,0
TX0004084339,0
TX0004084365,0
TX0004084379,0
TX0004084408,0
TX0004084487,0
TX0004084584,0
TX0004084758,0
TX0004084815,0
TX0004084840,0
TX0004084909,0
TX0004084980,0
TX0004084985,0
TX0004085001,0
TX0004085025,0
TX0004085040,0
TX0004085051,0
TX0004085060,0
TX0004085068,0
TX0004085086,0
TX0004085097,0
TX0004085101,0
TX0004085102,0
TX0004085110,0
TX0004085124,0
TX0004085140,0
TX0004085210,0
TX0004085215,0
TX0004085357,0
TX0004085371,0
TX0004085381,0
TX0004085388,0
TX0004085465,0
TX0004085506,0
TX0004085549,0
TX0004085614,0
TX0004085634,0
TX0004085638,0
TX0004085705,0
TX0004085748,0
TX0004085796,0
TX0004085845,0
TX0004085855,0
TX0004085866,0
TX0004085894,0
TX0004085957,0
TX0004085962,0
TX0004085969,0
TX0004086010,0
TX0004086045,0
TX0004086084,0
TX0004086100,0
TX0004086138,0
TX0004086148,0
TX0004086165,0
TX0004086210,0
TX0004086239,0
TX0004086245,0
TX0004086263,0
TX0004086372,0
TX0004086375,0
TX0004086410,0
TX0004086420,0
TX0004086444,0
TX0004086549,0
TX0004086570,0
TX0004086588,0
TX0004086596,0
TX0004086623,0
TX0004086639,0
TX0004086660,0
TX0004086673,0
TX0004086703,0
TX0004086786,0
TX0004086895,0
TX0004086966,0
TX0004086999,0
TX0004087090,0
TX0004087098,0
TX0004087119,0
TX0004087131,0
TX0004087148,0
TX0004087193,0
TX0004087211,0
TX0004087226,0
TX0004087234,0
TX0004087264,0
TX0004087286,0
TX0004087305,0
TX0004087316,0
TX0004087354,0
TX0004087364,0
TX0004087388,0
TX0004087408,0
TX0004087414,0
TX0004087426,0
TX0004087435,0
TX0004087466,0
TX0004087525,0
TX0004087527,0
TX0004087543,0
TX0004087575,0
TX0004087683,0
TX0004087696,0
TX0004087722,0
TX0004087786,0
TX0004087792,0
TX0004087812,0
TX0004087815,0
TX0004087830,0
TX0004087839,0
TX0004087841,0
TX0004087940,0
TX0004087969,0
TX0004087975,0
TX0004088043,0
TX0004088073,0
TX0004088119,0
TX0004088192,0
TX0004088229,0
TX0004088249,0
TX0004088302,0
TX0004088371,0
TX0004088393,0
TX0004088397,0
TX0004088443,0
TX0004088463,0
TX0004088482,0
TX0004088565,0
TX0004088600,0
TX0004088601,0
TX0004088603,0
TX0004088617,0
TX0004088651,0
TX0004088683,0
TX0000812705,1
TX0004078983,0
TX0004079044,0
TX0004079056,0
TX0004079058,0
TX0004079087,0
TX0004079208,0
TX0004079212,0
TX0004079225,0
TX0004079249,0
TX0004079250,0
TX0004079300,0
TX0004079309,0
TX0004079356,0
TX0004079365,0
TX0004079366,0
TX0004079379,0
TX0004079405,0
TX0004079418,0
TX0004079426,0
TX0004079527,0
TX0004079535,0
TX0004079563,0
TX0004079607,0
TX0004079662,0
TX0004079690,0
TX0004079691,0
TX0004079710,0
TX0004079715,0
TX0004079719,0
TX0004079733,0
TX0004079737,0
TX0004079774,0
TX0004079778,0
TX0004079811,0
TX0004079851,0
TX0004079862,0
TX0004079865,0
TX0004079899,0
TX0004079940,0
TX0004080017,0
TX0004080090,0
TX0004080111,0
TX0004080155,0
TX0004080164,0
TX0004080188,0
TX0004080195,0
TX0004080223,0
TX0004080301,0
TX0004080311,0
TX0004080352,0
TX0004080385,0
TX0004080391,0
TX0004080407,0
TX0004080463,0
TX0004080485,0
TX0004080514,0
TX0004080534,0
TX0004080577,0
TX0004080597,0
TX0004080602,0
TX0004080638,0
TX0004080643,0
TX0004080693,0
TX0004080695,0
TX0004080727,0
TX0004080748,0
TX0004080762,0
TX0004080855,0
TX0004080880,0
TX0004080888,0
TX0004080908,0
TX0004080915,0
TX0004080954,0
TX0004080967,0
TX0004080993,0
TX0004081002,0
TX0004081004,0
TX0004081008,0
TX0004081019,0
TX0004081027,0
TX0004081078,0
TX0004081158,0
TX0004081159,0
TX0004081188,0
TX0004081221,0
TX0004081275,0
TX0004081325,0
TX0004081349,0
TX0004081363,0
TX0004081371,0
TX0004081412,0
TX0004081418,0
TX0004081487,0
TX0004081501,0
TX0004081520,0
TX0004081521,0
TX0004081528,0
TX0004081537,0
TX0004081550,0
TX0004081573,0
TX0004081588,0
TX0004081658,0
TX0004081675,0
TX0004081685,0
TX0004081692,0
TX0004081803,0
TX0004081835,0
TX0004081849,0
TX0004081886,0
TX0004081896,0
TX0004081917,0
TX0004081939,0
TX0004081954,0
TX0004081980,0
TX0004081993,0
TX0004082000,0
TX0004082007,0
TX0004082014,0
TX0004082020,0
TX0004082069,0
TX0004082100,0
TX0004082141,0
TX0004082149,0
TX0004082150,0
TX0004082205,0
TX0004082267,0
TX0004082274,0
TX0004082300,0
TX0004082339,0
TX0004082353,0
TX0004082361,0
TX0004082382,0
TX0004082432,0
TX0004082462,0
TX0004082539,0
TX0004082597,0
TX0004082817,0
TX0004082858,0
TX0004082867,0
TX0004082882,0
TX0004082923,0
TX0004082948,0
TX0004083003,0
TX0004083042,0
TX0004083069,0
TX0004083095,0
TX0004083108,0
TX0004083109,0
TX0004083141,0
TX0004083211,0
TX0004083215,0
TX0004083286,0
TX0004083351,0
TX0004083353,0
TX0004083360,0
TX0004083371,0
TX0004083375,0
TX0004083395,0
TX0004083405,0
TX0004083443,0
TX0004083454,0
TX0004083477,0
TX0004083483,0
TX0004083486,0
TX0004083506,0
TX0004083512,0
TX0004083525,0
TX0004083650,0
TX0004083732,0
TX0004083746,0
TX0004083793,0
TX0004083878,0
TX0004083901,0
TX0004083906,0
TX0004083963,0
TX0004083976,0
TX0004084004,0
TX0004084072,0
TX0004084105,0
TX0004084116,0
TX0004084130,0
TX0004084143,0
TX0004084159,0
TX0004084162,0
TX0004084197,0
TX0004084198,0
TX0004084208,0
TX0004084220,0
TX0004084225,0
TX0004084251,0
TX0004084252,0
TX0004084288,0
TX0004084297,0
TX0004084307,0
TX0004084308,0
TX0004084359,0
TX0004084360,0
TX0004084371,0
TX0004084388,0
TX0004084426,0
TX0004084428,0
TX0004084467,0
TX0004084493,0
TX0004084532,0
TX0004084610,0
TX0004084620,0
TX0004084670,0
TX0004084730,0
TX0004084768,0
TX0004084793,0
TX0004084906,0
TX0004084934,0
TX0004085072,0
TX0004085084,0
TX0004085103,0
TX0004085106,0
TX0004085125,0
TX0004085129,0
TX0004085132,0
TX0004085172,0
TX0004085184,0
TX0004085188,0
TX0004085201,0
TX0004085212,0
TX0004085254,0
TX0004085264,0
TX0004085265,0
TX0004085268,0
TX0004085304,0
TX0004085322,0
TX0004085335,0
TX0004085346,0
TX0004085368,0
TX0004085450,0
TX0004085460,0
TX0004085529,0
TX0004085554,0
TX0004085593,0
TX0004085649,0
TX0004085685,0
TX0004085698,0
TX0004085701,0
TX0004085729,0
TX0004085782,0
TX0004085786,0
TX0004085812,0
TX0004085836,0
TX0004085842,0
TX0004085843,0
TX0004085875,0
TX0004085917,0
TX0004085933,0
TX0004085955,0
TX0004085989,0
TX0004086005,0
TX0004086007,0
TX0004086054,0
TX0004086089,0
TX0004086107,0
TX0004086232,0
TX0004086287,0
TX0004086316,0
TX0004086327,0
TX0004086346,0
TX0004086357,0
TX0004086380,0
TX0004086385,0
TX0004086422,0
TX0004086435,0
TX0004086532,0
TX0004086543,0
TX0004086554,0
TX0004086629,0
TX0004086640,0
TX0004086653,0
TX0004086659,0
TX0004086696,0
TX0004086709,0
TX0004086719,0
TX0004086741,0
TX0004086791,0
TX0004086808,0
TX0004086839,0
TX0004086854,0
TX0004086906,0
TX0004086914,0
TX0004086997,0
TX0004087005,0
TX0004087060,0
TX0004087093,0
TX0004087094,0
TX0004087105,0
TX0004087121,0
TX0004087154,0
TX0004087169,0
TX0004087197,0
TX0004087227,0
TX0004087283,0
TX0004087300,0
TX0004087333,0
TX0004087374,0
TX0004087391,0
TX0004087419,0
TX0004087443,0
TX0004087452,0
TX0004087520,0
TX0004087545,0
TX0004087605,0
TX0004087608,0
TX0004087692,0
TX0004087736,0
TX0004087744,0
TX0004087775,0
TX0004087817,0
TX0004087891,0
TX0004087900,0
TX0004087934,0
TX0004087963,0
TX0004087988,0
TX0004087996,0
TX0004088023,0
TX0004088056,0
TX0004088064,0
TX0004088074,0
TX0004088105,0
TX0004088129,0
TX0004088133,0
TX0004088174,0
TX0004088183,0
TX0004088255,0
TX0004088285,0
TX0004088297,0
TX0004088314,0
TX0004088315,0
TX0004088398,0
TX0004088460,0
TX0004088502,0
TX0004088511,0
TX0004088529,0
TX0004088545,0
TX0004088619,0
TX0004088627,0
TX0004088628,0
TX0004088636,0
TX0004088675,0
TX0004078969,0
TX0004078975,0
TX0004078984,0
TX0004079060,0
TX0004079131,0
TX0004079157,0
TX0004079178,0
TX0004079204,0
TX0004079219,0
TX0004079237,0
TX0004079273,0
TX0004079412,0
TX0004079429,0
TX0004079519,0
TX0004079534,0
TX0004079587,0
TX0004079620,0
TX0004079630,0
TX0004079652,0
TX0004079658,0
TX0004079682,0
TX0004079687,0
TX0004079708,0
TX0004079749,0
TX0004079759,0
TX0004079777,0
TX0004079796,0
TX0004079844,0
TX0004079873,0
TX0004079898,0
TX0004079916,0
TX0004079920,0
TX0004079957,0
TX0004079963,0
TX0004079973,0
TX0004080023,0
TX0004080041,0
TX0004080054,0
TX0004080085,0
TX0004080096,0
TX0004080114,0
TX0004080197,0
TX0004080273,0
TX0004080300,0
TX0004080319,0
TX0004080334,0
TX0004080349,0
TX0004080354,0
TX0004080362,0
TX0004080381,0
TX0004080384,0
TX0004080428,0
TX0004080429,0
TX0004080439,0
TX0004080440,0
TX0004080452,0
TX0004080453,0
TX0004080500,0
TX0004080518,0
TX0004080585,0
TX0004080586,0
TX0004080595,0
TX0004080676,0
TX0004080700,0
TX0004080719,0
TX0004080779,0
TX0004080862,0
TX0004080876,0
TX0004080904,0
TX0004080997,0
TX0004081006,0
TX0004081021,0
TX0004081037,0
TX0004081117,0
TX0004081148,0
TX0004081212,0
TX0004081219,0
TX0004081220,0
TX0004081222,0
TX0004081240,0
TX0004081243,0
TX0004081269,0
TX0004081281,0
TX0004081312,0
TX0004081324,0
TX0004081339,0
TX0004081380,0
TX0004081408,0
TX0004081442,0
TX0004081448,0
TX0004081463,0
TX0004081466,0
TX0004081519,0
TX0004081582,0
TX0004081583,0
TX0004081629,0
TX0004081659,0
TX0004081661,0
TX0004081673,0
TX0004081757,0
TX0004081769,0
TX0004081785,0
TX0004081818,0
TX0004081834,0
TX0004081864,0
TX0004081879,0
TX0004081906,0
TX0004081931,0
TX0004081933,0
TX0004082031,0
TX0004082075,0
TX0004082079,0
TX0004082111,0
TX0004082183,0
TX0004082225,0
TX0004082286,0
TX0004082327,0
TX0004082341,0
TX0004082359,0
TX0004082393,0
TX0004082460,0
TX0004082485,0
TX0004082497,0
TX0004082511,0
TX0004082568,0
TX0004082580,0
TX0004082583,0
TX0004082632,0
TX0004082664,0
TX0004082678,0
TX0004082686,0
TX0004082794,0
TX0004082800,0
TX0004082803,0
TX0004082857,0
TX0004082874,0
TX0004082878,0
TX0004082898,0
TX0004082936,0
TX0004082945,0
TX0004082977,0
TX0004082978,0
TX0004082989,0
TX0004083008,0
TX0004083017,0
TX0004083080,0
TX0004083085,0
TX0004083140,0
TX0004083208,0
TX0004083227,0
TX0004083238,0
TX0004083287,0
TX0004083338,0
TX0004083369,0
TX0004083382,0
TX0004083407,0
TX0004083421,0
TX0004083490,0
TX0004083511,0
TX0004083632,0
TX0004083655,0
TX0004083676,0
TX0004083690,0
TX0004083701,0
TX0004083705,0
TX0004083707,0
TX0004083825,0
TX0004083847,0
TX0004083890,0
TX0004083938,0
TX0004083986,0
TX0004084002,0
TX0004084015,0
TX0004084023,0
TX0004084038,0
TX0004084043,0
TX0004084068,0
TX0004084079,0
TX0004084113,0
TX0004084169,0
TX0004084190,0
TX0004084210,0
TX0004084296,0
TX0004084318,0
TX0004084380,0
TX0004084422,0
TX0004084424,0
TX0004084446,0
TX0004084483,0
TX0004084521,0
TX0004084526,0
TX0004084553,0
TX0004084595,0
TX0004084596,0
TX0004084602,0
TX0004084617,0
TX0004084683,0
TX0004084750,0
TX0004084789,0
TX0004084807,0
TX0004084837,0
TX0004084863,0
TX0004084874,0
TX0004084875,0
TX0004084922,0
TX0004084976,0
TX0004084998,0
TX0004085005,0
TX0004085035,0
TX0004085037,0
TX0004085056,0
TX0004085082,0
TX0004085182,0
TX0004085219,0
TX0004085289,0
TX0004085291,0
TX0004085294,0
TX0004085299,0
TX0004085321,0
TX0004085331,0
TX0004085365,0
TX0004085373,0
TX0004085427,0
TX0004085447,0
TX0004085491,0
TX0004085499,0
TX0004085514,0
TX0004085521,0
TX0004085528,0
TX0004085545,0
TX0004085547,0
TX0004085579,0
TX0004085611,0
TX0004085632,0
TX0004085648,0
TX0004085663,0
TX0004085862,0
TX0004085928,0
TX0004085953,0
TX0004085977,0
TX0004086016,0
TX0004086048,0
TX0004086174,0
TX0004086186,0
TX0004086221,0
TX0004086295,0
TX0004086318,0
TX0004086319,0
TX0004086330,0
TX0004086341,0
TX0004086411,0
TX0004086416,0
TX0004086440,0
TX0004086443,0
TX0004086445,0
TX0004086454,0
TX0004086519,0
TX0004086528,0
TX0004086539,0
TX0004086571,0
TX0004086597,0
TX0004086685,0
TX0004086772,0
TX0004086783,0
TX0004086889,0
TX0004086948,0
TX0004086956,0
TX0004086978,0
TX0004087026,0
TX0004087061,0
TX0004087089,0
TX0004087097,0
TX0004087140,0
TX0004087217,0
TX0004087281,0
TX0004087287,0
TX0004087320,0
TX0004087386,0
TX0004087399,0
TX0004087459,0
TX0004087551,0
TX0004087561,0
TX0004087581,0
TX0004087607,0
TX0004087628,0
TX0004087688,0
TX0004087725,0
TX0004087749,0
TX0004087810,0
TX0004087866,0
TX0004087881,0
TX0004087884,0
TX0004087893,0
TX0004087895,0
TX0004087896,0
TX0004087923,0
TX0004088033,0
TX0004088037,0
TX0004088145,0
TX0004088156,0
TX0004088161,0
TX0004088185,0
TX0004088367,0
TX0004088453,0
TX0004088456,0
TX0004088470,0
TX0004088508,0
TX0004088553,0
TX0004088575,0
TX0004088597,0
TX0004088668,0
TX0004088709,0
TX0004079002,0
TX0004079013,0
TX0004079107,0
TX0004079117,0
TX0004079119,0
TX0004079150,0
TX0004079160,0
TX0004079188,0
TX0004079223,0
TX0004079231,0
TX0004079256,0
TX0004079263,0
TX0004079265,0
TX0004079274,0
TX0004079299,0
TX0004079353,0
TX0004079381,0
TX0004079389,0
TX0004079398,0
TX0004079457,0
TX0004079472,0
TX0004079513,0
TX0004079558,0
TX0004079583,0
TX0004079595,0
TX0004079598,0
TX0004079612,0
TX0004079629,0
TX0004079643,0
TX0004079671,0
TX0004079686,0
TX0004079769,0
TX0004079816,0
TX0004079852,0
TX0004079872,0
TX0004079880,0
TX0004079882,0
TX0004079888,0
TX0004079919,0
TX0004079962,0
TX0004079969,0
TX0004079978,0
TX0004080040,0
TX0004080082,0
TX0004080098,0
TX0004080102,0
TX0004080108,0
TX0004080136,0
TX0004080153,1
TX0004080158,0
TX0004080183,0
TX0004080246,0
TX0004080304,0
TX0004080307,0
TX0004080342,0
TX0004080409,0
TX0004080442,0
TX0004080448,0
TX0004080472,0
TX0004080521,0
TX0004080539,0
TX0004080604,0
TX0004080626,0
TX0004080637,0
TX0004080657,0
TX0004080658,0
TX0004080697,0
TX0004080720,0
TX0004080739,0
TX0004080749,0
TX0004080828,0
TX0004080932,0
TX0004080948,0
TX0004080976,0
TX0004080978,0
TX0004080982,0
TX0004081000,0
TX0004081045,0
TX0004081100,0
TX0004081110,0
TX0004081120,0
TX0004081163,0
TX0004081169,0
TX0004081172,0
TX0004081198,0
TX0004081199,0
TX0004081260,0
TX0004081271,0
TX0004081320,0
TX0004081376,0
TX0004081393,0
TX0004081395,0
TX0004081407,0
TX0004081428,0
TX0004081473,0
TX0004081489,0
TX0004081503,0
TX0004081508,0
TX0004081510,0
TX0004081512,0
TX0004081517,0
TX0004081523,0
TX0004081544,0
TX0004081559,0
TX0004081560,0
TX0004081575,0
TX0004081586,0
TX0004081592,0
TX0004081617,0
TX0004081655,0
TX0004081679,0
TX0004081680,0
TX0004081703,0
TX0004081732,0
TX0004081798,0
TX0004081799,0
TX0004081808,0
TX0004081817,0
TX0004081842,0
TX0004081871,0
TX0004081920,0
TX0004081950,0
TX0004081971,0
TX0004081972,0
TX0004082013,0
TX0004082021,0
TX0004082049,0
TX0004082139,0
TX0004082156,0
TX0004082182,0
TX0004082189,0
TX0004082298,0
TX0004082325,0
TX0004082387,0
TX0004082388,0
TX0004082392,0
TX0004082438,0
TX0004082464,0
TX0004082526,0
TX0004082528,0
TX0004082592,0
TX0004082640,0
TX0004082725,0
TX0004082738,0
TX0004082752,0
TX0004082757,0
TX0004082758,0
TX0004082795,0
TX0004082814,0
TX0004082852,0
TX0004082873,0
TX0004082899,0
TX0004082915,0
TX0004082949,0
TX0004082956,0
TX0004083036,0
TX0004083057,0
TX0004083133,0
TX0004083150,0
TX0004083152,0
TX0004083183,0
TX0004083191,0
TX0004083205,0
TX0004083213,0
TX0004083240,0
TX0004083257,0
TX0004083261,0
TX0004083281,0
TX0004083293,0
TX0004083319,0
TX0004083342,0
TX0004083370,0
TX0004083390,0
TX0004083431,0
TX0004083455,0
TX0004083498,0
TX0004083503,0
TX0004083579,0
TX0004083580,0
TX0004083601,0
TX0004083605,0
TX0004083620,0
TX0004083621,0
TX0004083624,0
TX0004083671,0
TX0004083686,0
TX0004083735,0
TX0004083798,0
TX0004083835,0
TX0004083852,0
TX0004083855,0
TX0004083864,0
TX0004083900,0
TX0004083932,0
TX0004083936,0
TX0004083948,0
TX0004084030,0
TX0004084053,0
TX0004084060,0
TX0004084062,0
TX0004084087,0
TX0004084123,0
TX0004084249,0
TX0004084342,0
TX0004084386,0
TX0004084435,0
TX0004084505,0
TX0004084537,0
TX0004084578,0
TX0004084581,0
TX0004084606,0
TX0004084631,0
TX0004084637,0
TX0004084754,0
TX0004084780,0
TX0004084823,0
TX0004084841,0
TX0004084884,0
TX0004084893,0
TX0004084910,0
TX0004084932,0
TX0004084948,0
TX0004084959,0
TX0004085000,0
TX0004085048,0
TX0004085055,0
TX0004085075,0
TX0004085135,0
TX0004085152,0
TX0004085158,0
TX0004085183,0
TX0004085196,0
TX0004085282,0
TX0004085309,0
TX0004085323,0
TX0004085330,0
TX0004085360,0
TX0004085423,0
TX0004085431,0
TX0004085467,0
TX0004085484,0
TX0004085530,0
TX0004085571,0
TX0004085572,0
TX0004085580,0
TX0004085599,0
TX0004085607,0
TX0004085661,0
TX0004085674,0
TX0004085694,0
TX0004085711,0
TX0004085736,0
TX0004085768,0
TX0004085769,0
TX0004085783,0
TX0004085792,0
TX0004085849,0
TX0004085861,0
TX0004085867,0
TX0004085909,0
TX0004085923,0
TX0004085945,0
TX0004085950,0
TX0004085986,0
TX0004086002,0
TX0004086081,0
TX0004086175,0
TX0004086198,0
TX0004086215,0
TX0004086228,0
TX0004086244,0
TX0004086296,0
TX0004086358,0
TX0004086371,0
TX0004086436,0
TX0004086448,0
TX0004086479,0
TX0004086487,0
TX0004086492,0
TX0004086527,0
TX0004086529,0
TX0004086584,0
TX0004086655,0
TX0004086667,0
TX0004086668,0
TX0004086700,0
TX0004086743,0
TX0004086782,0
TX0004086820,0
TX0004086833,0
TX0004086844,0
TX0004086867,0
TX0004086883,0
TX0004086886,0
TX0004086933,0
TX0004086968,0
TX0004086969,0
TX0004086972,0
TX0004086973,0
TX0004086990,0
TX0004086994,0
TX0004087000,0
TX0004087012,0
TX0004087024,0
TX0004087038,0
TX0004087040,0
TX0004087147,0
TX0004087168,0
TX0004087185,0
TX0004087187,0
TX0004087241,0
TX0004087252,0
TX0004087299,0
TX0004087361,0
TX0004087366,0
TX0004087369,0
TX0004087477,0
TX0004087523,0
TX0004087540,0
TX0004087557,0
TX0004087582,0
TX0004087590,0
TX0004087612,0
TX0004087648,0
TX0004087686,0
TX0004087758,0
TX0004087797,0
TX0004087808,0
TX0004087827,0
TX0004087834,0
TX0004087903,0
TX0004087910,0
TX0004087960,0
TX0004087987,0
TX0004087992,0
TX0004088002,0
TX0004088007,0
TX0004088139,0
TX0004088160,0
TX0004088209,0
TX0004088247,0
TX0004088291,0
TX0004088362,0
TX0004088378,0
TX0004088464,0
TX0004088484,0
TX0004088491,0
TX0004088509,0
TX0004088543,0
TX0004088572,0
TX0004088593,0
TX0004088599,0
TX0004088655,0
TX0004088658,0
TX0004088701,0
TX0003303595,0
TX0003303596,1
TX0004078966,0
TX0004079011,0
TX0004079032,0
TX0004079041,0
TX0004079097,0
TX0004079136,0
TX0004079147,0
TX0004079182,0
TX0004079276,0
TX0004079329,0
TX0004079344,0
TX0004079345,0
TX0004079493,0
TX0004079526,0
TX0004079578,0
TX0004079597,0
TX0004079608,0
TX0004079614,0
TX0004079626,0
TX0004079649,0
TX0004079699,0
TX0004079773,0
TX0004079910,0
TX0004079911,0
TX0004079924,0
TX0004079926,0
TX0004079929,0
TX0004079958,0
TX0004079964,0
TX0004079972,0
TX0004080005,0
TX0004080038,0
TX0004080089,0
TX0004080139,0
TX0004080156,0
TX0004080169,0
TX0004080192,0
TX0004080206,0
TX0004080262,0
TX0004080268,0
TX0004080293,0
TX0004080313,0
TX0004080330,0
TX0004080340,0
TX0004080361,0
TX0004080364,0
TX0004080368,0
TX0004080383,0
TX0004080455,0
TX0004080466,0
TX0004080473,0
TX0004080489,0
TX0004080513,0
TX0004080516,0
TX0004080547,0
TX0004080598,0
TX0004080603,0
TX0004080608,0
TX0004080627,0
TX0004080634,0
TX0004080636,0
TX0004080686,0
TX0004080706,0
TX0004080774,0
TX0004080796,0
TX0004080826,0
TX0004080829,0
TX0004080865,0
TX0004080881,0
TX0004080891,0
TX0004080892,0
TX0004080906,0
TX0004080953,0
TX0004080977,0
TX0004081066,0
TX0004081118,0
TX0004081216,0
TX0004081232,0
TX0004081242,0
TX0004081286,0
TX0004081315,0
TX0004081370,0
TX0004081399,0
TX0004081405,0
TX0004081429,0
TX0004081455,0
TX0004081456,0
TX0004081474,0
TX0004081506,0
TX0004081515,0
TX0004081557,0
TX0004081576,0
TX0004081700,0
TX0004081738,0
TX0004081739,0
TX0004081782,0
TX0004081853,0
TX0004081901,0
TX0004081905,0
TX0004081943,0
TX0004081948,0
TX0004081958,0
TX0004081988,0
TX0004081994,0
TX0004082004,0
TX0004082091,0
TX0004082095,0
TX0004082118,0
TX0004082169,0
TX0004082221,0
TX0004082233,0
TX0004082283,0
TX0004082285,0
TX0004082296,0
TX0004082318,0
TX0004082400,0
TX0004082403,0
TX0004082414,0
TX0004082443,0
TX0004082456,0
TX0004082506,0
TX0004082508,0
TX0004082571,0
TX0004082600,0
TX0004082722,0
TX0004082727,0
TX0004082756,0
TX0004082766,0
TX0004082785,0
TX0004082808,0
TX0004082987,0
TX0004083029,0
TX0004083051,0
TX0004083097,0
TX0004083151,0
TX0004083157,0
TX0004083161,0
TX0004083167,0
TX0004083210,0
TX0004083220,0
TX0004083253,0
TX0004083326,0
TX0004083339,0
TX0004083349,0
TX0004083362,0
TX0004083374,0
TX0004083391,0
TX0004083403,0
TX0004083409,0
TX0004083414,0
TX0004083428,0
TX0004083435,0
TX0004083439,0
TX0004083452,0
TX0004083531,0
TX0004083541,0
TX0004083577,0
TX0004083581,0
TX0004083582,0
TX0004083617,0
TX0004083635,0
TX0004083647,0
TX0004083669,0
TX0004083678,0
TX0004083683,0
TX0004083691,0
TX0004083703,0
TX0004083736,0
TX0004083754,0
TX0004083764,0
TX0004083768,0
TX0004083772,0
TX0004083777,0
TX0004083816,0
TX0004083849,0
TX0004083910,0
TX0004083914,0
TX0004083916,0
TX0004083959,0
TX0004083973,0
TX0004083977,0
TX0004083990,0
TX0004083999,0
TX0004084029,0
TX0004084088,0
TX0004084096,0
TX0004084118,0
TX0004084120,0
TX0004084200,0
TX0004084201,0
TX0004084224,0
TX0004084264,0
TX0004084272,0
TX0004084275,0
TX0004084328,0
TX0004084381,0
TX0004084405,0
TX0004084450,0
TX0004084496,0
TX0004084500,0
TX0004084502,0
TX0004084534,0
TX0004084539,0
TX0004084544,0
TX0004084551,0
TX0004084645,0
TX0004084684,0
TX0004084721,0
TX0004084724,0
TX0004084733,0
TX0004084746,0
TX0004084747,0
TX0004084777,0
TX0004084811,0
TX0004084828,0
TX0004084833,0
TX0004084850,0
TX0004084878,0
TX0004084900,0
TX0004084923,0
TX0004084924,0
TX0004084933,0
TX0004084938,0
TX0004084943,0
TX0004084994,0
TX0004085015,0
TX0004085093,0
TX0004085195,0
TX0004085199,0
TX0004085251,0
TX0004085318,0
TX0004085356,0
TX0004085389,0
TX0004085398,0
TX0004085438,0
TX0004085457,0
TX0004085588,0
TX0004085595,0
TX0004085616,0
TX0004085627,0
TX0004085636,0
TX0004085657,0
TX0004085687,0
TX0004085767,0
TX0004085844,0
TX0004085885,0
TX0004085985,0
TX0004085996,0
TX0004086035,0
TX0004086068,0
TX0004086087,0
TX0004086109,0
TX0004086126,0
TX0004086162,0
TX0004086246,0
TX0004086284,0
TX0004086290,0
TX0004086323,0
TX0004086324,0
TX0004086340,0
TX0004086364,0
TX0004086395,0
TX0004086397,0
TX0004086425,0
TX0004086438,0
TX0004086463,0
TX0004086464,0
TX0004086476,0
TX0004086493,0
TX0004086523,0
TX0004086538,0
TX0004086548,0
TX0004086555,0
TX0004086562,0
TX0004086591,0
TX0004086611,0
TX0004086612,0
TX0004086662,0
TX0004086678,0
TX0004086727,0
TX0004086740,0
TX0004086748,0
TX0004086754,0
TX0004086763,0
TX0004086793,0
TX0004086796,0
TX0004086835,0
TX0004086838,0
TX0004086846,0
TX0004086850,0
TX0004086852,0
TX0004086939,0
TX0004086963,0
TX0004086983,0
TX0004087035,0
TX0004087046,0
TX0004087070,0
TX0004087083,0
TX0004087100,0
TX0004087110,0
TX0004087319,0
TX0004087347,0
TX0004087460,0
TX0004087473,0
TX0004087480,0
TX0004087498,0
TX0004087528,0
TX0004087629,1
TX0004087649,0
TX0004087691,0
TX0004087700,0
TX0004087772,0
TX0004087778,0
TX0004087871,0
TX0004087874,0
TX0004087879,0
TX0004087913,0
TX0004087982,0
TX0004087993,0
TX0004087995,0
TX0004088001,0
TX0004088046,0
TX0004088065,0
TX0004088087,0
TX0004088088,0
TX0004088110,0
TX0004088118,0
TX0004088127,0
TX0004088148,0
TX0004088158,0
TX0004088171,0
TX0004088208,0
TX0004088248,0
TX0004088251,0
TX0004088276,0
TX0004088279,0
TX0004088298,0
TX0004088300,0
TX0004088309,0
TX0004088381,0
TX0004088392,0
TX0004088404,0
TX0004088423,0
TX0004088440,0
TX0004088451,0
TX0004088481,0
TX0004088548,0
TX0004088586,0
TX0004088589,0
TX0004088621,0
TX0004088700,0
TX0004088707,0
TX0004079046,0
TX0004079064,0
TX0004079158,0
TX0004079165,0
TX0004079218,0
TX0004079228,0
TX0004079251,0
TX0004079262,0
TX0004079278,0
TX0004079293,0
TX0004079310,0
TX0004079314,0
TX0004079319,0
TX0004079340,0
TX0004079400,0
TX0004079434,0
TX0004079454,0
TX0004079483,0
TX0004079484,0
TX0004079499,0
TX0004079530,0
TX0004079572,0
TX0004079579,0
TX0004079582,0
TX0004079624,0
TX0004079635,0
TX0004079648,0
TX0004079653,0
TX0004079654,0
TX0004079718,0
TX0004079771,0
TX0004079793,0
TX0004079825,0
TX0004079828,0
TX0004079928,0
TX0004079948,0
TX0004080001,0
TX0004080004,0
TX0004080026,0
TX0004080068,0
TX0004080137,0
TX0004080189,0
TX0004080215,0
TX0004080275,0
TX0004080337,0
TX0004080403,0
TX0004080445,0
TX0004080446,0
TX0004080479,0
TX0004080482,0
TX0004080494,0
TX0004080495,0
TX0004080496,0
TX0004080522,0
TX0004080609,0
TX0004080619,0
TX0004080655,0
TX0004080671,0
TX0004080691,0
TX0004080743,0
TX0004080792,0
TX0004080867,0
TX0004080898,0
TX0004080902,0
TX0004080929,0
TX0004080943,0
TX0004080972,0
TX0004080995,0
TX0004081034,0
TX0004081059,0
TX0004081063,0
TX0004081092,0
TX0004081097,0
TX0004081103,0
TX0004081115,0
TX0004081125,0
TX0004081157,0
TX0004081181,0
TX0004081184,0
TX0004081262,0
TX0004081270,0
TX0004081342,0
TX0004081369,0
TX0004081427,0
TX0004081480,0
TX0004081481,0
TX0004081490,0
TX0004081507,0
TX0004081514,0
TX0004081606,0
TX0004081641,0
TX0004081663,0
TX0004081730,0
TX0004081767,0
TX0004081787,0
TX0004081794,0
TX0004081804,0
TX0004081832,0
TX0004081851,0
TX0004081895,0
TX0004081908,0
TX0004081914,0
TX0004081990,0
TX0004081998,0
TX0004082164,0
TX0004082181,0
TX0004082201,0
TX0004082202,0
TX0004082212,0
TX0004082397,0
TX0004082477,0
TX0004082480,0
TX0004082481,0
TX0004082505,0
TX0004082537,0
TX0004082544,0
TX0004082549,0
TX0004082572,0
TX0004082675,0
TX0004082712,0
TX0004082718,0
TX0004082806,0
TX0004082812,0
TX0004082843,0
TX0004082862,0
TX0004082904,0
TX0004082914,0
TX0004082927,0
TX0004082937,0
TX0004082941,0
TX0004082961,0
TX0004083035,0
TX0004083058,0
TX0004083071,0
TX0004083082,0
TX0004083135,0
TX0004083156,0
TX0004083222,0
TX0004083283,0
TX0004083298,0
TX0004083304,0
TX0004083340,0
TX0004083358,0
TX0004083385,0
TX0004083388,0
TX0004083465,0
TX0004083570,0
TX0004083575,0
TX0004083589,0
TX0004083606,0
TX0004083636,0
TX0004083661,0
TX0004083731,0
TX0004083740,0
TX0004083812,0
TX0004083949,0
TX0004083958,0
TX0004083993,0
TX0004083997,0
TX0004084026,0
TX0004084027,0
TX0004084039,0
TX0004084044,0
TX0004084121,0
TX0004084131,0
TX0004084141,0
TX0004084154,0
TX0004084187,0
TX0004084189,0
TX0004084207,0
TX0004084241,0
TX0004084277,0
TX0004084285,0
TX0004084309,0
TX0004084327,0
TX0004084394,0
TX0004084396,0
TX0004084414,0
TX0004084436,0
TX0004084489,0
TX0004084490,0
TX0004084499,0
TX0004084588,0
TX0004084638,0
TX0004084667,0
TX0004084735,0
TX0004084748,0
TX0004084757,0
TX0004084798,0
TX0004084826,0
TX0004084829,0
TX0004084881,0
TX0004084925,0
TX0004084957,0
TX0004085006,0
TX0004085008,0
TX0004085059,0
TX0004085118,0
TX0004085151,0
TX0004085167,0
TX0004085238,0
TX0004085292,0
TX0004085337,0
TX0004085344,0
TX0004085349,0
TX0004085424,0
TX0004085463,0
TX0004085509,0
TX0004085525,0
TX0004085562,0
TX0004085578,0
TX0004085654,0
TX0004085658,0
TX0004085662,0
TX0004085683,0
TX0004085691,0
TX0004085730,0
TX0004085734,0
TX0004085811,0
TX0004085876,0
TX0004085877,0
TX0004085913,0
TX0004085949,0
TX0004085979,0
TX0004085993,0
TX0004085994,0
TX0004086018,0
TX0004086030,0
TX0004086121,0
TX0004086122,0
TX0004086177,0
TX0004086265,0
TX0004086286,0
TX0004086311,0
TX0004086370,0
TX0004086373,0
TX0004086404,0
TX0004086427,0
TX0004086437,0
TX0004086455,0
TX0004086520,0
TX0004086525,0
TX0004086573,0
TX0004086607,0
TX0004086608,0
TX0004086694,0
TX0004086697,0
TX0004086708,0
TX0004086751,0
TX0004086804,0
TX0004086832,0
TX0004086837,0
TX0004086923,0
TX0004087051,0
TX0004087052,0
TX0004087054,0
TX0004087133,0
TX0004087144,0
TX0004087149,0
TX0004087162,0
TX0004087196,0
TX0004087203,0
TX0004087210,0
TX0004087225,0
TX0004087238,0
TX0004087297,0
TX0004087331,0
TX0004087428,0
TX0004087456,0
TX0004087483,0
TX0004087568,0
TX0004087603,0
TX0004087646,0
TX0004087651,0
TX0004087652,0
TX0004087657,0
TX0004087661,0
TX0004087663,0
TX0004087701,0
TX0004087768,0
TX0004087791,0
TX0004087850,0
TX0004087856,0
TX0004087909,0
TX0004087922,0
TX0004087964,0
TX0004088008,0
TX0004088024,0
TX0004088108,0
TX0004088144,0
TX0004088170,0
TX0004088175,0
TX0004088212,0
TX0004088348,0
TX0004088349,0
TX0004088356,0
TX0004088401,0
TX0004088459,0
TX0004088526,0
TX0004088541,0
TX0004088587,0
TX0004088673,0
TX0004088705,0
TX0004088706,0
TX0004088716,0
TX0004079051,0
TX0004079186,0
TX0004079288,0
TX0004079321,0
TX0004079354,0
TX0004079377,0
TX0004079401,0
TX0004079435,0
TX0004079494,0
TX0004079575,0
TX0004079604,0
TX0004079605,0
TX0004079679,0
TX0004079701,0
TX0004079711,0
TX0004079757,0
TX0004079795,0
TX0004079838,0
TX0004079861,0
TX0004079876,0
TX0004079921,0
TX0004079932,0
TX0004079933,0
TX0004079955,0
TX0004079975,0
TX0004080231,0
TX0004080234,0
TX0004080241,0
TX0004080244,0
TX0004080263,0
TX0004080278,0
TX0004080288,0
TX0004080380,0
TX0004080413,0
TX0004080414,0
TX0004080420,0
TX0004080478,0
TX0004080527,0
TX0004080578,0
TX0004080642,0
TX0004080679,0
TX0004080718,0
TX0004080734,0
TX0004080767,0
TX0004080833,0
TX0004080834,0
TX0004080836,0
TX0004080838,0
TX0004080843,0
TX0004080852,0
TX0004080918,0
TX0004080923,0
TX0004080933,0
TX0004080969,0
TX0004080971,0
TX0004080980,0
TX0004080985,0
TX0004080998,0
TX0004081003,0
TX0004081020,0
TX0004081046,0
TX0004081064,0
TX0004081089,0
TX0004081127,0
TX0004081136,0
TX0004081160,0
TX0004081202,0
TX0004081225,0
TX0004081244,0
TX0004081291,0
TX0004081372,0
TX0004081401,0
TX0004081602,0
TX0004081604,0
TX0004081609,0
TX0004081621,0
TX0004081646,0
TX0004081691,0
TX0004081704,0
TX0004081706,0
TX0004081709,0
TX0004081737,0
TX0004081771,0
TX0004081772,0
TX0004081784,0
TX0004081806,0
TX0004081846,0
TX0004081857,0
TX0004081863,0
TX0004081883,0
TX0004081915,0
TX0004081925,0
TX0004081934,0
TX0004081940,0
TX0004081952,0
TX0004082040,0
TX0004082157,0
TX0004082160,0
TX0004082194,0
TX0004082199,0
TX0004082216,0
TX0004082235,0
TX0004082248,0
TX0004082265,0
TX0004082278,0
TX0004082304,0
TX0004082324,0
TX0004082334,0
TX0004082337,0
TX0004082355,0
TX0004082368,0
TX0004082431,0
TX0004082434,0
TX0004082449,0
TX0004082467,0
TX0004082468,0
TX0004082475,0
TX0004082530,0
TX0004082542,0
TX0004082547,0
TX0004082558,0
TX0004082569,0
TX0004082622,0
TX0004082637,0
TX0004082647,0
TX0004082714,0
TX0004082716,0
TX0004082742,0
TX0004082755,0
TX0004082767,0
TX0004082849,0
TX0004082911,0
TX0004082976,0
TX0004083027,0
TX0004083038,0
TX0004083116,0
TX0004083117,0
TX0004083118,0
TX0004083142,0
TX0004083188,0
TX0004083195,0
TX0004083207,0
TX0004083255,0
TX0004083272,0
TX0004083273,0
TX0004083275,0
TX0004083324,0
TX0004083356,0
TX0004083406,0
TX0004083429,0
TX0004083463,0
TX0004083487,0
TX0004083508,0
TX0004083528,0
TX0004083548,0
TX0004083549,0
TX0004083571,0
TX0004083586,0
TX0004083626,0
TX0004083628,0
TX0004083638,0
TX0004083689,0
TX0004083726,0
TX0004083745,0
TX0004083775,0
TX0004083779,0
TX0004083781,0
TX0004083827,0
TX0004083840,0
TX0004083873,0
TX0004083921,0
TX0004083934,0
TX0004083951,0
TX0004083980,0
TX0004083998,0
TX0004084008,0
TX0004084010,0
TX0004084025,0
TX0004084034,0
TX0004084057,0
TX0004084067,0
TX0004084112,0
TX0004084167,0
TX0004084255,0
TX0004084273,0
TX0004084331,0
TX0004084333,0
TX0004084387,0
TX0004084462,0
TX0004084506,0
TX0004084530,0
TX0004084540,0
TX0004084543,0
TX0004084573,0
TX0004084668,0
TX0004084673,0
TX0004084689,0
TX0004084710,0
TX0004084812,0
TX0004084866,0
TX0004084868,0
TX0004084895,0
TX0004084899,0
TX0004085014,0
TX0004085080,0
TX0004085083,0
TX0004085090,0
TX0004085109,0
TX0004085168,0
TX0004085206,0
TX0004085214,0
TX0004085222,0
TX0004085227,0
TX0004085245,0
TX0004085252,0
TX0004085263,0
TX0004085280,0
TX0004085307,0
TX0004085362,0
TX0004085453,0
TX0004085466,0
TX0004085470,0
TX0004085474,0
TX0004085540,0
TX0004085550,0
TX0004085587,0
TX0004085603,0
TX0004085644,0
TX0004085645,0
TX0004085668,0
TX0004085709,0
TX0004085721,0
TX0004085725,0
TX0004085765,0
TX0004085790,0
TX0004085854,0
TX0004085860,0
TX0004085889,0
TX0004085915,0
TX0004085938,0
TX0004085944,0
TX0004085952,0
TX0004085960,0
TX0004086032,0
TX0004086062,0
TX0004086080,0
TX0004086119,0
TX0004086129,0
TX0004086199,0
TX0004086217,0
TX0004086289,0
TX0004086303,0
TX0004086336,0
TX0004086381,0
TX0004086390,0
TX0004086433,0
TX0004086456,0
TX0004086579,0
TX0004086599,0
TX0004086613,0
TX0004086647,0
TX0004086699,0
TX0004086778,0
TX0004086785,0
TX0004086887,0
TX0004086965,0
TX0004086980,0
TX0004086998,0
TX0004087009,0
TX0004087020,0
TX0004087085,0
TX0004087150,0
TX0004087151,0
TX0004087152,0
TX0004087160,0
TX0004087171,0
TX0004087204,0
TX0004087224,0
TX0004087236,0
TX0004087253,0
TX0004087254,0
TX0004087330,0
TX0004087345,0
TX0004087349,0
TX0004087402,0
TX0004087409,0
TX0004087411,0
TX0004087433,0
TX0004087474,0
TX0004087487,0
TX0004087504,0
TX0004087518,0
TX0004087529,0
TX0004087565,0
TX0004087594,0
TX0004087647,0
TX0004087677,0
TX0004087689,0
TX0004087726,0
TX0004087821,0
TX0004087824,0
TX0004087852,0
TX0004087880,0
TX0004087921,0
TX0004087932,0
TX0004087945,0
TX0004087949,0
TX0004087959,0
TX0004087978,0
TX0004088052,0
TX0004088077,0
TX0004088102,0
TX0004088149,0
TX0004088232,0
TX0004088234,0
TX0004088260,0
TX0004088342,0
TX0004088350,0
TX0004088374,0
TX0004088405,0
TX0004088406,1
TX0004088428,0
TX0004088454,0
TX0004088521,0
TX0004088537,0
TX0004088555,0
TX0004088570,0
TX0004088578,0
TX0004088609,0
TX0004088692,0
TX0004088693,0
TX0004079000,0
TX0004079006,0
TX0004079012,0
TX0004079020,0
TX0004079023,0
TX0004079033,0
TX0004079067,0
TX0004079071,0
TX0004079072,0
TX0004079090,0
TX0004079101,0
TX0004079122,0
TX0004079151,0
TX0004079191,0
TX0004079195,0
TX0004079335,0
TX0004079346,0
TX0004079358,0
TX0004079362,0
TX0004079566,0
TX0004079584,0
TX0004079599,0
TX0004079602,0
TX0004079618,0
TX0004079645,0
TX0004079683,0
TX0004079712,0
TX0004079731,0
TX0004079782,0
TX0004079809,0
TX0004079814,0
TX0004079840,0
TX0004079845,0
TX0004079881,0
TX0004079903,0
TX0004079907,0
TX0004079996,0
TX0004079999,0
TX0004080087,0
TX0004080109,0
TX0004080132,0
TX0004080145,0
TX0004080179,0
TX0004080185,0
TX0004080201,0
TX0004080259,0
TX0004080267,0
TX0004080297,0
TX0004080302,0
TX0004080303,0
TX0004080314,0
TX0004080320,0
TX0004080425,0
TX0004080458,0
TX0004080462,0
TX0004080471,0
TX0004080535,0
TX0004080566,0
TX0004080567,0
TX0004080639,0
TX0004080649,0
TX0004080684,0
TX0004080694,0
TX0004080726,0
TX0004080761,0
TX0004080777,0
TX0004080802,0
TX0004080814,0
TX0004080817,0
TX0004080832,0
TX0004080857,0
TX0004080858,0
TX0004080931,0
TX0004080945,0
TX0004080959,0
TX0004080963,0
TX0004080979,0
TX0004080996,0
TX0004081053,0
TX0004081104,0
TX0004081124,0
TX0004081126,0
TX0004081142,0
TX0004081176,0
TX0004081209,0
TX0004081249,0
TX0004081250,0
TX0004081254,0
TX0004081285,0
TX0004081327,0
TX0004081351,0
TX0004081355,0
TX0004081375,0
TX0004081378,0
TX0004081388,0
TX0004081430,0
TX0004081491,0
TX0004081538,0
TX0004081549,0
TX0004081564,0
TX0004081616,0
TX0004081618,0
TX0004081635,0
TX0004081827,0
TX0004081891,0
TX0004082062,0
TX0004082063,0
TX0004082168,0
TX0004082175,0
TX0004082185,0
TX0004082214,0
TX0004082253,0
TX0004082254,0
TX0004082264,0
TX0004082319,0
TX0004082326,0
TX0004082415,0
TX0004082436,0
TX0004082458,0
TX0004082503,0
TX0004082589,0
TX0004082591,0
TX0004082621,0
TX0004082630,0
TX0004082665,0
TX0004082667,0
TX0004082683,0
TX0004082741,0
TX0004082791,0
TX0004082853,0
TX0004082869,0
TX0004082891,0
TX0004082918,0
TX0004082920,0
TX0004082930,0
TX0004083026,0
TX0004083128,0
TX0004083130,0
TX0004083134,0
TX0004083159,0
TX0004083160,0
TX0004083203,0
TX0004083295,0
TX0004083327,0
TX0004083333,0
TX0004083365,0
TX0004083372,0
TX0004083377,0
TX0004083392,0
TX0004083393,0
TX0004083397,0
TX0004083445,0
TX0004083447,0
TX0004083458,0
TX0004083481,0
TX0004083509,0
TX0004083555,0
TX0004083583,0
TX0004083593,0
TX0004083651,0
TX0004083662,0
TX0004083666,0
TX0004083718,0
TX0004083730,0
TX0004083742,0
TX0004083747,0
TX0004083769,0
TX0004083774,0
TX0004083776,0
TX0004083800,0
TX0004083804,0
TX0004083970,0
TX0004084028,0
TX0004084049,0
TX0004084065,0
TX0004084106,0
TX0004084135,0
TX0004084139,0
TX0004084149,0
TX0004084170,0
TX0004084176,0
TX0004084194,0
TX0004084216,0
TX0004084234,0
TX0004084253,0
TX0004084254,0
TX0004084260,0
TX0004084304,0
TX0004084324,0
TX0004084351,0
TX0004084352,0
TX0004084390,0
TX0004084421,0
TX0004084430,0
TX0004084473,0
TX0004084511,0
TX0004084525,0
TX0004084558,0
TX0004084604,0
TX0004084615,0
TX0004084629,0
TX0004084656,0
TX0004084674,0
TX0004084676,0
TX0004084681,0
TX0004084687,0
TX0004084688,0
TX0004084696,0
TX0004084714,0
TX0004084749,0
TX0004084851,0
TX0004084854,0
TX0004084887,0
TX0004084894,0
TX0004084905,0
TX0004084942,0
TX0004084955,0
TX0004084960,0
TX0004084961,0
TX0004084962,0
TX0004084969,0
TX0004084988,0
TX0004085033,0
TX0004085057,0
TX0004085076,0
TX0004085160,0
TX0004085162,0
TX0004085272,0
TX0004085317,0
TX0004085358,0
TX0004085366,0
TX0004085403,0
TX0004085471,0
TX0004085505,0
TX0004085519,0
TX0004085548,0
TX0004085568,0
TX0004085576,0
TX0004085590,0
TX0004085675,0
TX0004085787,0
TX0004085799,0
TX0004085821,0
TX0004085832,0
TX0004085887,0
TX0004085936,0
TX0004085974,0
TX0004085984,0
TX0004086019,0
TX0004086083,0
TX0004086099,0
TX0004086141,0
TX0004086147,0
TX0004086163,0
TX0004086181,0
TX0004086212,0
TX0004086253,0
TX0004086269,0
TX0004086304,0
TX0004086312,0
TX0004086403,0
TX0004086421,0
TX0004086474,0
TX0004086502,0
TX0004086506,0
TX0004086518,0
TX0004086603,0
TX0004086621,0
TX0004086632,0
TX0004086633,0
TX0004086644,0
TX0004086714,0
TX0004086761,0
TX0004086801,0
TX0004086810,0
TX0004086826,0
TX0004086830,0
TX0004086840,0
TX0004086862,0
TX0004086866,0
TX0004086871,0
TX0004086901,0
TX0004086922,0
TX0004086957,0
TX0004086991,0
TX0004087011,0
TX0004087039,0
TX0004087043,0
TX0004087067,0
TX0004087071,0
TX0004087118,0
TX0004087127,0
TX0004087145,0
TX0004087228,0
TX0004087237,0
TX0004087244,0
TX0004087248,0
TX0004087259,0
TX0004087263,0
TX0004087280,0
TX0004087294,0
TX0004087327,0
TX0004087336,0
TX0004087343,0
TX0004087395,0
TX0004087403,0
TX0004087453,0
TX0004087573,0
TX0004087588,0
TX0004087602,0
TX0004087669,0
TX0004087709,0
TX0004087754,0
TX0004087755,0
TX0004087764,0
TX0004087825,0
TX0004087864,0
TX0004087882,0
TX0004087970,0
TX0004088014,0
TX0004088028,0
TX0004088050,0
TX0004088099,0
TX0004088121,0
TX0004088131,0
TX0004088143,0
TX0004088167,0
TX0004088200,0
TX0004088201,0
TX0004088270,0
TX0004088299,0
TX0004088319,0
TX0004088458,0
TX0004088492,0
TX0004088495,0
TX0004088547,0
TX0004088560,0
TX0004088584,0
TX0004088598,0
TX0004088642,0
TX0004088657,0
TX0004088713,0
TX0004079003,0
TX0004079038,0
TX0004079081,0
TX0004079141,0
TX0004079175,0
TX0004079190,0
TX0004079243,0
TX0004079279,0
TX0004079301,0
TX0004079327,0
TX0004079328,0
TX0004079348,0
TX0004079396,0
TX0004079432,0
TX0004079446,0
TX0004079462,0
TX0004079495,0
TX0004079497,0
TX0004079501,0
TX0004079508,0
TX0004079533,0
TX0004079544,0
TX0004079552,0
TX0004079581,0
TX0004079591,0
TX0004079610,0
TX0004079616,0
TX0004079655,0
TX0004079656,0
TX0004079661,0
TX0004079663,0
TX0004079694,0
TX0004079698,0
TX0004079713,0
TX0004079727,0
TX0004079822,0
TX0004079823,0
TX0004079842,0
TX0004079884,0
TX0004079902,0
TX0004080002,0
TX0004080030,0
TX0004080053,0
TX0004080124,0
TX0004080140,0
TX0004080168,0
TX0004080211,0
TX0004080226,0
TX0004080258,0
TX0004080260,0
TX0004080318,0
TX0004080322,0
TX0004080345,0
TX0004080378,0
TX0004080416,0
TX0004080465,0
TX0004080469,0
TX0004080520,0
TX0004080524,0
TX0004080587,0
TX0004080588,0
TX0004080607,0
TX0004080618,0
TX0004080654,0
TX0004080672,0
TX0004080724,0
TX0004080732,0
TX0004080776,0
TX0004080791,0
TX0004080825,0
TX0004080830,0
TX0004080859,0
TX0004080938,0
TX0004080990,0
TX0004080994,0
TX0004081050,0
TX0004081105,0
TX0004081121,0
TX0004081146,0
TX0004081147,0
TX0004081152,0
TX0004081173,0
TX0004081280,0
TX0004081387,0
TX0004081392,0
TX0004081449,0
TX0004081478,0
TX0004081513,0
TX0004081526,0
TX0004081599,0
TX0004081608,0
TX0004081625,0
TX0004081627,0
TX0004081674,0
TX0004081731,0
TX0004081761,0
TX0004081801,0
TX0004081876,0
TX0004081890,0
TX0004081892,0
TX0004081927,0
TX0004081989,0
TX0004082008,0
TX0004082017,0
TX0004082037,0
TX0004082044,0
TX0004082057,0
TX0004082074,0
TX0004082088,0
TX0004082112,0
TX0004082197,0
TX0004082295,0
TX0004082347,0
TX0004082372,0
TX0004082377,0
TX0004082437,0
TX0004082494,0
TX0004082524,0
TX0004082529,0
TX0004082543,0
TX0004082582,0
TX0004082626,0
TX0004082660,0
TX0004082677,0
TX0004082688,0
TX0004082695,0
TX0004082696,0
TX0004082737,0
TX0004082759,0
TX0004082760,0
TX0004082764,0
TX0004082825,0
TX0004082844,0
TX0004082973,0
TX0004083018,0
TX0004083024,0
TX0004083025,0
TX0004083102,0
TX0004083139,0
TX0004083158,0
TX0004083218,0
TX0004083224,0
TX0004083308,0
TX0004083423,0
TX0004083478,0
TX0004083529,0
TX0004083563,0
TX0004083573,0
TX0004083585,0
TX0004083599,0
TX0004083652,0
TX0004083656,0
TX0004083695,0
TX0004083696,0
TX0004083717,0
TX0004083723,0
TX0004083801,1
TX0004083869,0
TX0004083911,0
TX0004083965,0
TX0004084011,0
TX0004084017,0
TX0004084086,0
TX0004084101,0
TX0004084107,0
TX0004084172,0
TX0004084193,0
TX0004084217,0
TX0004084305,0
TX0004084349,0
TX0004084372,0
TX0004084494,0
TX0004084497,0
TX0004084510,0
TX0004084512,0
TX0004084518,0
TX0004084522,0
TX0004084560,0
TX0004084621,0
TX0004084626,0
TX0004084719,0
TX0004084723,0
TX0004084756,0
TX0004084765,0
TX0004084803,0
TX0004084847,0
TX0004084855,0
TX0004084901,0
TX0004084951,0
TX0004085028,0
TX0004085031,0
TX0004085119,0
TX0004085186,0
TX0004085205,0
TX0004085230,0
TX0004085302,0
TX0004085326,0
TX0004085336,0
TX0004085350,0
TX0004085406,0
TX0004085409,0
TX0004085432,1
TX0004085496,0
TX0004085582,0
TX0004085669,0
TX0004085797,0
TX0004085816,0
TX0004085817,0
TX0004085841,0
TX0004085852,0
TX0004085912,0
TX0004085918,0
TX0004085948,0
TX0004085961,0
TX0004086003,0
TX0004086012,0
TX0004086078,0
TX0004086103,0
TX0004086106,0
TX0004086137,0
TX0004086219,0
TX0004086229,0
TX0004086247,0
TX0004086262,0
TX0004086268,0
TX0004086278,0
TX0004086280,0
TX0004086359,0
TX0004086382,0
TX0004086458,0
TX0004086473,0
TX0004086498,0
TX0004086531,0
TX0004086622,0
TX0004086665,0
TX0004086726,0
TX0004086734,0
TX0004086742,0
TX0004086775,0
TX0004086788,0
TX0004086798,0
TX0004086829,0
TX0004086876,0
TX0004086894,0
TX0004086907,0
TX0004086920,0
TX0004086936,0
TX0004086964,0
TX0004086996,0
TX0004087108,0
TX0004087111,0
TX0004087135,0
TX0004087165,0
TX0004087191,0
TX0004087230,0
TX0004087273,0
TX0004087293,0
TX0004087314,0
TX0004087321,0
TX0004087355,0
TX0004087434,0
TX0004087440,0
TX0004087475,0
TX0004087535,0
TX0004087548,0
TX0004087570,0
TX0004087571,0
TX0004087576,0
TX0004087604,0
TX0004087624,0
TX0004087625,0
TX0004087676,0
TX0004087706,0
TX0004087746,0
TX0004087759,0
TX0004087773,0
TX0004087776,0
TX0004087779,0
TX0004087811,0
TX0004087842,0
TX0004087853,0
TX0004087855,0
TX0004087865,0
TX0004087947,0
TX0004087954,0
TX0004087990,0
TX0004088018,0
TX0004088061,0
TX0004088093,0
TX0004088112,0
TX0004088123,0
TX0004088271,0
TX0004088280,0
TX0004088343,0
TX0004088391,0
TX0004088399,0
TX0004088400,0
TX0004088472,0
TX0004088476,0
TX0004088490,0
TX0004088564,0
TX0004088574,0
TX0004088611,0
TX0004088618,0
TX0004088682,0
TX0004088687,0
TX0004088689,0
TX0003332514,0
TX0003332515,1
TX0004079114,0
TX0004079118,0
TX0004079152,0
TX0004079153,0
TX0004079156,0
TX0004079222,0
TX0004079236,0
TX0004079245,0
TX0004079246,0
TX0004079254,0
TX0004079289,0
TX0004079303,0
TX0004079304,0
TX0004079318,0
TX0004079364,0
TX0004079378,0
TX0004079439,0
TX0004079517,0
TX0004079524,0
TX0004079536,0
TX0004079570,0
TX0004079571,0
TX0004079600,0
TX0004079622,0
TX0004079685,0
TX0004079702,0
TX0004079720,0
TX0004079722,0
TX0004079784,0
TX0004079792,0
TX0004079794,0
TX0004079909,0
TX0004079913,0
TX0004080006,0
TX0004080059,0
TX0004080078,0
TX0004080094,0
TX0004080112,0
TX0004080120,0
TX0004080167,0
TX0004080171,0
TX0004080182,0
TX0004080202,0
TX0004080210,0
TX0004080291,0
TX0004080344,0
TX0004080348,0
TX0004080359,0
TX0004080376,0
TX0004080410,0
TX0004080426,0
TX0004080434,0
TX0004080454,0
TX0004080493,0
TX0004080509,0
TX0004080511,0
TX0004080526,0
TX0004080533,0
TX0004080543,0
TX0004080562,0
TX0004080580,0
TX0004080589,0
TX0004080617,0
TX0004080623,0
TX0004080630,0
TX0004080646,0
TX0004080668,0
TX0004080669,0
TX0004080722,0
TX0004080744,0
TX0004080756,0
TX0004080757,0
TX0004080771,0
TX0004080847,0
TX0004080890,0
TX0004080926,0
TX0004080947,0
TX0004080992,0
TX0004081047,0
TX0004081065,0
TX0004081077,0
TX0004081111,0
TX0004081165,0
TX0004081226,0
TX0004081239,0
TX0004081241,0
TX0004081330,0
TX0004081379,0
TX0004081397,0
TX0004081434,0
TX0004081457,0
TX0004081534,0
TX0004081540,0
TX0004081551,0
TX0004081623,0
TX0004081648,0
TX0004081695,0
TX0004081740,0
TX0004081752,0
TX0004081770,0
TX0004081828,0
TX0004081861,0
TX0004081913,0
TX0004082081,0
TX0004082094,0
TX0004082243,0
TX0004082315,0
TX0004082349,0
TX0004082383,0
TX0004082401,0
TX0004082408,0
TX0004082461,0
TX0004082502,0
TX0004082546,0
TX0004082551,0
TX0004082635,0
TX0004082638,0
TX0004082707,0
TX0004082719,0
TX0004082728,0
TX0004082754,0
TX0004082793,0
TX0004082831,0
TX0004083047,0
TX0004083099,0
TX0004083100,0
TX0004083111,0
TX0004083144,0
TX0004083196,0
TX0004083245,0
TX0004083264,0
TX0004083285,0
TX0004083291,0
TX0004083303,0
TX0004083381,0
TX0004083412,0
TX0004083440,0
TX0004083485,0
TX0004083496,0
TX0004083657,0
TX0004083680,0
TX0004083713,0
TX0004083721,0
TX0004083738,0
TX0004083782,0
TX0004083799,0
TX0004083833,0
TX0004083859,0
TX0004083867,0
TX0004083919,0
TX0004083957,0
TX0004083988,0
TX0004083995,0
TX0004084006,0
TX0004084012,0
TX0004084041,0
TX0004084045,0
TX0004084077,0
TX0004084144,0
TX0004084243,0
TX0004084265,0
TX0004084330,0
TX0004084348,0
TX0004084429,0
TX0004084431,0
TX0004084433,0
TX0004084541,0
TX0004084546,0
TX0004084564,0
TX0004084566,0
TX0004084597,0
TX0004084598,0
TX0004084607,0
TX0004084660,0
TX0004084701,0
TX0004084706,0
TX0004084731,0
TX0004084752,0
TX0004084753,0
TX0004084755,0
TX0004084760,0
TX0004084763,0
TX0004084822,0
TX0004084860,0
TX0004084928,0
TX0004084991,0
TX0004085024,0
TX0004085041,0
TX0004085073,0
TX0004085164,0
TX0004085197,0
TX0004085250,0
TX0004085270,0
TX0004085283,0
TX0004085311,0
TX0004085384,0
TX0004085455,0
TX0004085581,0
TX0004085585,0
TX0004085612,0
TX0004085667,0
TX0004085749,0
TX0004085753,0
TX0004085761,0
TX0004085766,0
TX0004085781,0
TX0004085809,0
TX0004085869,0
TX0004085907,0
TX0004085916,0
TX0004085942,0
TX0004085991,0
TX0004086000,0
TX0004086027,0
TX0004086038,0
TX0004086053,0
TX0004086066,0
TX0004086144,0
TX0004086168,0
TX0004086169,0
TX0004086225,0
TX0004086240,0
TX0004086251,0
TX0004086325,0
TX0004086363,0
TX0004086415,0
TX0004086424,0
TX0004086457,0
TX0004086459,0
TX0004086561,0
TX0004086604,0
TX0004086626,0
TX0004086628,0
TX0004086652,0
TX0004086713,0
TX0004086716,0
TX0004086737,0
TX0004086749,0
TX0004086799,0
TX0004086818,0
TX0004086845,0
TX0004086970,0
TX0004086982,0
TX0004086985,0
TX0004087015,0
TX0004087042,0
TX0004087044,0
TX0004087063,0
TX0004087087,0
TX0004087153,0
TX0004087161,0
TX0004087195,0
TX0004087212,0
TX0004087222,0
TX0004087239,0
TX0004087256,0
TX0004087260,0
TX0004087272,0
TX0004087274,0
TX0004087303,0
TX0004087339,0
TX0004087340,0
TX0004087348,0
TX0004087362,0
TX0004087375,0
TX0004087382,0
TX0004087413,0
TX0004087425,0
TX0004087493,0
TX0004087495,0
TX0004087554,0
TX0004087637,0
TX0004087695,0
TX0004087705,0
TX0004087713,0
TX0004087717,0
TX0004087729,0
TX0004087770,0
TX0004087788,0
TX0004087789,0
TX0004087822,0
TX0004087836,0
TX0004087911,0
TX0004087917,0
TX0004087980,0
TX0004087998,0
TX0004088067,0
TX0004088092,0
TX0004088157,0
TX0004088199,0
TX0004088231,0
TX0004088233,0
TX0004088254,0
TX0004088256,0
TX0004088284,0
TX0004088294,0
TX0004088303,0
TX0004088305,0
TX0004088329,0
TX0004088379,0
TX0004088461,0
TX0004088524,0
TX0004088532,0
TX0004088579,0
TX0004088615,0
TX0004088641,0
TX0004088659,0
TX0004088678,0
TX0004088710,0
TX0004078982,0
TX0004078987,0
TX0004079005,0
TX0004079029,0
TX0004079078,0
TX0004079129,0
TX0004079179,0
TX0004079220,0
TX0004079267,0
TX0004079275,0
TX0004079281,0
TX0004079330,0
TX0004079333,0
TX0004079359,0
TX0004079368,0
TX0004079390,0
TX0004079404,0
TX0004079414,0
TX0004079421,0
TX0004079443,0
TX0004079456,0
TX0004079466,0
TX0004079473,0
TX0004079479,0
TX0004079498,0
TX0004079504,0
TX0004079542,0
TX0004079553,0
TX0004079594,0
TX0004079644,0
TX0004079706,0
TX0004079738,0
TX0004079791,0
TX0004079834,0
TX0004079856,0
TX0004079871,0
TX0004079968,0
TX0004080048,0
TX0004080049,0
TX0004080066,0
TX0004080084,0
TX0004080121,0
TX0004080170,0
TX0004080181,0
TX0004080266,0
TX0004080274,0
TX0004080346,0
TX0004080363,0
TX0004080548,0
TX0004080599,0
TX0004080708,0
TX0004080742,0
TX0004080785,0
TX0004080798,0
TX0004080965,0
TX0004081022,0
TX0004081024,0
TX0004081052,0
TX0004081056,0
TX0004081106,0
TX0004081139,0
TX0004081171,0
TX0004081200,0
TX0004081307,0
TX0004081391,0
TX0004081462,0
TX0004081497,0
TX0004081545,0
TX0004081563,0
TX0004081600,0
TX0004081654,0
TX0004081694,0
TX0004081780,0
TX0004081792,0
TX0004081837,0
TX0004081852,0
TX0004081872,0
TX0004081897,0
TX0004081912,0
TX0004081932,0
TX0004081941,0
TX0004081944,0
TX0004081960,0
TX0004081968,0
TX0004082096,0
TX0004082117,0
TX0004082135,0
TX0004082136,0
TX0004082143,0
TX0004082145,0
TX0004082200,0
TX0004082263,0
TX0004082291,0
TX0004082311,0
TX0004082380,0
TX0004082398,0
TX0004082416,0
TX0004082417,0
TX0004082418,0
TX0004082419,0
TX0004082492,0
TX0004082607,0
TX0004082628,0
TX0004082687,0
TX0004082777,0
TX0004082781,0
TX0004082801,0
TX0004082836,0
TX0004082850,0
TX0004082902,0
TX0004082975,0
TX0004083015,0
TX0004083041,0
TX0004083088,0
TX0004083138,0
TX0004083155,0
TX0004083168,0
TX0004083189,0
TX0004083192,0
TX0004083246,0
TX0004083256,0
TX0004083290,0
TX0004083322,0
TX0004083367,0
TX0004083398,0
TX0004083402,0
TX0004083436,0
TX0004083468,0
TX0004083576,0
TX0004083604,0
TX0004083629,0
TX0004083679,0
TX0004083704,0
TX0004083727,0
TX0004083751,0
TX0004083762,0
TX0004083763,0
TX0004083786,0
TX0004083887,0
TX0004083920,0
TX0004083925,0
TX0004083985,0
TX0004084020,0
TX0004084042,0
TX0004084061,0
TX0004084074,0
TX0004084098,0
TX0004084150,0
TX0004084174,0
TX0004084205,0
TX0004084211,0
TX0004084213,0
TX0004084221,0
TX0004084250,0
TX0004084262,0
TX0004084279,0
TX0004084334,0
TX0004084350,0
TX0004084355,0
TX0004084378,0
TX0004084385,1
TX0004084397,0
TX0004084410,0
TX0004084411,0
TX0004084427,0
TX0004084438,0
TX0004084445,0
TX0004084466,0
TX0004084474,0
TX0004084486,0
TX0004084515,0
TX0004084533,0
TX0004084582,0
TX0004084583,0
TX0004084627,0
TX0004084690,0
TX0004084699,0
TX0004084700,0
TX0004084711,0
TX0004084769,0
TX0004084781,0
TX0004084832,0
TX0004084835,0
TX0004084853,0
TX0004084879,0
TX0004084892,0
TX0004084946,0
TX0004084952,0
TX0004084966,0
TX0004084974,0
TX0004084983,0
TX0004085004,0
TX0004085009,0
TX0004085012,0
TX0004085030,0
TX0004085042,0
TX0004085054,0
TX0004085069,0
TX0004085091,0
TX0004085116,0
TX0004085139,0
TX0004085228,0
TX0004085308,0
TX0004085315,0
TX0004085353,0
TX0004085370,0
TX0004085415,0
TX0004085425,0
TX0004085426,0
TX0004085439,0
TX0004085472,0
TX0004085567,0
TX0004085583,0
TX0004085605,0
TX0004085677,0
TX0004085688,0
TX0004085704,0
TX0004085712,0
TX0004085752,0
TX0004085780,0
TX0004085802,0
TX0004085814,0
TX0004085815,0
TX0004085837,0
TX0004085853,0
TX0004085865,0
TX0004085870,0
TX0004085871,0
TX0004085901,0
TX0004085926,0
TX0004085980,0
TX0004085982,0
TX0004086037,0
TX0004086064,0
TX0004086101,0
TX0004086130,0
TX0004086151,0
TX0004086179,0
TX0004086187,0
TX0004086197,0
TX0004086271,0
TX0004086277,0
TX0004086344,0
TX0004086367,0
TX0004086408,0
TX0004086431,0
TX0004086465,0
TX0004086533,0
TX0004086537,0
TX0004086587,0
TX0004086606,0
TX0004086664,0
TX0004086669,0
TX0004086672,0
TX0004086773,0
TX0004086858,0
TX0004086910,0
TX0004086932,0
TX0004086934,0
TX0004086944,0
TX0004087014,0
TX0004087047,0
TX0004087056,0
TX0004087092,0
TX0004087104,0
TX0004087129,0
TX0004087176,0
TX0004087233,0
TX0004087246,0
TX0004087267,0
TX0004087295,0
TX0004087312,0
TX0004087325,0
TX0004087335,0
TX0004087358,0
TX0004087376,0
TX0004087384,0
TX0004087415,0
TX0004087463,0
TX0004087512,0
TX0004087544,0
TX0004087547,0
TX0004087550,0
TX0004087552,0
TX0004087562,0
TX0004087626,0
TX0004087665,0
TX0004087672,0
TX0004087684,0
TX0004087732,0
TX0004087813,0
TX0004087953,0
TX0004088044,0
TX0004088103,0
TX0004088142,0
TX0004088153,0
TX0004088154,0
TX0004088186,0
TX0004088187,0
TX0004088202,0
TX0004088265,0
TX0004088268,0
TX0004088308,0
TX0004088322,0
TX0004088344,0
TX0004088360,0
TX0004088390,0
TX0004088446,0
TX0004088465,0
TX0004088483,0
TX0004088497,0
TX0004088498,0
TX0004088520,0
TX0004088525,0
TX0004088531,0
TX0004088561,0
TX0004088577,0
TX0004088583,0
TX0004088629,0
TX0004088630,0
TX0004088635,0
TX0004088643,0
TX0004088695,0
TX0004078971,0
TX0004078977,0
TX0004078995,0
TX0004079008,0
TX0004079042,0
TX0004079048,0
TX0004079110,0
TX0004079124,0
TX0004079138,0
TX0004079142,0
TX0004079144,0
TX0004079172,0
TX0004079196,0
TX0004079229,0
TX0004079253,0
TX0004079297,0
TX0004079326,0
TX0004079372,0
TX0004079425,0
TX0004079430,0
TX0004079460,0
TX0004079470,0
TX0004079509,0
TX0004079554,0
TX0004079565,0
TX0004079664,0
TX0004079716,0
TX0004079760,0
TX0004079780,0
TX0004079788,0
TX0004079817,0
TX0004079826,0
TX0004079866,0
TX0004079941,0
TX0004079950,0
TX0004079967,0
TX0004079990,0
TX0004079992,0
TX0004080014,0
TX0004080031,0
TX0004080051,0
TX0004080077,0
TX0004080184,0
TX0004080239,0
TX0004080240,0
TX0004080254,0
TX0004080279,0
TX0004080283,0
TX0004080323,0
TX0004080375,0
TX0004080396,0
TX0004080402,0
TX0004080430,0
TX0004080464,0
TX0004080475,0
TX0004080486,0
TX0004080492,0
TX0004080497,0
TX0004080565,0
TX0004080601,0
TX0004080624,0
TX0004080631,0
TX0004080647,0
TX0004080704,0
TX0004080725,0
TX0004080752,0
TX0004080760,0
TX0004080769,0
TX0004080783,0
TX0004080894,0
TX0004080896,0
TX0004080966,0
TX0004081017,0
TX0004081026,0
TX0004081039,0
TX0004081130,0
TX0004081150,0
TX0004081186,0
TX0004081193,0
TX0004081194,0
TX0004081197,0
TX0004081218,0
TX0004081235,0
TX0004081246,0
TX0004081337,0
TX0004081362,0
TX0004081365,0
TX0004081382,0
TX0004081383,0
TX0004081396,0
TX0004081432,0
TX0004081465,0
TX0004081484,0
TX0004081485,0
TX0004081505,0
TX0004081584,0
TX0004081585,0
TX0004081672,0
TX0004081676,0
TX0004081682,0
TX0004081686,0
TX0004081764,0
TX0004081777,0
TX0004081813,0
TX0004081815,0
TX0004081848,0
TX0004081869,0
TX0004081911,0
TX0004081942,0
TX0004081974,0
TX0004081992,0
TX0004081997,0
TX0004082046,0
TX0004082055,0
TX0004082066,0
TX0004082067,0
TX0004082068,0
TX0004082099,0
TX0004082101,0
TX0004082131,0
TX0004082133,0
TX0004082172,0
TX0004082176,0
TX0004082208,0
TX0004082224,0
TX0004082229,0
TX0004082273,0
TX0004082279,0
TX0004082292,0
TX0004082348,0
TX0004082378,0
TX0004082404,0
TX0004082406,0
TX0004082420,0
TX0004082424,0
TX0004082425,0
TX0004082448,0
TX0004082476,0
TX0004082616,0
TX0004082639,0
TX0004082650,0
TX0004082691,0
TX0004082720,0
TX0004082776,0
TX0004082818,0
TX0004082834,0
TX0004082988,0
TX0004082993,0
TX0004083066,0
TX0004083068,0
TX0004083075,0
TX0004083084,0
TX0004083127,0
TX0004083178,0
TX0004083180,0
TX0004083217,0
TX0004083236,0
TX0004083252,0
TX0004083263,0
TX0004083270,0
TX0004083315,0
TX0004083325,0
TX0004083335,0
TX0004083343,0
TX0004083357,0
TX0004083394,0
TX0004083446,0
TX0004083464,0
TX0004083467,0
TX0004083545,0
TX0004083560,0
TX0004083561,0
TX0004083567,0
TX0004083584,0
TX0004083598,0
TX0004083780,0
TX0004083815,0
TX0004083866,0
TX0004083882,0
TX0004083888,0
TX0004083905,0
TX0004083947,0
TX0004084007,0
TX0004084110,0
TX0004084127,0
TX0004084145,0
TX0004084153,0
TX0004084218,0
TX0004084233,0
TX0004084238,0
TX0004084261,0
TX0004084268,0
TX0004084321,0
TX0004084370,0
TX0004084400,0
TX0004084463,0
TX0004084478,0
TX0004084491,0
TX0004084517,0
TX0004084559,0
TX0004084618,0
TX0004084654,0
TX0004084661,0
TX0004084722,0
TX0004084782,0
TX0004084794,0
TX0004084813,0
TX0004084819,0
TX0004084857,0
TX0004084883,0
TX0004084907,0
TX0004084941,0
TX0004084958,0
TX0004084972,0
TX0004084999,0
TX0004085019,0
TX0004085114,0
TX0004085171,0
TX0004085193,0
TX0004085256,0
TX0004085286,0
TX0004085342,0
TX0004085372,0
TX0004085392,0
TX0004085397,0
TX0004085433,0
TX0004085444,0
TX0004085482,0
TX0004085508,0
TX0004085552,0
TX0004085561,0
TX0004085619,0
TX0004085625,0
TX0004085628,0
TX0004085647,0
TX0004085650,0
TX0004085731,0
TX0004085794,0
TX0004085879,0
TX0004085881,0
TX0004085893,0
TX0004085900,0
TX0004085919,0
TX0004086077,0
TX0004086105,0
TX0004086131,0
TX0004086220,0
TX0004086226,0
TX0004086242,0
TX0004086256,0
TX0004086452,0
TX0004086534,0
TX0004086542,0
TX0004086567,0
TX0004086593,0
TX0004086598,0
TX0004086641,0
TX0004086704,0
TX0004086705,0
TX0004086722,0
TX0004086733,0
TX0004086802,0
TX0004086827,0
TX0004086851,0
TX0004086879,0
TX0004086902,0
TX0004087001,0
TX0004087004,0
TX0004087036,0
TX0004087048,0
TX0004087074,0
TX0004087115,0
TX0004087159,0
TX0004087163,0
TX0004087240,0
TX0004087285,0
TX0004087307,0
TX0004087315,0
TX0004087317,0
TX0004087328,0
TX0004087360,0
TX0004087378,0
TX0004087421,0
TX0004087445,0
TX0004087470,0
TX0004087476,0
TX0004087488,0
TX0004087491,0
TX0004087507,0
TX0004087509,0
TX0004087539,0
TX0004087542,0
TX0004087558,0
TX0004087574,0
TX0004087681,0
TX0004087731,0
TX0004087748,0
TX0004087753,0
TX0004087771,0
TX0004087787,0
TX0004087835,0
TX0004087843,0
TX0004087878,0
TX0004087927,0
TX0004087952,0
TX0004087981,0
TX0004087985,0
TX0004087991,0
TX0004088013,0
TX0004088094,0
TX0004088107,0
TX0004088124,0
TX0004088126,0
TX0004088166,0
TX0004088176,0
TX0004088211,0
TX0004088215,0
TX0004088216,0
TX0004088235,0
TX0004088253,0
TX0004088257,0
TX0004088278,0
TX0004088313,0
TX0004088325,0
TX0004088439,0
TX0004088568,0
TX0004088605,0
TX0004088614,0
TX0004088620,0
TX0004088631,0
TX0004088638,0
TX0004088640,0
TX0004088697,0
TX0004088714,0
TX0004078970,0
TX0004079007,0
TX0004079026,0
TX0004079102,0
TX0004079115,0
TX0004079140,0
TX0004079161,0
TX0004079173,0
TX0004079226,0
TX0004079238,0
TX0004079285,0
TX0004079311,0
TX0004079371,0
TX0004079382,0
TX0004079441,0
TX0004079469,0
TX0004079481,0
TX0004079500,0
TX0004079523,0
TX0004079606,0
TX0004079636,0
TX0004079637,0
TX0004079639,0
TX0004079650,0
TX0004079681,0
TX0004079697,0
TX0004079705,0
TX0004079743,0
TX0004079758,0
TX0004079787,0
TX0004079810,0
TX0004079815,0
TX0004079830,0
TX0004079847,0
TX0004079917,0
TX0004080034,0
TX0004080067,0
TX0004080071,0
TX0004080088,0
TX0004080093,0
TX0004080097,0
TX0004080125,0
TX0004080138,0
TX0004080157,0
TX0004080162,0
TX0004080193,0
TX0004080207,0
TX0004080212,0
TX0004080277,0
TX0004080312,0
TX0004080324,0
TX0004080328,0
TX0004080329,0
TX0004080335,0
TX0004080341,0
TX0004080347,0
TX0004080357,0
TX0004080528,0
TX0004080576,0
TX0004080596,0
TX0004080625,0
TX0004080640,0
TX0004080712,0
TX0004080731,0
TX0004080740,0
TX0004080816,0
TX0004080872,0
TX0004080893,0
TX0004080916,0
TX0004080930,0
TX0004080946,0
TX0004080949,0
TX0004080975,0
TX0004080988,0
TX0004080989,0
TX0004081014,0
TX0004081041,0
TX0004081043,0
TX0004081189,0
TX0004081210,0
TX0004081230,0
TX0004081231,0
TX0004081265,0
TX0004081292,0
TX0004081293,0
TX0004081311,0
TX0004081316,0
TX0004081329,0
TX0004081333,0
TX0004081350,0
TX0004081357,0
TX0004081436,0
TX0004081439,0
TX0004081440,0
TX0004081479,0
TX0004081494,0
TX0004081530,0
TX0004081561,0
TX0004081562,0
TX0004081578,0
TX0004081579,0
TX0004081631,0
TX0004081762,0
TX0004081766,0
TX0004081786,0
TX0004081790,0
TX0004081829,0
TX0004081841,0
TX0004081862,0
TX0004081898,0
TX0004081904,0
TX0004081977,0
TX0004082009,0
TX0004082015,0
TX0004082051,0
TX0004082114,0
TX0004082152,0
TX0004082153,0
TX0004082165,0
TX0004082193,0
TX0004082213,0
TX0004082217,0
TX0004082226,0
TX0004082234,0
TX0004082237,0
TX0004082244,0
TX0004082255,0
TX0004082256,0
TX0004082260,0
TX0004082281,0
TX0004082312,0
TX0004082329,0
TX0004082358,0
TX0004082396,0
TX0004082412,0
TX0004082473,0
TX0004082482,0
TX0004082499,0
TX0004082521,0
TX0004082552,0
TX0004082577,0
TX0004082595,0
TX0004082612,0
TX0004082636,0
TX0004082705,0
TX0004082709,0
TX0004082763,0
TX0004082782,0
TX0004082799,0
TX0004082889,0
TX0004082933,0
TX0004082939,0
TX0004082966,0
TX0004082974,0
TX0004083043,0
TX0004083059,0
TX0004083078,0
TX0004083176,0
TX0004083184,0
TX0004083202,0
TX0004083242,0
TX0004083292,0
TX0004083299,0
TX0004083361,0
TX0004083383,0
TX0004083437,0
TX0004083450,0
TX0004083514,0
TX0004083544,0
TX0004083546,0
TX0004083565,0
TX0004083642,0
TX0004083706,0
TX0004083778,0
TX0004083843,0
TX0004083883,0
TX0004084054,0
TX0004084059,0
TX0004084066,0
TX0004084075,0
TX0004084078,0
TX0004084083,0
TX0004084089,0
TX0004084108,0
TX0004084122,0
TX0004084126,0
TX0004084156,0
TX0004084204,0
TX0004084329,0
TX0004084336,0
TX0004084366,0
TX0004084367,0
TX0004084412,0
TX0004084413,0
TX0004084420,0
TX0004084503,0
TX0004084577,0
TX0004084580,0
TX0004084590,0
TX0004084608,0
TX0004084625,0
TX0004084657,0
TX0004084662,0
TX0004084663,0
TX0004084679,0
TX0004084732,0
TX0004084740,0
TX0004084797,0
TX0004084876,0
TX0004085011,0
TX0004085074,0
TX0004085113,0
TX0004085150,0
TX0004085156,0
TX0004085180,0
TX0004085200,0
TX0004085221,0
TX0004085247,0
TX0004085253,0
TX0004085276,0
TX0004085301,0
TX0004085303,0
TX0004085324,0
TX0004085348,0
TX0004085430,0
TX0004085446,0
TX0004085479,0
TX0004085481,0
TX0004085504,0
TX0004085510,0
TX0004085539,0
TX0004085573,0
TX0004085601,0
TX0004085604,0
TX0004085656,0
TX0004085696,0
TX0004085697,0
TX0004085707,0
TX0004085764,0
TX0004085775,0
TX0004085846,0
TX0004085910,0
TX0004085911,0
TX0004085968,0
TX0004085988,0
TX0004085992,0
TX0004086092,0
TX0004086113,0
TX0004086139,0
TX0004086142,0
TX0004086154,0
TX0004086157,0
TX0004086170,0
TX0004086180,0
TX0004086194,0
TX0004086211,0
TX0004086276,0
TX0004086281,0
TX0004086350,0
TX0004086355,0
TX0004086365,0
TX0004086366,0
TX0004086369,0
TX0004086447,0
TX0004086489,0
TX0004086510,0
TX0004086541,0
TX0004086545,0
TX0004086578,0
TX0004086680,0
TX0004086695,0
TX0004086757,0
TX0004086758,0
TX0004086805,0
TX0004086847,0
TX0004086892,0
TX0004086947,0
TX0004086949,0
TX0004086981,0
TX0004087008,0
TX0004087055,0
TX0004087099,0
TX0004087157,0
TX0004087164,0
TX0004087251,0
TX0004087255,0
TX0004087368,0
TX0004087377,0
TX0004087398,0
TX0004087405,0
TX0004087429,0
TX0004087481,0
TX0004087482,0
TX0004087492,0
TX0004087494,0
TX0004087526,0
TX0004087563,0
TX0004087586,0
TX0004087587,0
TX0004087592,0
TX0004087615,0
TX0004087664,0
TX0004087685,0
TX0004087690,0
TX0004087740,0
TX0004087809,0
TX0004087833,0
TX0004087863,0
TX0004087890,0
TX0004087967,0
TX0004087999,0
TX0004088017,0
TX0004088026,0
TX0004088041,0
TX0004088047,0
TX0004088049,0
TX0004088086,0
TX0004088104,0
TX0004088151,0
TX0004088152,0
TX0004088217,0
TX0004088218,0
TX0004088230,0
TX0004088262,0
TX0004088272,0
TX0004088295,0
TX0004088320,0
TX0004088426,0
TX0004088433,0
TX0004088435,0
TX0004088436,0
TX0004088445,0
TX0004088613,0
TX0004088633,0
TX0004088690,0
TX0004088771,0
TX0004088775,0
TX0004088836,0
TX0004088846,0
TX0004088893,0
TX0004088911,0
TX0004088979,0
TX0004089007,0
TX0004089083,0
TX0004089086,0
TX0004089114,0
TX0004089127,0
TX0004089170,0
TX0004089205,0
TX0004089249,0
TX0004089261,0
TX0004089270,0
TX0004089291,0
TX0004089311,0
TX0004089364,0
TX0004089400,0
TX0004089413,0
TX0004089429,0
TX0004089430,0
TX0004089438,0
TX0004089453,0
TX0004089506,0
TX0004089509,0
TX0004089622,0
TX0004089631,0
TX0004089731,0
TX0004089736,0
TX0004089754,0
TX0004089774,0
TX0004089786,0
TX0004089834,0
TX0004089835,0
TX0004089869,0
TX0004089877,0
TX0004089878,0
TX0004089896,0
TX0004089906,0
TX0004089915,0
TX0004089916,0
TX0004089920,0
TX0004089944,0
TX0004089972,0
TX0004089985,0
TX0004090091,0
TX0004090106,0
TX0004090140,0
TX0004090165,0
TX0004090174,0
TX0004090186,0
TX0004090233,0
TX0004090249,0
TX0004090263,0
TX0004090278,0
TX0004090316,0
TX0004090379,0
TX0004090380,0
TX0004090381,0
TX0004090416,0
TX0004090434,0
TX0004090509,0
TX0004090510,0
TX0004090512,0
TX0004090557,0
TX0004090594,0
TX0004090600,0
TX0004090605,0
TX0004090631,0
TX0004090648,0
TX0004090664,0
TX0004090673,0
TX0004090689,0
TX0004090694,0
TX0004090713,0
TX0004090856,0
TX0004090874,0
TX0004090879,0
TX0004090899,0
TX0004090931,0
TX0004090932,0
TX0004090944,0
TX0004091000,0
TX0004091011,0
TX0004091014,0
TX0004091055,0
TX0004091078,0
TX0004091112,0
TX0004091180,0
TX0004091211,0
TX0004091361,0
TX0004091407,0
TX0004091438,0
TX0004091441,0
TX0004091462,0
TX0004091509,0
TX0004091526,0
TX0004091543,0
TX0004091655,0
TX0004091680,0
TX0004091705,0
TX0004091774,0
TX0004091866,0
TX0004091867,0
TX0004091910,0
TX0004091931,0
TX0004091932,0
TX0004091945,0
TX0004091954,0
TX0004091965,0
TX0004091997,0
TX0004092004,0
TX0004092021,0
TX0004092072,0
TX0004092075,0
TX0004092095,0
TX0004092138,0
TX0004092145,0
TX0004092150,0
TX0004092170,0
TX0004092181,0
TX0004092210,0
TX0004092226,0
TX0004092234,0
TX0004092243,0
TX0004092297,0
TX0004092330,0
TX0004092332,0
TX0004092334,0
TX0004092381,0
TX0004092391,0
TX0004092492,0
TX0004092495,0
TX0004092534,0
TX0004092744,0
TX0004092758,0
TX0004092761,0
TX0004092801,0
TX0004092805,0
TX0004092821,0
TX0004092840,0
TX0004092858,0
TX0004092865,0
TX0004092874,0
TX0004092876,0
TX0004092883,0
TX0004092910,0
TX0004092940,0
TX0004093013,0
TX0004093034,0
TX0004093066,0
TX0004093070,0
TX0004093095,0
TX0004093097,0
TX0004093098,0
TX0004093121,0
TX0004093136,0
TX0004093152,0
TX0004093160,0
TX0004093237,0
TX0004093252,0
TX0004093302,0
TX0004093303,0
TX0004093343,0
TX0004093345,0
TX0004093364,0
TX0004093383,0
TX0004093414,0
TX0004093418,0
TX0004093534,0
TX0004093644,0
TX0004093744,0
TX0004093768,0
TX0004093791,0
TX0004093818,0
TX0004093837,0
TX0004093841,0
TX0004093879,0
TX0004093907,0
TX0004093954,0
TX0004093955,0
TX0004093969,0
TX0004094018,0
TX0004094084,0
TX0004094089,0
TX0004094104,0
TX0004094130,0
TX0004094216,0
TX0004094238,0
TX0004094253,0
TX0004094257,0
TX0004094269,0
TX0004094281,0
TX0004094296,0
TX0004094297,0
TX0004094409,0
TX0004094419,0
TX0004094437,0
TX0004094463,0
TX0004094476,0
TX0004094488,0
TX0004094536,0
TX0004094586,0
TX0004094618,0
TX0004094652,0
TX0004094684,0
TX0004094697,0
TX0004094709,0
TX0004094738,0
TX0004094742,0
TX0004094750,0
TX0004094768,0
TX0004094776,0
TX0004094796,0
TX0004094807,0
TX0004094829,0
TX0004094830,0
TX0004094875,0
TX0004094886,0
TX0004094931,0
TX0004094983,0
TX0004095012,0
TX0004095043,0
TX0004095055,0
TX0004095071,0
TX0004095105,0
TX0004095114,0
TX0004095266,0
TX0004095275,0
TX0004095282,0
TX0004095316,0
TX0004095325,0
TX0004095330,0
TX0004095353,0
TX0004095369,0
TX0004095377,0
TX0004095393,0
TX0004095475,0
TX0004095476,0
TX0004095483,0
TX0004095488,0
TX0004095524,0
TX0004095541,0
TX0004095567,0
TX0004095628,0
TX0004095651,0
TX0004095678,0
TX0004095689,0
TX0004095708,0
TX0004095736,0
TX0004095752,0
TX0004095773,0
TX0004095780,0
TX0004095803,0
TX0004095833,0
TX0004095857,0
TX0004095898,0
TX0004095902,0
TX0004095909,0
TX0004095963,0
TX0004096013,0
TX0004096023,0
TX0004096030,0
TX0004096033,0
TX0004096056,0
TX0004096088,0
TX0004096135,0
TX0004096136,0
TX0004096165,0
TX0004096313,0
TX0004096357,0
TX0004096365,0
TX0004096411,0
TX0004096416,0
TX0004096430,0
TX0004096441,0
TX0004096442,0
TX0004096452,0
TX0004096502,0
TX0004096546,0
TX0004096589,0
TX0004096605,0
TX0004096616,0
TX0004096652,0
TX0004096668,0
TX0004096711,0
TX0004096740,0
TX0004096741,0
TX0004096794,0
TX0004096816,0
TX0004096830,0
TX0004096842,0
TX0004096855,0
TX0004096869,0
TX0004096901,0
TX0004096915,0
TX0004096941,0
TX0004096956,0
TX0004096963,0
TX0004096970,0
TX0004096992,0
TX0004096998,0
TX0004097042,0
TX0004097074,0
TX0004097132,0
TX0004097137,0
TX0004097155,0
TX0004097186,0
TX0004097200,0
TX0004097206,0
TX0004097210,0
TX0004097212,0
TX0004097237,0
TX0004097253,0
TX0004097257,0
TX0004097263,0
TX0004097301,0
TX0004097346,0
TX0004097368,0
TX0004097378,0
TX0004097424,0
TX0004097440,0
TX0004097442,0
TX0004097459,0
TX0004097492,0
TX0004097532,0
TX0004097601,0
TX0004097643,0
TX0004097667,0
TX0004097699,0
TX0004097709,0
TX0004097711,0
TX0004097713,0
TX0004097726,0
TX0004097750,0
TX0004097782,0
TX0004097858,0
TX0004097868,0
TX0004097879,0
TX0004097944,0
TX0004098008,0
TX0004098017,0
TX0004098071,0
TX0004098093,0
TX0004098131,0
TX0004098247,0
TX0004098250,0
TX0004098286,0
TX0004098299,0
TX0004098312,0
TX0004098339,0
TX0004098348,0
TX0004098365,0
TX0004098392,0
TX0004098466,0
TX0004098467,0
TX0004098514,0
TX0004098547,0
TX0004098602,0
TX0004088744,0
TX0004088765,0
TX0004088794,0
TX0004088809,0
TX0004088871,0
TX0004088880,0
TX0004088888,0
TX0004088905,0
TX0004088921,0
TX0004088945,0
TX0004088956,0
TX0004089000,0
TX0004089029,0
TX0004089089,0
TX0004089094,0
TX0004089095,0
TX0004089113,0
TX0004089130,0
TX0004089151,0
TX0004089333,0
TX0004089348,0
TX0004089349,0
TX0004089359,0
TX0004089377,0
TX0004089387,0
TX0004089410,0
TX0004089450,0
TX0004089464,0
TX0004089564,0
TX0004089567,0
TX0004089572,0
TX0004089610,0
TX0004089614,0
TX0004089629,0
TX0004089633,0
TX0004089664,0
TX0004089675,0
TX0004089697,0
TX0004089703,0
TX0004089724,0
TX0004089729,0
TX0004089730,0
TX0004089766,0
TX0004089773,0
TX0004089788,0
TX0004089806,0
TX0004089810,0
TX0004089848,0
TX0004090031,0
TX0004090063,0
TX0004090065,0
TX0004090070,0
TX0004090076,0
TX0004090083,0
TX0004090086,0
TX0004090102,0
TX0004090154,0
TX0004090198,0
TX0004090202,0
TX0004090218,0
TX0004090275,0
TX0004090452,0
TX0004090454,0
TX0004090554,0
TX0004090643,0
TX0004090658,0
TX0004090669,0
TX0004090733,0
TX0004090782,0
TX0004090808,0
TX0004090810,0
TX0004090816,0
TX0004090819,0
TX0004090826,0
TX0004090842,0
TX0004090845,0
TX0004090848,0
TX0004090881,0
TX0004090929,0
TX0004090965,0
TX0004091042,0
TX0004091052,0
TX0004091098,0
TX0004091131,0
TX0004091140,0
TX0004091152,0
TX0004091154,0
TX0004091160,0
TX0004091166,0
TX0004091297,0
TX0004091364,0
TX0004091365,0
TX0004091369,0
TX0004091377,0
TX0004091428,0
TX0004091439,0
TX0004091449,0
TX0004091461,0
TX0004091524,0
TX0004091525,0
TX0004091544,0
TX0004091626,0
TX0004091681,0
TX0004091684,0
TX0004091699,0
TX0004091729,0
TX0004091737,0
TX0004091755,0
TX0004091758,0
TX0004091763,0
TX0004091787,0
TX0004091821,0
TX0004091822,0
TX0004091977,0
TX0004091985,0
TX0004092005,0
TX0004092009,0
TX0004092026,0
TX0004092087,0
TX0004092171,0
TX0004092199,0
TX0004092200,0
TX0004092275,0
TX0004092329,0
TX0004092397,0
TX0004092412,0
TX0004092471,0
TX0004092511,0
TX0004092519,0
TX0004092535,0
TX0004092611,0
TX0004092637,0
TX0004092682,0
TX0004092716,0
TX0004092767,0
TX0004092780,0
TX0004092784,0
TX0004092810,0
TX0004092833,0
TX0004092877,0
TX0004092903,0
TX0004093059,0
TX0004093060,0
TX0004093062,0
TX0004093078,0
TX0004093112,0
TX0004093142,0
TX0004093147,0
TX0004093161,0
TX0004093208,0
TX0004093233,0
TX0004093270,0
TX0004093323,0
TX0004093331,0
TX0004093350,0
TX0004093405,0
TX0004093406,0
TX0004093466,0
TX0004093540,0
TX0004093546,0
TX0004093608,0
TX0004093615,0
TX0004093617,0
TX0004093655,0
TX0004093687,0
TX0004093762,0
TX0004093777,0
TX0004093808,0
TX0004093938,0
TX0004093939,0
TX0004093960,0
TX0004094030,0
TX0004094040,0
TX0004094155,0
TX0004094207,0
TX0004094226,0
TX0004094234,0
TX0004094277,0
TX0004094285,0
TX0004094286,0
TX0004094338,0
TX0004094402,0
TX0004094417,0
TX0004094510,0
TX0004094522,0
TX0004094542,0
TX0004094552,0
TX0004094589,0
TX0004094654,0
TX0004094683,0
TX0004094701,0
TX0004094772,0
TX0004094799,0
TX0004094839,0
TX0004094852,0
TX0004094853,0
TX0004094877,0
TX0004094889,0
TX0004094898,0
TX0004094978,0
TX0004094985,0
TX0004095000,0
TX0004095001,0
TX0004095026,0
TX0004095042,0
TX0004095058,0
TX0004095065,0
TX0004095072,0
TX0004095099,0
TX0004095120,0
TX0004095137,0
TX0004095152,0
TX0004095190,0
TX0004095206,0
TX0004095214,0
TX0004095260,0
TX0004095269,0
TX0004095374,0
TX0004095404,0
TX0004095450,0
TX0004095455,0
TX0004095473,0
TX0004095479,0
TX0004095534,0
TX0004095592,0
TX0004095596,0
TX0004095642,0
TX0004095693,0
TX0004095717,0
TX0004095744,0
TX0004095799,0
TX0004095805,0
TX0004095839,0
TX0004095866,0
TX0004095903,0
TX0004095915,0
TX0004095953,0
TX0004096025,0
TX0004096028,0
TX0004096035,0
TX0004096063,0
TX0004096196,0
TX0004096207,0
TX0004096242,0
TX0004096245,0
TX0004096265,0
TX0004096280,0
TX0004096285,0
TX0004096286,0
TX0004096297,0
TX0004096304,0
TX0004096326,0
TX0004096338,0
TX0004096463,0
TX0004096476,0
TX0004096537,0
TX0004096541,0
TX0004096637,0
TX0004096683,0
TX0004096838,0
TX0004096879,0
TX0004096890,0
TX0004096914,0
TX0004097053,0
TX0004097056,0
TX0004097086,0
TX0004097092,0
TX0004097105,0
TX0004097128,0
TX0004097156,0
TX0004097168,0
TX0004097175,0
TX0004097203,0
TX0004097204,0
TX0004097271,0
TX0004097273,0
TX0004097349,0
TX0004097369,0
TX0004097427,0
TX0004097431,0
TX0004097483,0
TX0004097558,0
TX0004097561,0
TX0004097574,0
TX0004097657,0
TX0004097676,0
TX0004097696,0
TX0004097700,0
TX0004097714,0
TX0004097729,0
TX0004097790,0
TX0004097808,0
TX0004097828,0
TX0004097839,0
TX0004097926,0
TX0004097932,0
TX0004097936,0
TX0004097959,0
TX0004098012,0
TX0004098025,0
TX0004098030,0
TX0004098032,0
TX0004098063,0
TX0004098076,0
TX0004098085,0
TX0004098106,0
TX0004098108,0
TX0004098182,0
TX0004098189,0
TX0004098221,0
TX0004098362,0
TX0004098546,0
TX0004098568,0
TX0004098569,0
TX0004098628,0
TX0004098635,0
TX0004088723,0
TX0004088751,0
TX0004088763,0
TX0004088778,0
TX0004088826,0
TX0004088842,0
TX0004088857,0
TX0004088908,0
TX0004088961,0
TX0004089032,0
TX0004089035,0
TX0004089060,0
TX0004089074,0
TX0004089121,0
TX0004089141,0
TX0004089182,0
TX0004089202,0
TX0004089221,0
TX0004089241,0
TX0004089243,0
TX0004089282,0
TX0004089284,0
TX0004089301,0
TX0004089320,0
TX0004089325,0
TX0004089326,0
TX0004089352,0
TX0004089463,0
TX0004089467,0
TX0004089502,0
TX0004089527,0
TX0004089608,0
TX0004089626,0
TX0004089667,0
TX0004089695,0
TX0004089719,0
TX0004089763,0
TX0004089780,0
TX0004089971,0
TX0004090016,0
TX0004090110,0
TX0004090115,0
TX0004090215,0
TX0004090279,0
TX0004090306,0
TX0004090346,0
TX0004090369,0
TX0004090372,0
TX0004090460,0
TX0004090506,0
TX0004090511,0
TX0004090517,0
TX0004090608,0
TX0004090621,0
TX0004090635,0
TX0004090719,0
TX0004090749,0
TX0004090850,0
TX0004090876,0
TX0004090902,0
TX0004090947,0
TX0004090986,0
TX0004091054,0
TX0004091092,0
TX0004091093,0
TX0004091221,0
TX0004091275,0
TX0004091312,0
TX0004091348,0
TX0004091403,0
TX0004091426,0
TX0004091474,0
TX0004091521,0
TX0004091580,0
TX0004091596,0
TX0004091629,0
TX0004091674,0
TX0004091682,0
TX0004091706,0
TX0004091814,0
TX0004091876,0
TX0004091881,0
TX0004091952,0
TX0004091956,0
TX0004091971,0
TX0004092049,0
TX0004092061,0
TX0004092086,0
TX0004092172,0
TX0004092263,0
TX0004092337,0
TX0004092392,0
TX0004092458,0
TX0004092467,0
TX0004092477,0
TX0004092505,0
TX0004092548,0
TX0004092549,0
TX0004092576,0
TX0004092603,0
TX0004092675,0
TX0004092691,0
TX0004092722,0
TX0004092723,0
TX0004092727,0
TX0004092728,0
TX0004092779,0
TX0004092843,0
TX0004092855,0
TX0004092920,0
TX0004092928,0
TX0004092933,0
TX0004092938,0
TX0004092956,0
TX0004092975,0
TX0004092977,0
TX0004093000,0
TX0004093012,0
TX0004093069,0
TX0004093072,0
TX0004093074,0
TX0004093077,0
TX0004093100,0
TX0004093109,0
TX0004093141,0
TX0004093164,0
TX0004093200,0
TX0004093201,0
TX0004093205,0
TX0004093258,0
TX0004093264,0
TX0004093275,0
TX0004093276,0
TX0004093290,0
TX0004093322,0
TX0004093403,0
TX0004093410,0
TX0004093421,0
TX0004093472,0
TX0004093514,0
TX0004093536,0
TX0004093551,0
TX0004093572,0
TX0004093635,0
TX0004093669,0
TX0004093674,0
TX0004093681,0
TX0004093689,0
TX0004093700,0
TX0004093704,0
TX0004093747,0
TX0004093784,0
TX0004093797,0
TX0004093820,0
TX0004093829,0
TX0004093882,0
TX0004093884,0
TX0004093887,0
TX0004093915,0
TX0004093918,0
TX0004093920,0
TX0004094008,0
TX0004094017,0
TX0004094045,0
TX0004094092,0
TX0004094131,0
TX0004094151,0
TX0004094163,0
TX0004094184,0
TX0004094224,0
TX0004094266,0
TX0004094274,0
TX0004094358,0
TX0004094395,0
TX0004094406,0
TX0004094410,0
TX0004094431,0
TX0004094512,0
TX0004094560,0
TX0004094596,0
TX0004094662,0
TX0004094672,0
TX0004094673,0
TX0004094727,0
TX0004094816,0
TX0004094831,0
TX0004094832,0
TX0004094835,0
TX0004094854,0
TX0004094862,0
TX0004094930,0
TX0004094932,0
TX0004094977,0
TX0004094980,0
TX0004094984,0
TX0004095097,0
TX0004095115,0
TX0004095117,0
TX0004095119,0
TX0004095125,0
TX0004095150,0
TX0004095165,0
TX0004095262,0
TX0004095272,0
TX0004095389,0
TX0004095416,0
TX0004095421,0
TX0004095422,0
TX0004095423,0
TX0004095424,0
TX0004095427,0
TX0004095437,0
TX0004095441,0
TX0004095502,0
TX0004095509,0
TX0004095510,0
TX0004095517,0
TX0004095521,0
TX0004095550,0
TX0004095606,0
TX0004095647,0
TX0004095734,0
TX0004095737,0
TX0004095769,0
TX0004095807,0
TX0004095822,0
TX0004095840,0
TX0004095905,0
TX0004095962,0
TX0004095982,0
TX0004096001,0
TX0004096042,0
TX0004096070,0
TX0004096098,0
TX0004096111,0
TX0004096161,0
TX0004096176,0
TX0004096275,0
TX0004096296,0
TX0004096317,0
TX0004096328,0
TX0004096376,0
TX0004096384,0
TX0004096385,0
TX0004096406,0
TX0004096414,0
TX0004096419,0
TX0004096447,0
TX0004096448,0
TX0004096529,0
TX0004096538,0
TX0004096549,0
TX0004096551,0
TX0004096563,0
TX0004096574,0
TX0004096628,0
TX0004096640,0
TX0004096702,0
TX0004096709,0
TX0004096719,0
TX0004096720,0
TX0004096734,0
TX0004096783,0
TX0004096784,0
TX0004096793,0
TX0004096808,0
TX0004096824,0
TX0004096825,0
TX0004096848,0
TX0004096882,0
TX0004096988,0
TX0004097071,0
TX0004097133,0
TX0004097145,0
TX0004097161,0
TX0004097194,0
TX0004097225,0
TX0004097262,0
TX0004097294,0
TX0004097341,0
TX0004097345,0
TX0004097354,0
TX0004097421,0
TX0004097436,0
TX0004097456,0
TX0004097465,0
TX0004097468,0
TX0004097479,0
TX0004097521,0
TX0004097553,0
TX0004097564,0
TX0004097674,0
TX0004097690,0
TX0004097697,0
TX0004097761,0
TX0004097876,0
TX0004097952,0
TX0004097970,0
TX0004097981,0
TX0004098001,0
TX0004098003,0
TX0004098064,0
TX0004098115,0
TX0004098180,0
TX0004098197,0
TX0004098232,0
TX0004098266,0
TX0004098288,0
TX0004098347,0
TX0004098385,0
TX0004098409,0
TX0004098420,0
TX0004098424,0
TX0004098426,0
TX0004098517,0
TX0004098570,0
TX0004098571,0
TX0004098575,0
TX0004098622,0
TX0004098633,0
TX0004088736,0
TX0004088757,0
TX0004088759,0
TX0004088814,0
TX0004088823,0
TX0004088837,0
TX0004088878,0
TX0004088951,0
TX0004088972,0
TX0004089065,0
TX0004089088,0
TX0004089096,0
TX0004089150,0
TX0004089153,0
TX0004089210,0
TX0004089232,0
TX0004089262,0
TX0004089279,0
TX0004089315,0
TX0004089358,1
TX0004089375,0
TX0004089402,0
TX0004089421,0
TX0004089423,0
TX0004089425,0
TX0004089443,0
TX0004089494,0
TX0004089587,0
TX0004089599,0
TX0004089698,0
TX0004089713,0
TX0004089749,0
TX0004089792,0
TX0004089814,0
TX0004089833,0
TX0004089976,0
TX0004089990,0
TX0004090006,0
TX0004090050,0
TX0004090051,0
TX0004090229,0
TX0004090276,0
TX0004090290,0
TX0004090321,0
TX0004090340,0
TX0004090344,0
TX0004090425,0
TX0004090437,0
TX0004090473,0
TX0004090489,0
TX0004090523,0
TX0004090531,0
TX0004090542,0
TX0004090582,0
TX0004090604,0
TX0004090633,0
TX0004090652,0
TX0004090655,0
TX0004090711,0
TX0004090752,0
TX0004090883,0
TX0004090888,0
TX0004090936,0
TX0004090984,0
TX0004090995,0
TX0004091003,0
TX0004091069,0
TX0004091102,0
TX0004091175,0
TX0004091202,0
TX0004091229,0
TX0004091274,0
TX0004091299,0
TX0004091322,0
TX0004091327,0
TX0004091352,0
TX0004091353,0
TX0004091358,0
TX0004091359,0
TX0004091384,0
TX0004091401,0
TX0004091440,0
TX0004091456,0
TX0004091523,0
TX0004091539,0
TX0004091541,0
TX0004091590,0
TX0004091723,0
TX0004091769,0
TX0004091771,0
TX0004091792,0
TX0004091818,0
TX0004091834,0
TX0004091837,0
TX0004091915,0
TX0004091921,0
TX0004091953,0
TX0004091983,0
TX0004092100,0
TX0004092105,0
TX0004092112,0
TX0004092187,0
TX0004092225,0
TX0004092246,0
TX0004092248,0
TX0004092304,0
TX0004092314,0
TX0004092318,0
TX0004092364,0
TX0004092394,0
TX0004092395,0
TX0004092425,0
TX0004092481,0
TX0004092540,0
TX0004092544,0
TX0004092583,0
TX0004092599,0
TX0004092620,0
TX0004092765,0
TX0004092800,0
TX0004092808,0
TX0004092814,0
TX0004092853,0
TX0004092884,0
TX0004092942,0
TX0004092983,0
TX0004093093,0
TX0004093103,0
TX0004093119,0
TX0004093132,0
TX0004093143,0
TX0004093158,0
TX0004093180,0
TX0004093197,0
TX0004093262,0
TX0004093319,0
TX0004093361,0
TX0004093362,0
TX0004093373,0
TX0004093413,0
TX0004093425,0
TX0004093476,0
TX0004093484,0
TX0004093528,0
TX0004093531,0
TX0004093604,0
TX0004093623,0
TX0004093662,0
TX0004093786,0
TX0004093846,0
TX0004093851,0
TX0004093854,0
TX0004093858,0
TX0004093897,0
TX0004093984,0
TX0004094010,0
TX0004094021,0
TX0004094022,0
TX0004094025,0
TX0004094087,0
TX0004094098,0
TX0004094159,0
TX0004094166,0
TX0004094169,0
TX0004094201,0
TX0004094220,0
TX0004094237,0
TX0004094272,0
TX0004094273,0
TX0004094288,0
TX0004094292,0
TX0004094295,0
TX0004094344,0
TX0004094348,0
TX0004094353,0
TX0004094367,0
TX0004094398,0
TX0004094444,0
TX0004094445,0
TX0004094457,0
TX0004094458,0
TX0004094523,0
TX0004094554,0
TX0004094556,0
TX0004094576,0
TX0004094601,0
TX0004094613,0
TX0004094682,0
TX0004094696,0
TX0004094704,0
TX0004094725,0
TX0004094846,0
TX0004094866,0
TX0004094915,0
TX0004094945,0
TX0004094991,0
TX0004095005,0
TX0004095010,0
TX0004095023,0
TX0004095028,0
TX0004095045,0
TX0004095064,0
TX0004095079,0
TX0004095086,0
TX0004095195,0
TX0004095208,0
TX0004095224,0
TX0004095265,0
TX0004095270,0
TX0004095271,0
TX0004095276,0
TX0004095296,0
TX0004095308,0
TX0004095400,0
TX0004095412,0
TX0004095413,0
TX0004095499,0
TX0004095546,0
TX0004095560,0
TX0004095627,0
TX0004095629,0
TX0004095683,0
TX0004095716,0
TX0004095719,0
TX0004095733,0
TX0004095740,0
TX0004095764,0
TX0004095775,0
TX0004095801,0
TX0004095811,0
TX0004095826,0
TX0004095879,0
TX0004095947,0
TX0004096015,0
TX0004096036,0
TX0004096077,0
TX0004096089,0
TX0004096100,0
TX0004096109,0
TX0004096152,0
TX0004096178,0
TX0004096206,0
TX0004096262,0
TX0004096263,0
TX0004096266,0
TX0004096272,0
TX0004096288,0
TX0004096302,0
TX0004096308,0
TX0004096316,0
TX0004096350,0
TX0004096428,0
TX0004096465,0
TX0004096488,0
TX0004096494,0
TX0004096519,0
TX0004096624,0
TX0004096665,0
TX0004096694,0
TX0004096763,0
TX0004096781,0
TX0004096790,0
TX0004096802,0
TX0004096845,0
TX0004096878,0
TX0004096888,0
TX0004096896,0
TX0004096900,0
TX0004096939,0
TX0004096996,0
TX0004096999,0
TX0004097016,0
TX0004097032,0
TX0004097040,0
TX0004097078,0
TX0004097082,0
TX0004097118,0
TX0004097124,0
TX0004097178,0
TX0004097198,0
TX0004097303,0
TX0004097311,0
TX0004097324,0
TX0004097329,0
TX0004097357,0
TX0004097364,0
TX0004097383,0
TX0004097386,0
TX0004097399,0
TX0004097413,0
TX0004097428,0
TX0004097435,0
TX0004097458,0
TX0004097470,0
TX0004097480,0
TX0004097498,0
TX0004097531,0
TX0004097588,0
TX0004097633,0
TX0004097719,0
TX0004097722,0
TX0004097744,0
TX0004097844,0
TX0004097860,0
TX0004097877,0
TX0004097943,0
TX0004098077,0
TX0004098170,0
TX0004098192,0
TX0004098205,0
TX0004098272,0
TX0004098304,0
TX0004098417,0
TX0004098423,0
TX0004098435,0
TX0004098445,0
TX0004098457,0
TX0004098460,0
TX0004098486,0
TX0004098498,0
TX0004098513,0
TX0004098525,0
TX0004098528,0
TX0004098537,0
TX0004098597,0
TX0004098620,0
TX0004088720,0
TX0004088742,0
TX0004088770,0
TX0004088798,0
TX0004088803,0
TX0004088810,0
TX0004088825,0
TX0004088839,0
TX0004088854,0
TX0004088913,0
TX0004088919,0
TX0004088974,0
TX0004088990,0
TX0004089059,0
TX0004089101,0
TX0004089137,0
TX0004089144,0
TX0004089156,0
TX0004089192,0
TX0004089224,0
TX0004089256,0
TX0004089267,0
TX0004089322,0
TX0004089330,0
TX0004089334,0
TX0004089382,0
TX0004089390,0
TX0004089396,0
TX0004089401,0
TX0004089407,0
TX0004089411,0
TX0004089426,0
TX0004089451,0
TX0004089470,0
TX0004089476,0
TX0004089498,0
TX0004089507,0
TX0004089534,0
TX0004089542,0
TX0004089548,0
TX0004089560,0
TX0004089568,0
TX0004089604,0
TX0004089634,0
TX0004089643,0
TX0004089674,0
TX0004089680,0
TX0004089752,0
TX0004089767,0
TX0004089794,0
TX0004089805,0
TX0004089831,0
TX0004089840,0
TX0004089841,0
TX0004089859,0
TX0004089871,0
TX0004089887,0
TX0004089962,0
TX0004089981,0
TX0004089994,0
TX0004090001,0
TX0004090069,0
TX0004090131,0
TX0004090155,0
TX0004090207,0
TX0004090219,0
TX0004090235,0
TX0004090254,0
TX0004090271,0
TX0004090335,0
TX0004090360,0
TX0004090386,0
TX0004090446,0
TX0004090539,0
TX0004090570,0
TX0004090630,0
TX0004090653,0
TX0004090666,0
TX0004090681,0
TX0004090727,0
TX0004090730,0
TX0004090732,0
TX0004090774,0
TX0004090777,0
TX0004090865,0
TX0004090870,0
TX0004090901,0
TX0004090915,0
TX0004090925,0
TX0004090946,0
TX0004090973,0
TX0004090998,0
TX0004091021,0
TX0004091031,0
TX0004091051,0
TX0004091056,0
TX0004091060,0
TX0004091089,0
TX0004091101,0
TX0004091104,0
TX0004091161,0
TX0004091184,0
TX0004091188,0
TX0004091269,0
TX0004091330,0
TX0004091340,0
TX0004091422,0
TX0004091472,0
TX0004091499,0
TX0004091504,0
TX0004091505,0
TX0004091512,0
TX0004091608,0
TX0004091622,0
TX0004091628,0
TX0004091630,0
TX0004091712,0
TX0004091731,0
TX0004091760,0
TX0004091780,0
TX0004091781,0
TX0004091800,0
TX0004091875,0
TX0004091889,0
TX0004091909,0
TX0004091920,0
TX0004091928,0
TX0004091973,0
TX0004091979,0
TX0004091990,0
TX0004092045,0
TX0004092065,0
TX0004092077,0
TX0004092098,0
TX0004092209,0
TX0004092300,0
TX0004092328,0
TX0004092365,0
TX0004092398,0
TX0004092426,0
TX0004092435,0
TX0004092438,0
TX0004092452,0
TX0004092462,0
TX0004092537,0
TX0004092564,0
TX0004092632,0
TX0004092653,0
TX0004092712,0
TX0004092752,0
TX0004092770,0
TX0004092772,0
TX0004092817,0
TX0004092872,0
TX0004092879,0
TX0004092958,0
TX0004092962,0
TX0004092992,0
TX0004093022,0
TX0004093031,0
TX0004093091,0
TX0004093110,0
TX0004093144,0
TX0004093169,0
TX0004093186,0
TX0004093192,0
TX0004093245,0
TX0004093271,0
TX0004093272,0
TX0004093285,0
TX0004093288,0
TX0004093355,0
TX0004093356,0
TX0004093370,0
TX0004093404,0
TX0004093408,0
TX0004093429,0
TX0004093473,0
TX0004093485,0
TX0004093494,0
TX0004093496,0
TX0004093522,0
TX0004093535,0
TX0004093539,0
TX0004093567,0
TX0004093693,0
TX0004093713,0
TX0004093770,0
TX0004093803,0
TX0004093868,0
TX0004093886,0
TX0004093931,0
TX0004093957,0
TX0004093974,0
TX0004093988,0
TX0004093999,0
TX0004094006,0
TX0004094023,0
TX0004094059,0
TX0004094079,0
TX0004094116,0
TX0004094172,0
TX0004094182,0
TX0004094245,0
TX0004094252,0
TX0004094255,0
TX0004094293,0
TX0004094380,0
TX0004094448,0
TX0004094529,0
TX0004094592,0
TX0004094648,0
TX0004094664,0
TX0004094703,0
TX0004094715,0
TX0004094762,0
TX0004094777,0
TX0004094779,0
TX0004094797,0
TX0004094802,0
TX0004094810,0
TX0004094827,0
TX0004094849,0
TX0004094879,0
TX0004094949,0
TX0004094959,0
TX0004094994,0
TX0004094999,0
TX0004095017,0
TX0004095027,0
TX0004095030,0
TX0004095056,0
TX0004095062,0
TX0004095085,0
TX0004095087,0
TX0004095140,0
TX0004095171,0
TX0004095173,0
TX0004095183,0
TX0004095255,0
TX0004095350,0
TX0004095372,0
TX0004095406,0
TX0004095432,0
TX0004095444,0
TX0004095487,0
TX0004095566,0
TX0004095639,0
TX0004095665,0
TX0004095730,0
TX0004095788,0
TX0004095827,0
TX0004095834,0
TX0004095890,0
TX0004095920,0
TX0004095969,0
TX0004095995,0
TX0004096039,0
TX0004096053,0
TX0004096083,0
TX0004096084,0
TX0004096153,0
TX0004096157,0
TX0004096158,0
TX0004096183,0
TX0004096194,0
TX0004096195,0
TX0004096213,0
TX0004096215,0
TX0004096258,0
TX0004096342,0
TX0004096343,0
TX0004096398,0
TX0004096417,0
TX0004096435,0
TX0004096446,0
TX0004096496,0
TX0004096559,0
TX0004096573,0
TX0004096576,0
TX0004096643,0
TX0004096670,0
TX0004096739,0
TX0004096787,0
TX0004096844,0
TX0004096862,0
TX0004096892,0
TX0004096918,0
TX0004096943,0
TX0004096957,0
TX0004097018,0
TX0004097035,0
TX0004097047,0
TX0004097069,0
TX0004097080,0
TX0004097093,0
TX0004097103,0
TX0004097131,0
TX0004097139,0
TX0004097144,0
TX0004097151,0
TX0004097182,0
TX0004097195,0
TX0004097221,0
TX0004097234,0
TX0004097296,0
TX0004097315,0
TX0004097317,0
TX0004097335,0
TX0004097355,0
TX0004097412,0
TX0004097443,0
TX0004097454,0
TX0004097455,0
TX0004097487,0
TX0004097570,0
TX0004097589,0
TX0004097591,0
TX0004097615,0
TX0004097628,0
TX0004097639,0
TX0004097647,0
TX0004097656,0
TX0004097680,0
TX0004097687,0
TX0004097691,0
TX0004097698,0
TX0004097724,0
TX0004097781,0
TX0004097783,0
TX0004097902,0
TX0004097904,0
TX0004097929,0
TX0004097954,0
TX0004097967,0
TX0004097985,0
TX0004098000,0
TX0004098052,0
TX0004098055,0
TX0004098087,0
TX0004098111,0
TX0004098128,0
TX0004098149,0
TX0004098201,0
TX0004098238,0
TX0004098259,0
TX0004098340,0
TX0004098386,0
TX0004098389,0
TX0004098401,0
TX0004098449,0
TX0004098450,0
TX0004098461,0
TX0004098481,0
TX0004098614,0
TX0004088727,0
TX0004088737,0
TX0004088795,0
TX0004088863,0
TX0004088864,0
TX0004088886,0
TX0004088898,0
TX0004088937,0
TX0004088955,0
TX0004088960,0
TX0004088996,0
TX0004089021,0
TX0004089022,0
TX0004089036,0
TX0004089055,0
TX0004089133,0
TX0004089145,0
TX0004089171,0
TX0004089178,0
TX0004089196,0
TX0004089201,0
TX0004089257,0
TX0004089292,0
TX0004089368,0
TX0004089427,0
TX0004089519,0
TX0004089580,0
TX0004089583,0
TX0004089584,0
TX0004089597,0
TX0004089639,0
TX0004089645,0
TX0004089665,0
TX0004089700,0
TX0004089702,0
TX0004089739,0
TX0004089748,0
TX0004089761,0
TX0004089778,0
TX0004089789,0
TX0004089811,0
TX0004089816,0
TX0004089909,0
TX0004089914,0
TX0004089919,0
TX0004089923,0
TX0004089927,0
TX0004089953,0
TX0004090060,0
TX0004090090,0
TX0004090095,0
TX0004090149,0
TX0004090203,0
TX0004090232,0
TX0004090322,0
TX0004090354,0
TX0004090375,0
TX0004090383,0
TX0004090392,0
TX0004090394,0
TX0004090422,0
TX0004090423,0
TX0004090439,0
TX0004090479,0
TX0004090503,0
TX0004090507,0
TX0004090532,0
TX0004090537,0
TX0004090649,0
TX0004090723,0
TX0004090729,0
TX0004090758,0
TX0004090762,0
TX0004090766,0
TX0004090799,0
TX0004090867,0
TX0004090868,0
TX0004090906,0
TX0004091010,0
TX0004091034,0
TX0004091113,0
TX0004091150,0
TX0004091182,0
TX0004091207,0
TX0004091236,0
TX0004091257,0
TX0004091262,0
TX0004091266,0
TX0004091366,0
TX0004091467,0
TX0004091559,0
TX0004091578,0
TX0004091583,0
TX0004091584,0
TX0004091610,0
TX0004091619,0
TX0004091625,0
TX0004091652,0
TX0004091659,0
TX0004091675,0
TX0004091713,0
TX0004091734,0
TX0004091742,0
TX0004091794,0
TX0004091826,0
TX0004091832,0
TX0004091892,0
TX0004091975,0
TX0004092046,0
TX0004092085,0
TX0004092092,0
TX0004092136,0
TX0004092151,0
TX0004092162,0
TX0004092194,0
TX0004092221,0
TX0004092247,0
TX0004092251,0
TX0004092255,0
TX0004092272,0
TX0004092289,0
TX0004092301,0
TX0004092322,0
TX0004092331,0
TX0004092344,0
TX0004092360,0
TX0004092389,0
TX0004092502,0
TX0004092514,0
TX0004092567,0
TX0004092568,0
TX0004092573,0
TX0004092651,0
TX0004092669,0
TX0004092708,0
TX0004092831,0
TX0004092841,0
TX0004092863,0
TX0004092902,0
TX0004092918,0
TX0004092935,0
TX0004093004,0
TX0004093030,0
TX0004093047,0
TX0004093105,0
TX0004093149,0
TX0004093150,0
TX0004093155,0
TX0004093207,0
TX0004093214,0
TX0004093261,0
TX0004093313,0
TX0004093330,0
TX0004093387,0
TX0004093399,0
TX0004093431,0
TX0004093434,0
TX0004093439,0
TX0004093448,0
TX0004093481,0
TX0004093525,0
TX0004093553,0
TX0004093558,0
TX0004093562,0
TX0004093621,0
TX0004093729,0
TX0004093737,0
TX0004093745,0
TX0004093769,0
TX0004093804,0
TX0004093813,0
TX0004093855,0
TX0004093921,0
TX0004093947,0
TX0004093961,0
TX0004093963,0
TX0004093971,0
TX0004093996,0
TX0004094088,0
TX0004094165,0
TX0004094209,0
TX0004094225,0
TX0004094263,0
TX0004094265,0
TX0004094324,0
TX0004094331,0
TX0004094370,0
TX0004094379,0
TX0004094455,0
TX0004094501,0
TX0004094666,0
TX0004094686,0
TX0004094700,0
TX0004094702,0
TX0004094749,0
TX0004094811,0
TX0004094834,0
TX0004094858,0
TX0004094859,0
TX0004094941,0
TX0004094944,0
TX0004094952,0
TX0004094990,0
TX0004095022,0
TX0004095031,0
TX0004095069,0
TX0004095074,0
TX0004095102,0
TX0004095110,0
TX0004095126,0
TX0004095187,0
TX0004095221,0
TX0004095227,0
TX0004095242,0
TX0004095253,0
TX0004095259,0
TX0004095291,0
TX0004095299,0
TX0004095301,0
TX0004095307,0
TX0004095313,0
TX0004095326,0
TX0004095382,0
TX0004095430,0
TX0004095456,0
TX0004095526,0
TX0004095538,0
TX0004095558,0
TX0004095562,0
TX0004095593,0
TX0004095676,0
TX0004095731,0
TX0004095820,0
TX0004095854,0
TX0004095855,0
TX0004095871,0
TX0004095872,0
TX0004095882,0
TX0004095883,0
TX0004095913,0
TX0004096026,0
TX0004096045,0
TX0004096050,0
TX0004096096,0
TX0004096138,0
TX0004096140,0
TX0004096191,0
TX0004096223,0
TX0004096282,0
TX0004096299,0
TX0004096320,0
TX0004096371,0
TX0004096388,0
TX0004096438,0
TX0004096456,0
TX0004096501,0
TX0004096517,0
TX0004096603,0
TX0004096610,0
TX0004096613,0
TX0004096644,0
TX0004096713,0
TX0004096718,0
TX0004096733,0
TX0004096761,0
TX0004096796,0
TX0004096839,0
TX0004096853,0
TX0004096898,0
TX0004096923,0
TX0004096986,0
TX0004097062,0
TX0004097079,0
TX0004097084,0
TX0004097134,0
TX0004097141,0
TX0004097197,0
TX0004097205,0
TX0004097275,0
TX0004097279,0
TX0004097282,0
TX0004097307,0
TX0004097365,0
TX0004097372,0
TX0004097375,0
TX0004097392,0
TX0004097417,0
TX0004097438,0
TX0004097439,0
TX0004097445,0
TX0004097452,0
TX0004097489,0
TX0004097540,0
TX0004097598,0
TX0004097603,0
TX0004097617,0
TX0004097626,0
TX0004097636,0
TX0004097641,0
TX0004097673,0
TX0004097752,0
TX0004097799,0
TX0004097814,0
TX0004097815,0
TX0004097816,0
TX0004097822,0
TX0004097835,0
TX0004097838,0
TX0004097851,0
TX0004097859,0
TX0004097878,0
TX0004097888,0
TX0004097898,0
TX0004098023,0
TX0004098024,0
TX0004098029,0
TX0004098070,0
TX0004098133,0
TX0004098138,0
TX0004098211,0
TX0004098223,0
TX0004098237,0
TX0004098289,0
TX0004098291,0
TX0004098306,0
TX0004098314,0
TX0004098318,0
TX0004098337,0
TX0004098360,0
TX0004098402,0
TX0004098471,0
TX0004098491,0
TX0004098496,0
TX0004098527,0
TX0004098544,0
TX0004098631,0
TX0004098644,0
TX0004088758,0
TX0004088812,0
TX0004088844,0
TX0004088858,0
TX0004088890,0
TX0004088895,0
TX0004088896,0
TX0004088915,0
TX0004088916,0
TX0004088917,0
TX0004088948,0
TX0004088997,0
TX0004089011,0
TX0004089015,0
TX0004089067,0
TX0004089068,0
TX0004089108,0
TX0004089134,0
TX0004089140,0
TX0004089163,0
TX0004089199,0
TX0004089204,0
TX0004089220,0
TX0004089296,0
TX0004089313,0
TX0004089319,0
TX0004089341,0
TX0004089362,0
TX0004089399,0
TX0004089442,0
TX0004089472,0
TX0004089482,0
TX0004089496,0
TX0004089586,0
TX0004089619,0
TX0004089638,0
TX0004089662,0
TX0004089693,0
TX0004089738,0
TX0004089800,0
TX0004089812,0
TX0004089853,0
TX0004089867,0
TX0004089895,0
TX0004089899,0
TX0004089958,0
TX0004089959,0
TX0004089963,0
TX0004089966,0
TX0004089979,0
TX0004089984,0
TX0004089986,0
TX0004089997,0
TX0004090002,0
TX0004090013,0
TX0004090014,0
TX0004090107,0
TX0004090119,0
TX0004090141,0
TX0004090220,0
TX0004090305,0
TX0004090333,0
TX0004090384,0
TX0004090396,0
TX0004090472,0
TX0004090518,0
TX0004090551,0
TX0004090575,0
TX0004090620,0
TX0004090671,0
TX0004090693,0
TX0004090696,0
TX0004090714,0
TX0004090773,0
TX0004090783,0
TX0004090785,0
TX0004090835,0
TX0004090836,0
TX0004090858,0
TX0004090880,0
TX0004090981,0
TX0004090982,0
TX0004091004,0
TX0004091009,0
TX0004091043,0
TX0004091076,0
TX0004091084,0
TX0004091088,0
TX0004091121,0
TX0004091178,0
TX0004091203,0
TX0004091223,0
TX0004091242,0
TX0004091260,0
TX0004091329,0
TX0004091339,0
TX0004091375,0
TX0004091408,0
TX0004091418,0
TX0004091542,0
TX0004091546,0
TX0004091570,0
TX0004091611,0
TX0004091631,0
TX0004091634,0
TX0004091637,0
TX0004091638,0
TX0004091647,0
TX0004091673,0
TX0004091767,0
TX0004091785,0
TX0004091806,0
TX0004091809,0
TX0004091833,0
TX0004091861,0
TX0004091914,0
TX0004091930,0
TX0004091959,0
TX0004091962,0
TX0004092029,0
TX0004092074,0
TX0004092093,0
TX0004092130,0
TX0004092159,0
TX0004092179,0
TX0004092185,0
TX0004092189,0
TX0004092190,0
TX0004092202,0
TX0004092213,0
TX0004092237,0
TX0004092253,0
TX0004092302,0
TX0004092316,0
TX0004092324,0
TX0004092372,0
TX0004092383,0
TX0004092421,0
TX0004092429,0
TX0004092448,0
TX0004092498,0
TX0004092547,0
TX0004092571,0
TX0004092591,0
TX0004092593,0
TX0004092609,0
TX0004092635,0
TX0004092643,0
TX0004092700,0
TX0004092705,0
TX0004092741,0
TX0004092799,0
TX0004092822,0
TX0004092836,0
TX0004092837,0
TX0004092850,0
TX0004092854,0
TX0004092861,0
TX0004092867,0
TX0004092930,0
TX0004092947,0
TX0004092964,0
TX0004092971,0
TX0004092985,0
TX0004092986,0
TX0004092993,0
TX0004093032,0
TX0004093162,0
TX0004093167,0
TX0004093181,0
TX0004093226,0
TX0004093248,0
TX0004093259,0
TX0004093299,0
TX0004093325,0
TX0004093327,0
TX0004093363,0
TX0004093377,0
TX0004093395,0
TX0004093432,0
TX0004093436,0
TX0004093477,0
TX0004093482,0
TX0004093565,0
TX0004093574,0
TX0004093576,0
TX0004093594,0
TX0004093607,0
TX0004093610,0
TX0004093614,0
TX0004093651,0
TX0004093654,0
TX0004093661,0
TX0004093691,0
TX0004093696,0
TX0004093707,0
TX0004093766,0
TX0004093796,0
TX0004093848,0
TX0004093864,0
TX0004093906,0
TX0004093978,0
TX0004093987,0
TX0004093995,0
TX0004094042,0
TX0004094082,0
TX0004094146,0
TX0004094148,0
TX0004094190,0
TX0004094223,0
TX0004094320,0
TX0004094340,0
TX0004094346,0
TX0004094368,0
TX0004094411,0
TX0004094420,0
TX0004094439,0
TX0004094462,0
TX0004094486,0
TX0004094605,0
TX0004094624,0
TX0004094658,0
TX0004094665,0
TX0004094687,0
TX0004094689,0
TX0004094754,0
TX0004094769,0
TX0004094825,0
TX0004094826,0
TX0004094836,0
TX0004094845,0
TX0004094888,0
TX0004095002,0
TX0004095016,0
TX0004095046,0
TX0004095047,0
TX0004095090,0
TX0004095094,0
TX0004095123,0
TX0004095180,0
TX0004095182,0
TX0004095188,0
TX0004095199,0
TX0004095216,0
TX0004095230,0
TX0004095238,0
TX0004095288,0
TX0004095298,0
TX0004095358,0
TX0004095384,0
TX0004095411,0
TX0004095419,0
TX0004095420,0
TX0004095452,0
TX0004095462,0
TX0004095491,0
TX0004095554,0
TX0004095557,0
TX0004095576,0
TX0004095577,0
TX0004095589,0
TX0004095619,0
TX0004095677,0
TX0004095756,0
TX0004095778,0
TX0004095837,0
TX0004095884,0
TX0004095933,0
TX0004096009,0
TX0004096012,0
TX0004096057,0
TX0004096058,0
TX0004096061,0
TX0004096134,0
TX0004096154,0
TX0004096193,0
TX0004096197,0
TX0004096257,0
TX0004096264,0
TX0004096340,0
TX0004096341,0
TX0004096363,0
TX0004096386,0
TX0004096434,0
TX0004096478,0
TX0004096520,0
TX0004096542,0
TX0004096555,0
TX0004096581,0
TX0004096587,0
TX0004096592,0
TX0004096606,0
TX0004096625,0
TX0004096673,0
TX0004096674,0
TX0004096715,0
TX0004096724,0
TX0004096727,0
TX0004096737,0
TX0004096742,0
TX0004096749,0
TX0004096850,0
TX0004096863,0
TX0004096868,0
TX0004096932,0
TX0004096953,0
TX0004096967,0
TX0004096979,0
TX0004096980,0
TX0004096982,0
TX0004097009,0
TX0004097014,0
TX0004097019,0
TX0004097051,0
TX0004097054,0
TX0004097059,0
TX0004097162,0
TX0004097191,0
TX0004097222,0
TX0004097261,0
TX0004097292,0
TX0004097314,0
TX0004097322,0
TX0004097389,0
TX0004097418,0
TX0004097426,0
TX0004097471,0
TX0004097584,0
TX0004097668,0
TX0004097710,0
TX0004097748,0
TX0004097758,0
TX0004097764,0
TX0004097774,0
TX0004097787,0
TX0004097789,0
TX0004097806,0
TX0004097807,0
TX0004097812,0
TX0004097840,0
TX0004097891,0
TX0004097912,0
TX0004097946,0
TX0004097991,0
TX0004097998,0
TX0004098019,0
TX0004098034,0
TX0004098050,0
TX0004098056,0
TX0004098081,0
TX0004098091,0
TX0004098099,0
TX0004098119,0
TX0004098160,0
TX0004098162,0
TX0004098167,0
TX0004098218,0
TX0004098230,0
TX0004098263,0
TX0004098282,0
TX0004098297,0
TX0004098357,0
TX0004098480,0
TX0004098548,0
TX0004098555,0
TX0004098556,0
TX0004098576,0
TX0004098608,0
TX0004098615,0
TX0004088750,0
TX0004088819,0
TX0004088845,0
TX0004088875,0
TX0004088949,0
TX0004088953,0
TX0004089006,0
TX0004089091,0
TX0004089107,0
TX0004089128,0
TX0004089148,0
TX0004089185,0
TX0004089225,0
TX0004089236,0
TX0004089237,0
TX0004089245,0
TX0004089293,0
TX0004089294,0
TX0004089394,0
TX0004089395,0
TX0004089441,0
TX0004089497,0
TX0004089501,0
TX0004089515,0
TX0004089516,0
TX0004089592,0
TX0004089637,0
TX0004089646,0
TX0004089656,0
TX0004089683,0
TX0004089691,0
TX0004089716,0
TX0004089772,0
TX0004089775,0
TX0004089787,0
TX0004089864,0
TX0004089926,0
TX0004089951,0
TX0004090009,0
TX0004090019,0
TX0004090061,0
TX0004090077,0
TX0004090111,0
TX0004090117,0
TX0004090159,0
TX0004090160,0
TX0004090163,0
TX0004090210,0
TX0004090224,0
TX0004090225,0
TX0004090237,0
TX0004090250,0
TX0004090277,0
TX0004090313,0
TX0004090461,0
TX0004090481,0
TX0004090571,0
TX0004090590,0
TX0004090593,0
TX0004090617,0
TX0004090632,0
TX0004090661,0
TX0004090662,0
TX0004090759,0
TX0004090769,0
TX0004090790,0
TX0004090791,0
TX0004090795,0
TX0004090830,0
TX0004090878,0
TX0004090893,0
TX0004090904,0
TX0004090905,0
TX0004090926,0
TX0004090966,0
TX0004091040,0
TX0004091057,0
TX0004091119,0
TX0004091296,0
TX0004091367,0
TX0004091410,0
TX0004091442,0
TX0004091444,0
TX0004091482,0
TX0004091508,0
TX0004091510,0
TX0004091553,0
TX0004091663,0
TX0004091695,0
TX0004091733,0
TX0004091739,0
TX0004091740,0
TX0004091751,0
TX0004091823,0
TX0004091842,0
TX0004091847,0
TX0004091893,0
TX0004091899,0
TX0004091935,0
TX0004091974,0
TX0004091976,0
TX0004092055,0
TX0004092091,0
TX0004092114,0
TX0004092137,0
TX0004092149,0
TX0004092183,0
TX0004092211,0
TX0004092261,0
TX0004092293,0
TX0004092296,0
TX0004092353,0
TX0004092407,0
TX0004092415,0
TX0004092428,0
TX0004092442,0
TX0004092455,0
TX0004092465,0
TX0004092472,0
TX0004092513,0
TX0004092515,0
TX0004092520,0
TX0004092595,0
TX0004092597,0
TX0004092650,0
TX0004092655,0
TX0004092664,0
TX0004092701,0
TX0004092713,0
TX0004092798,0
TX0004092813,0
TX0004092839,0
TX0004092851,0
TX0004092901,0
TX0004092915,0
TX0004092929,0
TX0004092950,0
TX0004092965,0
TX0004093011,0
TX0004093096,0
TX0004093120,0
TX0004093173,0
TX0004093175,0
TX0004093185,0
TX0004093187,0
TX0004093213,0
TX0004093239,0
TX0004093278,0
TX0004093292,0
TX0004093295,0
TX0004093301,0
TX0004093310,0
TX0004093320,0
TX0004093326,0
TX0004093416,0
TX0004093443,0
TX0004093446,0
TX0004093453,0
TX0004093491,0
TX0004093499,0
TX0004093501,0
TX0004093519,0
TX0004093552,0
TX0004093566,0
TX0004093578,0
TX0004093620,0
TX0004093630,0
TX0004093634,0
TX0004093647,0
TX0004093718,0
TX0004093724,0
TX0004093725,0
TX0004093727,0
TX0004093755,0
TX0004093802,0
TX0004093836,0
TX0004093840,0
TX0004093860,0
TX0004093869,0
TX0004093912,0
TX0004093919,0
TX0004093928,0
TX0004093940,0
TX0004093941,0
TX0004093943,0
TX0004093975,0
TX0004093992,0
TX0004094075,0
TX0004094112,0
TX0004094117,0
TX0004094124,0
TX0004094181,0
TX0004094236,0
TX0004094259,0
TX0004094310,0
TX0004094321,0
TX0004094377,0
TX0004094414,0
TX0004094428,0
TX0004094482,0
TX0004094534,0
TX0004094547,0
TX0004094610,0
TX0004094621,0
TX0004094660,0
TX0004094729,0
TX0004094911,0
TX0004094922,0
TX0004094943,0
TX0004094957,0
TX0004094973,0
TX0004095015,0
TX0004095059,0
TX0004095070,0
TX0004095089,0
TX0004095170,0
TX0004095186,0
TX0004095193,0
TX0004095222,0
TX0004095247,0
TX0004095286,0
TX0004095322,0
TX0004095329,0
TX0004095408,0
TX0004095443,0
TX0004095504,0
TX0004095574,0
TX0004095575,0
TX0004095618,0
TX0004095624,0
TX0004095654,0
TX0004095682,0
TX0004095753,0
TX0004095758,0
TX0004095876,0
TX0004095935,0
TX0004095938,0
TX0004095996,0
TX0004096017,0
TX0004096020,0
TX0004096055,0
TX0004096087,0
TX0004096102,0
TX0004096104,0
TX0004096139,0
TX0004096174,0
TX0004096211,0
TX0004096270,0
TX0004096333,0
TX0004096401,0
TX0004096410,0
TX0004096483,0
TX0004096503,0
TX0004096598,0
TX0004096604,0
TX0004096684,0
TX0004096698,0
TX0004096804,0
TX0004096852,0
TX0004096927,0
TX0004096930,0
TX0004096933,0
TX0004096989,0
TX0004097028,0
TX0004097034,0
TX0004097043,0
TX0004097064,0
TX0004097076,0
TX0004097088,0
TX0004097089,0
TX0004097129,0
TX0004097147,0
TX0004097149,0
TX0004097193,0
TX0004097213,0
TX0004097241,0
TX0004097334,0
TX0004097347,0
TX0004097358,0
TX0004097422,0
TX0004097478,0
TX0004097482,0
TX0004097515,0
TX0004097516,0
TX0004097517,0
TX0004097534,0
TX0004097535,0
TX0004097541,0
TX0004097613,0
TX0004097632,0
TX0004097637,0
TX0004097692,0
TX0004097727,0
TX0004097766,0
TX0004097795,0
TX0004097834,0
TX0004097842,0
TX0004097867,0
TX0004097886,0
TX0004097910,0
TX0004097956,0
TX0004097975,0
TX0004098002,0
TX0004098075,0
TX0004098097,0
TX0004098124,0
TX0004098144,0
TX0004098151,0
TX0004098155,0
TX0004098179,0
TX0004098220,0
TX0004098352,0
TX0004098387,0
TX0004098415,0
TX0004098419,0
TX0004098447,0
TX0004098459,0
TX0004098507,0
TX0004098538,0
TX0004098593,0
TX0002313417,0
TX0002313418,1
TX0004088733,0
TX0004088745,0
TX0004088793,0
TX0004088818,0
TX0004088847,0
TX0004088957,0
TX0004088977,0
TX0004088978,0
TX0004088994,0
TX0004089028,0
TX0004089087,0
TX0004089093,0
TX0004089195,0
TX0004089215,0
TX0004089216,0
TX0004089217,0
TX0004089229,0
TX0004089233,0
TX0004089244,0
TX0004089255,0
TX0004089283,0
TX0004089328,0
TX0004089342,0
TX0004089369,0
TX0004089474,0
TX0004089483,0
TX0004089512,0
TX0004089543,0
TX0004089546,0
TX0004089613,0
TX0004089618,0
TX0004089623,0
TX0004089648,0
TX0004089678,0
TX0004089701,0
TX0004089709,0
TX0004089746,0
TX0004089768,0
TX0004089779,0
TX0004089802,0
TX0004089854,0
TX0004089894,0
TX0004089952,0
TX0004090021,0
TX0004090071,0
TX0004090087,0
TX0004090092,0
TX0004090108,0
TX0004090135,0
TX0004090144,0
TX0004090222,0
TX0004090260,0
TX0004090303,0
TX0004090324,0
TX0004090350,0
TX0004090351,0
TX0004090355,0
TX0004090371,0
TX0004090390,0
TX0004090428,0
TX0004090471,0
TX0004090486,0
TX0004090558,0
TX0004090585,0
TX0004090657,0
TX0004090741,0
TX0004090875,0
TX0004090897,0
TX0004090903,0
TX0004090913,0
TX0004090928,0
TX0004090963,0
TX0004090985,0
TX0004090996,0
TX0004091016,0
TX0004091099,0
TX0004091134,0
TX0004091157,0
TX0004091218,0
TX0004091227,0
TX0004091233,0
TX0004091237,0
TX0004091238,0
TX0004091251,0
TX0004091263,0
TX0004091331,0
TX0004091390,0
TX0004091431,0
TX0004091452,0
TX0004091575,0
TX0004091639,0
TX0004091640,0
TX0004091721,0
TX0004091732,0
TX0004091738,0
TX0004091859,0
TX0004091878,0
TX0004091916,0
TX0004091968,0
TX0004092001,0
TX0004092003,0
TX0004092033,0
TX0004092118,0
TX0004092125,0
TX0004092168,0
TX0004092176,0
TX0004092220,0
TX0004092326,0
TX0004092339,0
TX0004092363,0
TX0004092445,0
TX0004092508,0
TX0004092530,0
TX0004092541,0
TX0004092543,0
TX0004092580,0
TX0004092604,0
TX0004092606,0
TX0004092663,0
TX0004092678,0
TX0004092702,0
TX0004092759,0
TX0004092762,0
TX0004092785,0
TX0004092804,0
TX0004092829,0
TX0004092871,0
TX0004092893,0
TX0004092909,0
TX0004092954,0
TX0004093014,0
TX0004093044,0
TX0004093055,0
TX0004093061,0
TX0004093084,0
TX0004093104,0
TX0004093113,0
TX0004093114,0
TX0004093215,0
TX0004093219,0
TX0004093234,0
TX0004093352,0
TX0004093495,0
TX0004093500,0
TX0004093521,0
TX0004093545,0
TX0004093619,0
TX0004093649,0
TX0004093688,0
TX0004093764,0
TX0004093842,0
TX0004093853,0
TX0004093908,0
TX0004093926,0
TX0004093933,0
TX0004093945,0
TX0004093946,0
TX0004094026,0
TX0004094080,0
TX0004094081,0
TX0004094136,0
TX0004094161,0
TX0004094164,0
TX0004094196,0
TX0004094205,0
TX0004094302,0
TX0004094312,0
TX0004094360,0
TX0004094361,0
TX0004094366,0
TX0004094385,0
TX0004094636,0
TX0004094659,0
TX0004094714,0
TX0004094753,0
TX0004094782,0
TX0004094928,0
TX0004094942,0
TX0004094971,0
TX0004094993,0
TX0004094995,0
TX0004095131,0
TX0004095239,0
TX0004095249,0
TX0004095314,0
TX0004095371,0
TX0004095386,0
TX0004095397,0
TX0004095415,0
TX0004095440,0
TX0004095463,0
TX0004095492,0
TX0004095507,0
TX0004095523,0
TX0004095563,0
TX0004095643,0
TX0004095715,0
TX0004095745,0
TX0004095750,0
TX0004095754,0
TX0004095765,0
TX0004095796,0
TX0004095880,0
TX0004095885,0
TX0004095888,0
TX0004095892,0
TX0004095896,0
TX0004095974,0
TX0004095981,0
TX0004096000,0
TX0004096031,0
TX0004096066,0
TX0004096093,0
TX0004096118,0
TX0004096144,0
TX0004096147,0
TX0004096216,0
TX0004096290,0
TX0004096321,0
TX0004096349,0
TX0004096361,0
TX0004096390,0
TX0004096403,0
TX0004096436,0
TX0004096477,0
TX0004096484,0
TX0004096504,0
TX0004096524,0
TX0004096528,0
TX0004096532,0
TX0004096540,0
TX0004096552,0
TX0004096561,0
TX0004096572,0
TX0004096631,0
TX0004096632,0
TX0004096653,0
TX0004096732,0
TX0004096807,0
TX0004096817,0
TX0004096849,0
TX0004096851,0
TX0004096905,0
TX0004096935,0
TX0004096938,0
TX0004096954,0
TX0004096955,0
TX0004096997,0
TX0004097025,0
TX0004097033,0
TX0004097063,0
TX0004097112,0
TX0004097136,0
TX0004097140,0
TX0004097143,0
TX0004097249,0
TX0004097254,0
TX0004097267,0
TX0004097348,0
TX0004097363,0
TX0004097381,0
TX0004097409,0
TX0004097484,0
TX0004097486,0
TX0004097508,0
TX0004097571,0
TX0004097592,0
TX0004097621,0
TX0004097622,0
TX0004097770,0
TX0004097777,0
TX0004097778,0
TX0004097791,0
TX0004097819,0
TX0004097820,0
TX0004097845,0
TX0004097850,0
TX0004097861,0
TX0004097885,0
TX0004097894,0
TX0004097916,0
TX0004097976,0
TX0004097995,0
TX0004098007,0
TX0004098027,0
TX0004098046,0
TX0004098086,0
TX0004098127,0
TX0004098165,0
TX0004098171,0
TX0004098178,0
TX0004098185,0
TX0004098190,0
TX0004098227,0
TX0004098248,0
TX0004098256,0
TX0004098267,0
TX0004098271,0
TX0004098276,0
TX0004098437,0
TX0004098456,0
TX0004098463,0
TX0004098484,0
TX0004098522,0
TX0004098541,0
TX0004098610,0
TX0004098630,0
TX0004088722,0
TX0004088749,0
TX0004088776,0
TX0004088838,0
TX0004088849,0
TX0004088891,0
TX0004088920,0
TX0004088970,0
TX0004088983,0
TX0004089037,0
TX0004089066,0
TX0004089092,0
TX0004089122,0
TX0004089123,0
TX0004089212,0
TX0004089274,0
TX0004089281,0
TX0004089314,0
TX0004089335,0
TX0004089346,0
TX0004089347,0
TX0004089392,0
TX0004089422,0
TX0004089447,0
TX0004089471,0
TX0004089556,0
TX0004089570,0
TX0004089621,0
TX0004089723,0
TX0004089728,0
TX0004089734,0
TX0004089756,0
TX0004089826,0
TX0004089845,0
TX0004089849,0
TX0004089908,0
TX0004089945,0
TX0004089946,0
TX0004089957,0
TX0004090147,0
TX0004090150,0
TX0004090161,0
TX0004090298,0
TX0004090311,0
TX0004090374,0
TX0004090418,0
TX0004090445,0
TX0004090470,0
TX0004090490,0
TX0004090552,0
TX0004090561,0
TX0004090618,0
TX0004090676,0
TX0004090679,0
TX0004090691,0
TX0004090706,0
TX0004090765,0
TX0004090786,0
TX0004090792,0
TX0004090793,0
TX0004090803,0
TX0004090827,0
TX0004090945,0
TX0004090978,0
TX0004090991,0
TX0004091066,0
TX0004091103,0
TX0004091106,0
TX0004091111,0
TX0004091224,0
TX0004091246,0
TX0004091250,0
TX0004091254,0
TX0004091288,0
TX0004091351,0
TX0004091362,0
TX0004091373,0
TX0004091391,0
TX0004091394,0
TX0004091402,0
TX0004091406,0
TX0004091478,0
TX0004091483,0
TX0004091485,0
TX0004091561,0
TX0004091569,0
TX0004091579,0
TX0004091594,0
TX0004091597,0
TX0004091633,0
TX0004091683,0
TX0004091694,0
TX0004091759,0
TX0004091770,0
TX0004091805,0
TX0004091819,0
TX0004091820,0
TX0004091884,0
TX0004091886,0
TX0004091890,0
TX0004091895,0
TX0004091917,0
TX0004091936,0
TX0004091942,0
TX0004091944,0
TX0004091963,0
TX0004092028,0
TX0004092041,0
TX0004092166,0
TX0004092235,0
TX0004092309,0
TX0004092315,0
TX0004092366,0
TX0004092384,0
TX0004092451,0
TX0004092468,0
TX0004092475,0
TX0004092506,0
TX0004092510,0
TX0004092556,0
TX0004092588,0
TX0004092680,0
TX0004092681,0
TX0004092693,0
TX0004092732,0
TX0004092757,0
TX0004092809,0
TX0004092848,0
TX0004092896,0
TX0004092907,0
TX0004092917,0
TX0004092932,0
TX0004092967,0
TX0004092973,0
TX0004093024,0
TX0004093092,0
TX0004093125,0
TX0004093128,0
TX0004093145,0
TX0004093172,0
TX0004093188,0
TX0004093193,0
TX0004093202,0
TX0004093222,0
TX0004093257,0
TX0004093286,0
TX0004093309,0
TX0004093348,0
TX0004093372,0
TX0004093437,0
TX0004093524,0
TX0004093542,0
TX0004093559,0
TX0004093579,0
TX0004093581,0
TX0004093590,0
TX0004093591,0
TX0004093732,0
TX0004093733,0
TX0004093790,0
TX0004093874,0
TX0004093898,0
TX0004093910,0
TX0004093917,0
TX0004093970,0
TX0004093981,0
TX0004093982,0
TX0004094019,0
TX0004094103,0
TX0004094105,0
TX0004094119,0
TX0004094179,0
TX0004094210,0
TX0004094270,0
TX0004094289,0
TX0004094301,0
TX0004094309,0
TX0004094349,0
TX0004094352,0
TX0004094430,0
TX0004094443,0
TX0004094453,0
TX0004094489,0
TX0004094491,0
TX0004094498,0
TX0004094511,0
TX0004094526,0
TX0004094540,0
TX0004094548,0
TX0004094573,0
TX0004094588,0
TX0004094656,0
TX0004094699,0
TX0004094734,0
TX0004094751,0
TX0004094794,0
TX0004094817,0
TX0004094841,0
TX0004094874,0
TX0004094918,0
TX0004094967,0
TX0004095050,0
TX0004095093,0
TX0004095198,0
TX0004095226,0
TX0004095236,0
TX0004095241,0
TX0004095263,0
TX0004095297,0
TX0004095328,0
TX0004095346,0
TX0004095380,0
TX0004095445,0
TX0004095528,0
TX0004095603,0
TX0004095625,0
TX0004095674,0
TX0004095688,0
TX0004095843,0
TX0004095900,0
TX0004095918,0
TX0004095922,0
TX0004095930,0
TX0004095937,0
TX0004095954,0
TX0004095975,0
TX0004096155,0
TX0004096156,0
TX0004096190,0
TX0004096221,0
TX0004096312,0
TX0004096334,0
TX0004096397,0
TX0004096405,0
TX0004096424,0
TX0004096445,0
TX0004096512,0
TX0004096523,0
TX0004096539,0
TX0004096565,0
TX0004096657,0
TX0004096685,0
TX0004096688,0
TX0004096690,0
TX0004096736,0
TX0004096803,0
TX0004096815,0
TX0004096823,0
TX0004096833,0
TX0004096904,0
TX0004096906,0
TX0004096911,0
TX0004096978,0
TX0004097017,0
TX0004097044,0
TX0004097083,0
TX0004097085,0
TX0004097125,0
TX0004097188,0
TX0004097211,0
TX0004097220,0
TX0004097229,0
TX0004097289,0
TX0004097367,0
TX0004097373,0
TX0004097387,0
TX0004097485,0
TX0004097488,0
TX0004097495,0
TX0004097544,0
TX0004097549,0
TX0004097577,0
TX0004097644,0
TX0004097648,0
TX0004097649,0
TX0004097731,0
TX0004097738,0
TX0004097759,0
TX0004097800,0
TX0004097801,0
TX0004097805,0
TX0004097846,0
TX0004097908,0
TX0004097914,0
TX0004097947,0
TX0004098042,0
TX0004098153,0
TX0004098154,0
TX0004098226,0
TX0004098260,0
TX0004098275,0
TX0004098281,0
TX0004098283,0
TX0004098309,0
TX0004098330,0
TX0004098338,0
TX0004098349,0
TX0004098381,0
TX0004098411,0
TX0004098438,0
TX0004098464,0
TX0004098475,0
TX0004098532,0
TX0004098543,0
TX0003902221,0
TX0003902222,1
TX0004088739,0
TX0004088752,0
TX0004088772,0
TX0004088779,0
TX0004088807,0
TX0004088852,0
TX0004088877,0
TX0004088930,0
TX0004088975,0
TX0004089020,0
TX0004089048,0
TX0004089124,0
TX0004089276,0
TX0004089304,0
TX0004089309,0
TX0004089336,0
TX0004089343,0
TX0004089353,0
TX0004089370,0
TX0004089403,0
TX0004089466,0
TX0004089477,0
TX0004089492,0
TX0004089500,0
TX0004089522,0
TX0004089617,0
TX0004089660,0
TX0004089687,0
TX0004089696,0
TX0004089714,0
TX0004089751,0
TX0004089760,0
TX0004089798,0
TX0004089807,0
TX0004089832,0
TX0004089863,0
TX0004089880,0
TX0004089882,0
TX0004089888,0
TX0004089918,0
TX0004089933,0
TX0004089940,0
TX0004089943,0
TX0004089973,0
TX0004090046,0
TX0004090047,0
TX0004090137,0
TX0004090172,0
TX0004090242,0
TX0004090299,0
TX0004090315,0
TX0004090319,0
TX0004090336,0
TX0004090337,0
TX0004090349,0
TX0004090406,0
TX0004090431,0
TX0004090444,0
TX0004090463,0
TX0004090484,0
TX0004090499,0
TX0004090547,0
TX0004090548,0
TX0004090583,0
TX0004090586,0
TX0004090588,0
TX0004090591,0
TX0004090629,0
TX0004090636,0
TX0004090639,0
TX0004090647,0
TX0004090728,0
TX0004090746,0
TX0004090753,0
TX0004090779,0
TX0004090798,0
TX0004090811,0
TX0004090884,0
TX0004090890,0
TX0004090922,0
TX0004090938,0
TX0004090943,0
TX0004090960,0
TX0004090974,0
TX0004091027,0
TX0004091030,0
TX0004091047,0
TX0004091067,0
TX0004091117,0
TX0004091142,0
TX0004091148,0
TX0004091185,0
TX0004091215,0
TX0004091232,0
TX0004091252,0
TX0004091259,0
TX0004091268,0
TX0004091280,0
TX0004091292,0
TX0004091317,0
TX0004091335,0
TX0004091385,0
TX0004091465,0
TX0004091475,0
TX0004091522,0
TX0004091552,0
TX0004091555,0
TX0004091557,0
TX0004091558,0
TX0004091562,0
TX0004091605,0
TX0004091645,0
TX0004091745,0
TX0004091783,0
TX0004091807,0
TX0004091812,0
TX0004091894,0
TX0004091918,0
TX0004091926,0
TX0004091957,0
TX0004091995,0
TX0004092025,0
TX0004092128,0
TX0004092140,0
TX0004092143,0
TX0004092173,0
TX0004092274,0
TX0004092378,0
TX0004092422,0
TX0004092437,0
TX0004092441,0
TX0004092487,0
TX0004092501,0
TX0004092555,0
TX0004092566,0
TX0004092608,0
TX0004092613,0
TX0004092623,0
TX0004092626,0
TX0004092633,0
TX0004092634,0
TX0004092652,0
TX0004092674,0
TX0004092704,0
TX0004092717,0
TX0004092720,0
TX0004092773,0
TX0004092859,0
TX0004092895,0
TX0004092927,0
TX0004092934,0
TX0004092996,0
TX0004093046,0
TX0004093087,0
TX0004093088,0
TX0004093102,0
TX0004093131,0
TX0004093133,0
TX0004093170,0
TX0004093204,0
TX0004093210,0
TX0004093212,0
TX0004093232,0
TX0004093236,0
TX0004093294,0
TX0004093401,0
TX0004093457,0
TX0004093483,0
TX0004093526,0
TX0004093580,0
TX0004093588,0
TX0004093606,0
TX0004093613,0
TX0004093624,0
TX0004093684,0
TX0004093694,0
TX0004093714,0
TX0004093719,0
TX0004093787,0
TX0004093806,0
TX0004093922,0
TX0004093923,0
TX0004093925,0
TX0004093927,0
TX0004093964,0
TX0004093983,0
TX0004093997,0
TX0004094051,0
TX0004094185,0
TX0004094211,0
TX0004094213,0
TX0004094221,0
TX0004094244,0
TX0004094314,0
TX0004094351,0
TX0004094354,0
TX0004094412,0
TX0004094459,0
TX0004094497,0
TX0004094603,0
TX0004094649,0
TX0004094677,0
TX0004094690,0
TX0004094713,0
TX0004094721,0
TX0004094755,0
TX0004094787,0
TX0004094801,0
TX0004094857,0
TX0004094907,0
TX0004094940,0
TX0004094956,0
TX0004094979,0
TX0004094981,0
TX0004095078,0
TX0004095092,0
TX0004095111,0
TX0004095133,0
TX0004095141,0
TX0004095149,0
TX0004095163,0
TX0004095178,0
TX0004095217,0
TX0004095251,0
TX0004095287,0
TX0004095294,0
TX0004095323,0
TX0004095360,0
TX0004095405,0
TX0004095438,0
TX0004095466,0
TX0004095485,0
TX0004095536,0
TX0004095572,0
TX0004095573,0
TX0004095586,0
TX0004095587,0
TX0004095656,0
TX0004095661,0
TX0004095671,0
TX0004095706,0
TX0004095707,0
TX0004095767,0
TX0004095886,0
TX0004095986,0
TX0004096024,0
TX0004096060,0
TX0004096129,0
TX0004096160,0
TX0004096220,0
TX0004096230,0
TX0004096300,0
TX0004096309,0
TX0004096315,0
TX0004096347,0
TX0004096426,0
TX0004096500,0
TX0004096556,0
TX0004096580,0
TX0004096600,0
TX0004096602,0
TX0004096607,0
TX0004096611,0
TX0004096679,0
TX0004096692,0
TX0004096729,0
TX0004096759,0
TX0004096811,0
TX0004096818,0
TX0004096858,0
TX0004096859,0
TX0004096880,0
TX0004096903,0
TX0004096922,0
TX0004096924,0
TX0004096942,0
TX0004096948,0
TX0004097008,0
TX0004097015,0
TX0004097026,0
TX0004097055,0
TX0004097123,0
TX0004097126,0
TX0004097176,0
TX0004097218,0
TX0004097224,0
TX0004097298,0
TX0004097342,0
TX0004097419,0
TX0004097423,0
TX0004097469,0
TX0004097526,0
TX0004097542,0
TX0004097556,0
TX0004097567,0
TX0004097568,0
TX0004097572,0
TX0004097608,0
TX0004097654,0
TX0004097661,0
TX0004097677,0
TX0004097683,0
TX0004097688,0
TX0004097705,0
TX0004097735,0
TX0004097855,0
TX0004097863,0
TX0004097874,0
TX0004097875,0
TX0004097889,0
TX0004097901,0
TX0004097915,0
TX0004097924,0
TX0004097931,0
TX0004097958,0
TX0004097980,0
TX0004097987,0
TX0004098057,0
TX0004098092,0
TX0004098102,0
TX0004098110,0
TX0004098118,0
TX0004098204,0
TX0004098216,0
TX0004098217,0
TX0004098246,0
TX0004098261,0
TX0004098294,0
TX0004098317,0
TX0004098342,0
TX0004098343,0
TX0004098350,0
TX0004098359,0
TX0004098373,0
TX0004098393,0
TX0004098400,0
TX0004098455,0
TX0004098468,0
TX0004098478,0
TX0004098506,0
TX0004098524,0
TX0004098539,0
TX0004098574,0
TX0004098590,0
TX0004098603,0
TX0004098617,0
TX0003805120,1
TX0004088747,0
TX0004088797,0
TX0004088923,0
TX0004088964,0
TX0004089016,0
TX0004089038,0
TX0004089045,0
TX0004089049,0
TX0004089112,0
TX0004089126,0
TX0004089159,0
TX0004089198,0
TX0004089251,0
TX0004089269,0
TX0004089277,0
TX0004089340,0
TX0004089373,0
TX0004089404,0
TX0004089415,0
TX0004089431,0
TX0004089462,0
TX0004089510,0
TX0004089528,0
TX0004089552,0
TX0004089707,0
TX0004089715,0
TX0004089771,0
TX0004089785,0
TX0004089844,0
TX0004089850,0
TX0004089855,0
TX0004089886,0
TX0004089935,0
TX0004089955,0
TX0004090018,0
TX0004090022,0
TX0004090066,0
TX0004090152,0
TX0004090179,0
TX0004090189,0
TX0004090193,0
TX0004090216,0
TX0004090244,0
TX0004090280,0
TX0004090291,0
TX0004090317,0
TX0004090318,0
TX0004090325,0
TX0004090427,0
TX0004090530,0
TX0004090550,0
TX0004090565,0
TX0004090568,0
TX0004090656,0
TX0004090667,0
TX0004090680,0
TX0004090699,0
TX0004090751,0
TX0004090772,0
TX0004090831,0
TX0004090855,0
TX0004090885,0
TX0004090891,0
TX0004090914,0
TX0004090951,0
TX0004090955,0
TX0004091002,0
TX0004091013,0
TX0004091041,0
TX0004091046,0
TX0004091073,0
TX0004091074,0
TX0004091097,0
TX0004091114,0
TX0004091120,0
TX0004091201,0
TX0004091217,0
TX0004091225,0
TX0004091272,0
TX0004091345,0
TX0004091346,0
TX0004091349,0
TX0004091386,0
TX0004091388,0
TX0004091395,0
TX0004091455,0
TX0004091458,0
TX0004091497,0
TX0004091503,0
TX0004091572,0
TX0004091576,0
TX0004091587,0
TX0004091588,0
TX0004091592,0
TX0004091614,0
TX0004091636,0
TX0004091656,0
TX0004091784,0
TX0004091829,0
TX0004091835,0
TX0004091891,0
TX0004091901,0
TX0004091938,0
TX0004091986,0
TX0004092000,0
TX0004092023,0
TX0004092037,0
TX0004092043,0
TX0004092073,0
TX0004092106,0
TX0004092111,0
TX0004092139,0
TX0004092169,0
TX0004092307,0
TX0004092320,0
TX0004092338,0
TX0004092358,0
TX0004092371,0
TX0004092393,0
TX0004092401,0
TX0004092411,0
TX0004092470,0
TX0004092512,0
TX0004092518,0
TX0004092545,0
TX0004092577,0
TX0004092648,0
TX0004092662,0
TX0004092667,0
TX0004092694,0
TX0004092710,0
TX0004092730,0
TX0004092751,0
TX0004092756,0
TX0004092760,0
TX0004092825,0
TX0004092834,0
TX0004092835,0
TX0004092852,0
TX0004092892,0
TX0004092898,0
TX0004092908,0
TX0004092966,0
TX0004093048,0
TX0004093073,0
TX0004093157,0
TX0004093165,0
TX0004093203,0
TX0004093287,0
TX0004093318,0
TX0004093334,0
TX0004093346,0
TX0004093459,0
TX0004093506,0
TX0004093517,0
TX0004093538,0
TX0004093544,0
TX0004093563,0
TX0004093573,0
TX0004093605,0
TX0004093643,0
TX0004093722,0
TX0004093730,0
TX0004093731,0
TX0004093911,0
TX0004094001,0
TX0004094009,0
TX0004094041,0
TX0004094049,0
TX0004094061,0
TX0004094127,0
TX0004094145,0
TX0004094171,0
TX0004094200,0
TX0004094228,0
TX0004094233,0
TX0004094275,0
TX0004094300,0
TX0004094308,0
TX0004094316,0
TX0004094328,0
TX0004094345,0
TX0004094369,0
TX0004094390,0
TX0004094393,0
TX0004094401,0
TX0004094426,0
TX0004094475,0
TX0004094477,0
TX0004094478,0
TX0004094513,0
TX0004094516,0
TX0004094571,0
TX0004094572,0
TX0004094579,0
TX0004094587,0
TX0004094640,0
TX0004094661,0
TX0004094706,0
TX0004094783,0
TX0004094785,0
TX0004094792,0
TX0004094821,0
TX0004094822,0
TX0004094878,0
TX0004094887,0
TX0004094925,0
TX0004094950,0
TX0004094955,0
TX0004095083,0
TX0004095121,0
TX0004095160,0
TX0004095185,0
TX0004095258,0
TX0004095344,0
TX0004095394,0
TX0004095396,0
TX0004095401,0
TX0004095532,0
TX0004095556,0
TX0004095564,0
TX0004095570,0
TX0004095684,0
TX0004095685,0
TX0004095695,0
TX0004095700,0
TX0004095726,0
TX0004095774,0
TX0004095804,0
TX0004095835,0
TX0004095847,0
TX0004095889,0
TX0004095929,0
TX0004095991,0
TX0004095993,0
TX0004096005,0
TX0004096054,0
TX0004096075,0
TX0004096106,0
TX0004096212,0
TX0004096214,0
TX0004096294,0
TX0004096323,0
TX0004096345,0
TX0004096374,0
TX0004096387,0
TX0004096413,0
TX0004096439,0
TX0004096459,0
TX0004096461,0
TX0004096475,0
TX0004096509,0
TX0004096513,0
TX0004096536,0
TX0004096609,0
TX0004096618,0
TX0004096627,0
TX0004096659,0
TX0004096693,0
TX0004096695,0
TX0004096696,0
TX0004096723,0
TX0004096726,0
TX0004096743,0
TX0004096746,0
TX0004096752,0
TX0004096774,0
TX0004096819,0
TX0004096843,0
TX0004096861,0
TX0004096865,0
TX0004096899,0
TX0004096919,0
TX0004096958,0
TX0004096969,0
TX0004097038,0
TX0004097095,0
TX0004097097,0
TX0004097098,0
TX0004097119,0
TX0004097167,0
TX0004097201,0
TX0004097207,0
TX0004097265,0
TX0004097326,0
TX0004097403,0
TX0004097466,0
TX0004097467,0
TX0004097474,0
TX0004097502,0
TX0004097519,0
TX0004097546,0
TX0004097609,0
TX0004097642,0
TX0004097664,0
TX0004097678,0
TX0004097685,0
TX0004097730,0
TX0004097733,0
TX0004097737,0
TX0004097788,0
TX0004097824,0
TX0004097847,0
TX0004097895,0
TX0004097906,0
TX0004097945,0
TX0004097982,0
TX0004097994,0
TX0004098011,0
TX0004098035,0
TX0004098047,0
TX0004098069,0
TX0004098125,0
TX0004098136,0
TX0004098143,0
TX0004098191,0
TX0004098228,0
TX0004098296,0
TX0004098390,0
TX0004098391,0
TX0004098474,0
TX0004098500,0
TX0004098503,0
TX0004098562,0
TX0004098573,0
TX0004098596,0
TX0004098625,0
TX0004098640,0
TX0004088735,0
TX0004088738,0
TX0004088768,0
TX0004088784,0
TX0004088800,0
TX0004088851,0
TX0004088862,0
TX0004088887,0
TX0004088927,0
TX0004088998,0
TX0004089057,0
TX0004089073,0
TX0004089099,0
TX0004089109,0
TX0004089117,0
TX0004089169,0
TX0004089173,0
TX0004089219,0
TX0004089226,0
TX0004089260,0
TX0004089263,0
TX0004089268,0
TX0004089365,0
TX0004089420,0
TX0004089461,0
TX0004089481,0
TX0004089485,0
TX0004089495,0
TX0004089521,0
TX0004089525,0
TX0004089589,0
TX0004089628,0
TX0004089657,0
TX0004089681,0
TX0004089769,0
TX0004089770,0
TX0004089817,0
TX0004089818,0
TX0004090035,0
TX0004090041,0
TX0004090081,0
TX0004090112,0
TX0004090124,0
TX0004090183,0
TX0004090188,0
TX0004090221,0
TX0004090252,0
TX0004090414,0
TX0004090419,0
TX0004090426,0
TX0004090447,0
TX0004090477,0
TX0004090478,0
TX0004090480,0
TX0004090488,0
TX0004090578,0
TX0004090592,0
TX0004090611,0
TX0004090660,0
TX0004090682,0
TX0004090764,0
TX0004090815,0
TX0004090822,0
TX0004090872,0
TX0004090892,0
TX0004090954,0
TX0004090964,0
TX0004090979,0
TX0004090990,0
TX0004091001,0
TX0004091094,0
TX0004091122,0
TX0004091126,0
TX0004091213,0
TX0004091239,0
TX0004091264,0
TX0004091276,0
TX0004091303,0
TX0004091304,0
TX0004091342,0
TX0004091414,0
TX0004091460,0
TX0004091464,0
TX0004091491,0
TX0004091494,0
TX0004091516,0
TX0004091520,0
TX0004091549,0
TX0004091564,0
TX0004091582,0
TX0004091654,0
TX0004091703,0
TX0004091725,0
TX0004091757,0
TX0004091804,0
TX0004091811,0
TX0004091813,0
TX0004091824,0
TX0004091947,0
TX0004091972,0
TX0004092013,0
TX0004092014,0
TX0004092063,0
TX0004092094,0
TX0004092124,0
TX0004092153,0
TX0004092177,0
TX0004092229,0
TX0004092308,0
TX0004092356,0
TX0004092359,0
TX0004092373,0
TX0004092382,0
TX0004092431,0
TX0004092436,0
TX0004092447,0
TX0004092484,0
TX0004092485,0
TX0004092523,0
TX0004092524,0
TX0004092525,0
TX0004092586,0
TX0004092618,0
TX0004092636,0
TX0004092685,0
TX0004092686,0
TX0004092706,0
TX0004092747,0
TX0004092753,0
TX0004092783,0
TX0004092812,0
TX0004092820,0
TX0004092849,0
TX0004092873,0
TX0004092875,0
TX0004092946,0
TX0004092948,0
TX0004092978,0
TX0004093006,0
TX0004093015,0
TX0004093255,0
TX0004093382,0
TX0004093386,0
TX0004093445,0
TX0004093490,0
TX0004093530,0
TX0004093582,0
TX0004093583,0
TX0004093616,0
TX0004093658,0
TX0004093701,0
TX0004093775,0
TX0004093822,0
TX0004093856,0
TX0004093859,0
TX0004093883,0
TX0004093890,0
TX0004093896,0
TX0004093932,0
TX0004093949,0
TX0004094035,0
TX0004094074,0
TX0004094078,0
TX0004094094,0
TX0004094096,0
TX0004094110,0
TX0004094120,0
TX0004094134,0
TX0004094168,0
TX0004094170,0
TX0004094198,0
TX0004094202,0
TX0004094246,0
TX0004094299,0
TX0004094307,0
TX0004094329,0
TX0004094365,0
TX0004094372,0
TX0004094374,0
TX0004094376,0
TX0004094384,0
TX0004094388,0
TX0004094432,0
TX0004094460,0
TX0004094599,0
TX0004094609,0
TX0004094623,0
TX0004094646,0
TX0004094647,0
TX0004094685,0
TX0004094710,0
TX0004094723,0
TX0004094744,0
TX0004094756,0
TX0004094757,0
TX0004094793,0
TX0004094910,0
TX0004094912,0
TX0004094975,0
TX0004094982,0
TX0004094987,0
TX0004095096,0
TX0004095107,0
TX0004095128,0
TX0004095139,0
TX0004095211,0
TX0004095303,0
TX0004095317,0
TX0004095320,0
TX0004095336,0
TX0004095365,0
TX0004095417,0
TX0004095435,0
TX0004095495,0
TX0004095544,0
TX0004095584,0
TX0004095585,0
TX0004095687,0
TX0004095723,0
TX0004095771,0
TX0004095787,0
TX0004095831,0
TX0004095873,0
TX0004095874,0
TX0004095928,0
TX0004095958,0
TX0004095977,0
TX0004096002,0
TX0004096021,0
TX0004096047,0
TX0004096051,0
TX0004096121,0
TX0004096150,0
TX0004096167,0
TX0004096170,0
TX0004096198,0
TX0004096202,0
TX0004096224,0
TX0004096229,0
TX0004096236,0
TX0004096251,0
TX0004096377,0
TX0004096431,0
TX0004096444,0
TX0004096453,0
TX0004096511,0
TX0004096515,0
TX0004096564,0
TX0004096591,0
TX0004096593,0
TX0004096595,0
TX0004096667,0
TX0004096750,0
TX0004096767,0
TX0004096788,0
TX0004096810,0
TX0004096829,0
TX0004096831,0
TX0004097022,0
TX0004097031,0
TX0004097061,0
TX0004097087,0
TX0004097108,0
TX0004097130,0
TX0004097172,0
TX0004097180,0
TX0004097223,0
TX0004097276,0
TX0004097297,0
TX0004097388,0
TX0004097406,0
TX0004097416,0
TX0004097497,0
TX0004097522,0
TX0004097533,0
TX0004097562,0
TX0004097580,0
TX0004097612,0
TX0004097614,0
TX0004097625,0
TX0004097629,0
TX0004097635,0
TX0004097708,0
TX0004097732,0
TX0004097736,0
TX0004097746,0
TX0004097767,0
TX0004097771,0
TX0004097823,0
TX0004097922,0
TX0004097966,0
TX0004097988,0
TX0004098058,0
TX0004098059,0
TX0004098083,0
TX0004098084,0
TX0004098158,0
TX0004098183,0
TX0004098202,0
TX0004098264,0
TX0004098268,0
TX0004098284,0
TX0004098300,0
TX0004098326,0
TX0004098384,0
TX0004098395,0
TX0004098404,0
TX0004098418,0
TX0004098565,0
TX0004098577,0
TX0004098606,0
TX0004098629,0
TX0004098632,0
TX0004088731,0
TX0004088734,0
TX0004088769,0
TX0004088827,0
TX0004088874,0
TX0004088940,0
TX0004088968,0
TX0004088992,0
TX0004089017,0
TX0004089040,0
TX0004089047,0
TX0004089105,0
TX0004089135,0
TX0004089152,0
TX0004089165,0
TX0004089184,0
TX0004089186,0
TX0004089191,0
TX0004089214,0
TX0004089265,0
TX0004089273,0
TX0004089280,0
TX0004089303,0
TX0004089308,0
TX0004089321,0
TX0004089327,0
TX0004089391,0
TX0004089409,0
TX0004089457,0
TX0004089459,0
TX0004089465,0
TX0004089499,0
TX0004089531,0
TX0004089596,0
TX0004089677,0
TX0004089781,0
TX0004089823,0
TX0004089836,0
TX0004089870,0
TX0004089898,0
TX0004089910,0
TX0004090058,0
TX0004090099,0
TX0004090114,0
TX0004090118,0
TX0004090162,0
TX0004090175,0
TX0004090182,0
TX0004090239,0
TX0004090289,0
TX0004090292,0
TX0004090366,0
TX0004090367,0
TX0004090391,0
TX0004090415,0
TX0004090448,0
TX0004090491,0
TX0004090501,0
TX0004090522,0
TX0004090528,0
TX0004090589,0
TX0004090601,0
TX0004090609,0
TX0004090651,0
TX0004090677,0
TX0004090684,0
TX0004090690,0
TX0004090722,0
TX0004090754,0
TX0004090763,0
TX0004090841,0
TX0004090854,0
TX0004090859,0
TX0004090877,0
TX0004090916,0
TX0004090950,0
TX0004090959,0
TX0004090988,0
TX0004091044,0
TX0004091083,0
TX0004091123,0
TX0004091143,0
TX0004091270,0
TX0004091368,0
TX0004091382,0
TX0004091389,0
TX0004091405,0
TX0004091413,0
TX0004091419,0
TX0004091446,0
TX0004091466,0
TX0004091470,0
TX0004091481,0
TX0004091486,0
TX0004091493,0
TX0004091511,0
TX0004091527,0
TX0004091548,0
TX0004091563,0
TX0004091613,0
TX0004091644,0
TX0004091717,0
TX0004091719,0
TX0004091754,0
TX0004091765,0
TX0004091796,0
TX0004091802,0
TX0004091863,0
TX0004091883,0
TX0004091919,0
TX0004091989,0
TX0004092008,0
TX0004092015,0
TX0004092016,0
TX0004092060,0
TX0004092068,0
TX0004092119,0
TX0004092132,0
TX0004092157,0
TX0004092230,0
TX0004092231,0
TX0004092249,0
TX0004092250,0
TX0004092347,0
TX0004092357,0
TX0004092362,0
TX0004092420,0
TX0004092440,0
TX0004092474,0
TX0004092483,0
TX0004092503,0
TX0004092509,0
TX0004092517,0
TX0004092734,0
TX0004092746,0
TX0004092782,0
TX0004092788,0
TX0004092802,0
TX0004092806,0
TX0004092807,0
TX0004092864,0
TX0004092889,0
TX0004092959,0
TX0004092989,0
TX0004092990,0
TX0004093017,0
TX0004093129,0
TX0004093137,0
TX0004093146,0
TX0004093235,0
TX0004093242,0
TX0004093249,0
TX0004093316,0
TX0004093375,0
TX0004093475,0
TX0004093515,0
TX0004093523,0
TX0004093586,0
TX0004093595,0
TX0004093601,0
TX0004093618,0
TX0004093637,0
TX0004093641,0
TX0004093665,0
TX0004093666,0
TX0004093671,0
TX0004093690,0
TX0004093695,0
TX0004093711,0
TX0004093753,0
TX0004093756,0
TX0004093757,0
TX0004093774,0
TX0004093807,0
TX0004093823,0
TX0004093845,0
TX0004093885,0
TX0004093889,0
TX0004093892,0
TX0004093930,0
TX0004093953,0
TX0004093972,0
TX0004093985,0
TX0004094036,0
TX0004094072,0
TX0004094215,0
TX0004094284,0
TX0004094371,0
TX0004094391,0
TX0004094424,0
TX0004094456,0
TX0004094466,0
TX0004094467,0
TX0004094495,0
TX0004094533,0
TX0004094549,0
TX0004094578,0
TX0004094594,0
TX0004094675,0
TX0004094676,0
TX0004094680,0
TX0004094688,0
TX0004094786,0
TX0004094869,0
TX0004094908,0
TX0004094917,0
TX0004094958,0
TX0004094970,0
TX0004095024,0
TX0004095040,0
TX0004095100,0
TX0004095143,0
TX0004095167,0
TX0004095225,0
TX0004095254,0
TX0004095281,0
TX0004095305,0
TX0004095474,0
TX0004095480,0
TX0004095506,0
TX0004095516,0
TX0004095595,0
TX0004095611,0
TX0004095646,0
TX0004095727,0
TX0004095808,0
TX0004095841,0
TX0004095949,0
TX0004095972,0
TX0004095983,0
TX0004095987,0
TX0004095999,0
TX0004096007,0
TX0004096044,0
TX0004096115,0
TX0004096128,0
TX0004096179,0
TX0004096185,0
TX0004096248,0
TX0004096273,0
TX0004096332,0
TX0004096336,0
TX0004096354,0
TX0004096393,0
TX0004096394,0
TX0004096481,0
TX0004096526,0
TX0004096649,0
TX0004096676,0
TX0004096689,0
TX0004096765,0
TX0004096766,0
TX0004096770,0
TX0004096773,0
TX0004096798,0
TX0004096799,0
TX0004096846,0
TX0004096891,0
TX0004096920,0
TX0004096951,0
TX0004096971,0
TX0004096990,0
TX0004097037,0
TX0004097114,0
TX0004097154,0
TX0004097216,0
TX0004097232,0
TX0004097251,0
TX0004097266,0
TX0004097288,0
TX0004097305,0
TX0004097390,0
TX0004097407,0
TX0004097464,0
TX0004097523,0
TX0004097594,0
TX0004097631,0
TX0004097679,0
TX0004097760,0
TX0004097775,0
TX0004097776,0
TX0004097813,0
TX0004097887,0
TX0004097899,0
TX0004097911,0
TX0004097913,0
TX0004097917,0
TX0004097962,0
TX0004097974,0
TX0004098016,0
TX0004098039,0
TX0004098045,0
TX0004098067,0
TX0004098100,0
TX0004098101,0
TX0004098105,0
TX0004098123,0
TX0004098129,0
TX0004098135,0
TX0004098157,0
TX0004098195,0
TX0004098212,0
TX0004098219,0
TX0004098270,0
TX0004098287,0
TX0004098302,0
TX0004098305,0
TX0004098422,0
TX0004098451,0
TX0004098473,0
TX0004098490,0
TX0004098540,0
TX0004098563,0
TX0004098598,0
TX0004098624,0
TX0004098645,0
TX0004088717,0
TX0004088799,0
TX0004088822,0
TX0004088853,0
TX0004088861,0
TX0004088881,0
TX0004088903,0
TX0004088925,0
TX0004088928,0
TX0004088935,0
TX0004089052,0
TX0004089056,0
TX0004089062,0
TX0004089081,0
TX0004089082,0
TX0004089098,0
TX0004089104,0
TX0004089142,0
TX0004089183,0
TX0004089242,0
TX0004089278,0
TX0004089331,0
TX0004089437,0
TX0004089487,0
TX0004089540,0
TX0004089549,0
TX0004089578,0
TX0004089598,0
TX0004089603,0
TX0004089641,0
TX0004089672,0
TX0004089718,0
TX0004089721,0
TX0004089793,0
TX0004089851,0
TX0004089865,0
TX0004089931,0
TX0004090064,0
TX0004090151,0
TX0004090180,0
TX0004090197,0
TX0004090230,0
TX0004090259,0
TX0004090320,0
TX0004090385,0
TX0004090389,0
TX0004090395,0
TX0004090400,0
TX0004090527,0
TX0004090619,0
TX0004090707,0
TX0004090724,0
TX0004090734,0
TX0004090768,0
TX0004090806,0
TX0004090818,0
TX0004090838,0
TX0004090908,0
TX0004090924,0
TX0004091065,0
TX0004091085,0
TX0004091144,0
TX0004091153,0
TX0004091162,0
TX0004091190,0
TX0004091194,0
TX0004091258,0
TX0004091289,0
TX0004091307,0
TX0004091310,0
TX0004091333,0
TX0004091337,0
TX0004091338,0
TX0004091344,0
TX0004091363,0
TX0004091376,0
TX0004091378,0
TX0004091427,0
TX0004091476,0
TX0004091515,0
TX0004091519,0
TX0004091538,0
TX0004091545,0
TX0004091595,0
TX0004091693,0
TX0004091749,0
TX0004091752,0
TX0004091778,0
TX0004091815,0
TX0004091869,0
TX0004091897,0
TX0004091898,0
TX0004091913,0
TX0004091934,0
TX0004091940,0
TX0004091948,0
TX0004091987,0
TX0004092039,0
TX0004092064,0
TX0004092108,0
TX0004092115,0
TX0004092116,0
TX0004092161,0
TX0004092222,0
TX0004092368,0
TX0004092370,0
TX0004092390,0
TX0004092410,0
TX0004092416,0
TX0004092439,0
TX0004092562,0
TX0004092563,0
TX0004092585,0
TX0004092630,0
TX0004092657,0
TX0004092658,0
TX0004092689,0
TX0004092735,0
TX0004092738,0
TX0004092774,0
TX0004092815,0
TX0004092828,0
TX0004092830,0
TX0004092862,0
TX0004092887,0
TX0004092991,0
TX0004093051,0
TX0004093067,0
TX0004093130,0
TX0004093140,0
TX0004093156,0
TX0004093168,0
TX0004093191,0
TX0004093289,0
TX0004093312,0
TX0004093339,0
TX0004093354,0
TX0004093357,0
TX0004093358,0
TX0004093474,0
TX0004093488,0
TX0004093509,0
TX0004093532,0
TX0004093543,0
TX0004093547,0
TX0004093584,0
TX0004093585,0
TX0004093587,0
TX0004093609,0
TX0004093633,0
TX0004093664,0
TX0004093738,0
TX0004093780,0
TX0004093798,0
TX0004093809,0
TX0004093862,0
TX0004093871,0
TX0004093873,0
TX0004093934,0
TX0004093935,0
TX0004093942,0
TX0004093956,0
TX0004093989,0
TX0004094024,0
TX0004094064,0
TX0004094097,0
TX0004094149,0
TX0004094189,0
TX0004094260,0
TX0004094315,0
TX0004094317,0
TX0004094347,0
TX0004094382,0
TX0004094473,0
TX0004094524,0
TX0004094546,0
TX0004094607,0
TX0004094620,0
TX0004094674,0
TX0004094719,0
TX0004094724,0
TX0004094774,0
TX0004094778,0
TX0004094781,0
TX0004094833,0
TX0004094847,0
TX0004094880,0
TX0004094882,0
TX0004094927,0
TX0004094934,0
TX0004094947,0
TX0004094960,0
TX0004094969,0
TX0004094976,0
TX0004095019,0
TX0004095039,0
TX0004095108,0
TX0004095124,0
TX0004095147,0
TX0004095157,0
TX0004095181,0
TX0004095261,0
TX0004095292,0
TX0004095338,0
TX0004095361,0
TX0004095364,0
TX0004095370,0
TX0004095409,0
TX0004095449,0
TX0004095472,0
TX0004095518,0
TX0004095555,0
TX0004095599,0
TX0004095614,0
TX0004095648,0
TX0004095667,0
TX0004095675,0
TX0004095728,0
TX0004095755,0
TX0004095759,0
TX0004095852,0
TX0004095863,0
TX0004095916,0
TX0004095948,0
TX0004096018,0
TX0004096064,0
TX0004096108,0
TX0004096110,0
TX0004096159,0
TX0004096166,0
TX0004096203,0
TX0004096228,0
TX0004096247,0
TX0004096306,0
TX0004096366,0
TX0004096402,0
TX0004096404,0
TX0004096418,0
TX0004096427,0
TX0004096466,0
TX0004096492,0
TX0004096535,0
TX0004096543,0
TX0004096569,0
TX0004096633,0
TX0004096634,0
TX0004096650,0
TX0004096680,0
TX0004096687,0
TX0004096712,0
TX0004096731,0
TX0004096797,0
TX0004096801,0
TX0004096812,0
TX0004096813,0
TX0004096854,0
TX0004096872,0
TX0004096946,0
TX0004096965,0
TX0004096983,0
TX0004096987,0
TX0004096991,0
TX0004097001,0
TX0004097052,0
TX0004097115,0
TX0004097153,0
TX0004097157,0
TX0004097158,0
TX0004097171,0
TX0004097177,0
TX0004097268,0
TX0004097318,0
TX0004097352,0
TX0004097376,0
TX0004097379,0
TX0004097382,0
TX0004097393,0
TX0004097402,0
TX0004097404,0
TX0004097506,0
TX0004097586,0
TX0004097604,0
TX0004097623,0
TX0004097655,0
TX0004097753,0
TX0004097765,0
TX0004097811,0
TX0004097872,0
TX0004097928,0
TX0004097934,0
TX0004097955,0
TX0004097969,0
TX0004097978,0
TX0004098010,0
TX0004098021,0
TX0004098036,0
TX0004098041,0
TX0004098049,0
TX0004098066,0
TX0004098147,0
TX0004098169,0
TX0004098203,0
TX0004098269,0
TX0004098329,0
TX0004098346,0
TX0004098361,0
TX0004098406,0
TX0004098408,0
TX0004098470,0
TX0004098501,0
TX0004098523,0
TX0004098526,0
TX0004098536,0
TX0004098542,0
TX0004098579,0
TX0004098584,0
TX0004088873,0
TX0004088876,0
TX0004088879,0
TX0004088929,0
TX0004088941,0
TX0004088946,0
TX0004088963,0
TX0004088988,0
TX0004088999,0
TX0004089064,0
TX0004089069,0
TX0004089078,0
TX0004089129,0
TX0004089179,0
TX0004089206,0
TX0004089211,0
TX0004089286,0
TX0004089289,0
TX0004089307,0
TX0004089374,0
TX0004089408,0
TX0004089479,0
TX0004089490,0
TX0004089520,0
TX0004089535,0
TX0004089539,0
TX0004089566,0
TX0004089577,0
TX0004089593,0
TX0004089601,0
TX0004089636,0
TX0004089653,0
TX0004089753,0
TX0004089801,0
TX0004089874,0
TX0004089993,0
TX0004090003,0
TX0004090011,0
TX0004090012,0
TX0004090030,0
TX0004090032,0
TX0004090038,0
TX0004090085,0
TX0004090103,0
TX0004090109,0
TX0004090177,0
TX0004090184,0
TX0004090208,0
TX0004090253,0
TX0004090284,0
TX0004090285,0
TX0004090332,0
TX0004090353,0
TX0004090358,0
TX0004090397,0
TX0004090420,0
TX0004090421,0
TX0004090435,0
TX0004090482,0
TX0004090494,0
TX0004090504,0
TX0004090529,0
TX0004090564,0
TX0004090581,0
TX0004090595,0
TX0004090634,0
TX0004090678,0
TX0004090708,0
TX0004090715,0
TX0004090735,0
TX0004090853,0
TX0004090862,0
TX0004090864,0
TX0004090873,0
TX0004090896,0
TX0004090934,0
TX0004090942,0
TX0004090993,0
TX0004091029,0
TX0004091077,0
TX0004091139,0
TX0004091219,0
TX0004091222,0
TX0004091231,0
TX0004091278,0
TX0004091279,0
TX0004091282,0
TX0004091285,0
TX0004091316,0
TX0004091479,0
TX0004091490,0
TX0004091534,0
TX0004091560,0
TX0004091577,0
TX0004091593,0
TX0004091604,0
TX0004091632,0
TX0004091641,0
TX0004091642,0
TX0004091677,0
TX0004091702,0
TX0004091722,0
TX0004091788,0
TX0004091791,0
TX0004091808,0
TX0004091849,0
TX0004091852,0
TX0004091855,0
TX0004091858,0
TX0004091868,0
TX0004091907,0
TX0004091911,0
TX0004091950,0
TX0004092031,0
TX0004092047,0
TX0004092057,0
TX0004092110,0
TX0004092133,0
TX0004092155,0
TX0004092158,0
TX0004092165,0
TX0004092232,0
TX0004092242,0
TX0004092291,0
TX0004092313,0
TX0004092405,0
TX0004092424,0
TX0004092434,0
TX0004092449,0
TX0004092459,0
TX0004092538,0
TX0004092551,0
TX0004092552,0
TX0004092560,0
TX0004092561,0
TX0004092590,0
TX0004092671,0
TX0004092709,0
TX0004092776,0
TX0004092811,0
TX0004092847,0
TX0004092868,0
TX0004092951,0
TX0004092960,0
TX0004092961,0
TX0004092981,0
TX0004093008,0
TX0004093033,0
TX0004093036,0
TX0004093052,0
TX0004093054,0
TX0004093139,0
TX0004093230,0
TX0004093243,0
TX0004093267,0
TX0004093269,0
TX0004093380,0
TX0004093444,0
TX0004093469,0
TX0004093480,0
TX0004093511,0
TX0004093554,0
TX0004093571,0
TX0004093597,0
TX0004093638,0
TX0004093640,0
TX0004093675,0
TX0004093678,0
TX0004093679,0
TX0004093683,0
TX0004093748,0
TX0004093782,0
TX0004093785,0
TX0004093810,0
TX0004093830,0
TX0004093834,0
TX0004093878,0
TX0004093895,0
TX0004093904,0
TX0004093905,0
TX0004094013,0
TX0004094032,0
TX0004094076,0
TX0004094143,0
TX0004094152,0
TX0004094173,0
TX0004094176,0
TX0004094229,0
TX0004094235,0
TX0004094258,0
TX0004094325,0
TX0004094350,0
TX0004094356,0
TX0004094461,0
TX0004094493,0
TX0004094506,0
TX0004094541,0
TX0004094553,0
TX0004094558,0
TX0004094691,0
TX0004094708,0
TX0004094737,0
TX0004094746,0
TX0004094758,0
TX0004094788,0
TX0004094809,0
TX0004094863,0
TX0004094881,0
TX0004095008,0
TX0004095037,0
TX0004095051,0
TX0004095073,0
TX0004095151,0
TX0004095154,0
TX0004095158,0
TX0004095176,0
TX0004095223,0
TX0004095233,0
TX0004095278,0
TX0004095327,0
TX0004095332,0
TX0004095347,0
TX0004095348,0
TX0004095359,0
TX0004095398,0
TX0004095426,0
TX0004095503,0
TX0004095513,0
TX0004095549,0
TX0004095612,0
TX0004095616,0
TX0004095653,0
TX0004095659,0
TX0004095751,0
TX0004095760,0
TX0004095779,0
TX0004095829,0
TX0004095869,0
TX0004095870,0
TX0004095931,0
TX0004095936,0
TX0004095961,0
TX0004095967,0
TX0004096006,0
TX0004096019,0
TX0004096124,0
TX0004096125,0
TX0004096175,0
TX0004096199,0
TX0004096217,0
TX0004096239,0
TX0004096240,0
TX0004096246,0
TX0004096259,0
TX0004096305,0
TX0004096322,0
TX0004096324,0
TX0004096335,0
TX0004096379,0
TX0004096451,0
TX0004096487,0
TX0004096557,0
TX0004096585,0
TX0004096626,0
TX0004096645,0
TX0004096646,0
TX0004096675,0
TX0004096710,0
TX0004096748,0
TX0004096769,0
TX0004096777,0
TX0004096800,0
TX0004096870,0
TX0004096876,0
TX0004096884,0
TX0004096952,0
TX0004097021,0
TX0004097109,0
TX0004097199,0
TX0004097240,0
TX0004097304,0
TX0004097330,0
TX0004097332,0
TX0004097362,0
TX0004097453,0
TX0004097457,0
TX0004097463,0
TX0004097481,0
TX0004097538,0
TX0004097539,0
TX0004097597,0
TX0004097600,0
TX0004097619,0
TX0004097624,0
TX0004097857,0
TX0004097961,0
TX0004097979,0
TX0004098082,0
TX0004098088,0
TX0004098161,0
TX0004098207,0
TX0004098224,0
TX0004098240,0
TX0004098242,0
TX0004098251,0
TX0004098254,0
TX0004098277,0
TX0004098323,0
TX0004098351,0
TX0004098370,0
TX0004098425,0
TX0004098436,0
TX0004098440,0
TX0004098444,0
TX0004098488,0
TX0004098572,0
TX0004098581,0
TX0004098609,0
TX0004098647,0
TX0004088729,0
TX0004088815,0
TX0004088820,0
TX0004088932,0
TX0004088936,0
TX0004089025,0
TX0004089043,0
TX0004089046,0
TX0004089168,0
TX0004089176,0
TX0004089234,0
TX0004089428,0
TX0004089436,0
TX0004089446,0
TX0004089469,0
TX0004089576,0
TX0004089644,0
TX0004089666,0
TX0004089682,0
TX0004089690,0
TX0004089741,0
TX0004089764,0
TX0004089776,0
TX0004089852,0
TX0004089901,0
TX0004089928,0
TX0004090048,0
TX0004090049,0
TX0004090084,0
TX0004090191,0
TX0004090240,0
TX0004090265,0
TX0004090294,0
TX0004090310,0
TX0004090323,0
TX0004090401,0
TX0004090413,0
TX0004090442,0
TX0004090464,0
TX0004090469,0
TX0004090508,0
TX0004090525,0
TX0004090533,0
TX0004090544,0
TX0004090580,0
TX0004090596,0
TX0004090615,0
TX0004090638,0
TX0004090683,0
TX0004090688,0
TX0004090704,0
TX0004090705,0
TX0004090731,0
TX0004090778,0
TX0004090820,0
TX0004090825,0
TX0004090918,0
TX0004090940,0
TX0004090941,0
TX0004090975,0
TX0004090999,0
TX0004091048,0
TX0004091061,0
TX0004091100,0
TX0004091125,0
TX0004091129,0
TX0004091130,0
TX0004091146,0
TX0004091147,0
TX0004091186,0
TX0004091195,0
TX0004091228,0
TX0004091294,0
TX0004091319,0
TX0004091321,0
TX0004091341,0
TX0004091347,0
TX0004091399,0
TX0004091417,0
TX0004091447,0
TX0004091473,0
TX0004091581,0
TX0004091602,0
TX0004091607,0
TX0004091620,0
TX0004091649,0
TX0004091700,0
TX0004091727,0
TX0004091762,0
TX0004091838,0
TX0004091871,0
TX0004091882,0
TX0004091922,0
TX0004092017,0
TX0004092020,0
TX0004092034,0
TX0004092036,0
TX0004092099,0
TX0004092131,0
TX0004092198,0
TX0004092218,0
TX0004092257,0
TX0004092283,0
TX0004092290,0
TX0004092321,0
TX0004092355,0
TX0004092361,0
TX0004092417,0
TX0004092460,0
TX0004092466,0
TX0004092476,0
TX0004092494,0
TX0004092532,0
TX0004092557,0
TX0004092607,0
TX0004092644,0
TX0004092719,0
TX0004092775,0
TX0004092869,0
TX0004092880,0
TX0004092922,0
TX0004092955,0
TX0004093050,0
TX0004093068,0
TX0004093122,0
TX0004093127,0
TX0004093218,0
TX0004093263,0
TX0004093284,0
TX0004093296,0
TX0004093314,0
TX0004093332,0
TX0004093381,0
TX0004093385,0
TX0004093390,0
TX0004093392,0
TX0004093433,0
TX0004093458,0
TX0004093462,0
TX0004093505,0
TX0004093652,0
TX0004093667,0
TX0004093739,0
TX0004093824,0
TX0004093831,0
TX0004093844,0
TX0004093902,0
TX0004093903,0
TX0004093976,0
TX0004093979,0
TX0004093980,0
TX0004093994,0
TX0004094043,0
TX0004094046,0
TX0004094048,0
TX0004094056,0
TX0004094070,0
TX0004094090,0
TX0004094101,0
TX0004094121,0
TX0004094137,0
TX0004094141,0
TX0004094147,0
TX0004094150,0
TX0004094183,0
TX0004094322,0
TX0004094375,0
TX0004094413,0
TX0004094434,0
TX0004094436,0
TX0004094474,0
TX0004094500,0
TX0004094539,0
TX0004094566,0
TX0004094602,0
TX0004094616,0
TX0004094628,0
TX0004094637,0
TX0004094731,0
TX0004094805,0
TX0004094838,0
TX0004094850,0
TX0004094855,0
TX0004094883,0
TX0004094895,0
TX0004094906,0
TX0004094914,0
TX0004095020,0
TX0004095029,0
TX0004095038,0
TX0004095118,0
TX0004095129,0
TX0004095144,0
TX0004095153,0
TX0004095155,0
TX0004095162,0
TX0004095172,0
TX0004095174,0
TX0004095202,0
TX0004095218,0
TX0004095220,0
TX0004095293,0
TX0004095337,0
TX0004095349,0
TX0004095388,0
TX0004095390,0
TX0004095402,0
TX0004095414,0
TX0004095465,0
TX0004095505,0
TX0004095531,0
TX0004095638,0
TX0004095692,0
TX0004095783,0
TX0004095795,0
TX0004095806,0
TX0004095813,0
TX0004095821,0
TX0004095860,0
TX0004095906,0
TX0004095907,0
TX0004095921,0
TX0004095925,0
TX0004096029,0
TX0004096131,0
TX0004096271,0
TX0004096278,0
TX0004096330,0
TX0004096337,0
TX0004096462,0
TX0004096497,0
TX0004096544,0
TX0004096554,0
TX0004096586,0
TX0004096601,0
TX0004096619,0
TX0004096620,0
TX0004096704,0
TX0004096707,0
TX0004096755,0
TX0004096809,0
TX0004096820,0
TX0004096929,0
TX0004096940,0
TX0004096945,0
TX0004096961,0
TX0004097020,0
TX0004097024,0
TX0004097058,0
TX0004097068,0
TX0004097104,0
TX0004097135,0
TX0004097173,0
TX0004097189,0
TX0004097243,0
TX0004097248,0
TX0004097321,0
TX0004097336,0
TX0004097338,0
TX0004097408,0
TX0004097444,0
TX0004097525,0
TX0004097529,0
TX0004097551,0
TX0004097640,0
TX0004097659,0
TX0004097672,0
TX0004097723,0
TX0004097768,0
TX0004097862,0
TX0004097919,0
TX0004098013,0
TX0004098038,0
TX0004098051,0
TX0004098053,0
TX0004098065,0
TX0004098140,0
TX0004098146,0
TX0004098148,0
TX0004098225,0
TX0004098301,0
TX0004098307,0
TX0004098353,0
TX0004098366,0
TX0004098383,0
TX0004098403,0
TX0004098410,0
TX0004098432,0
TX0004098483,0
TX0004098495,0
TX0004098499,0
TX0004098549,0
TX0004098557,0
TX0004098561,0
TX0004088746,0
TX0004088754,0
TX0004088781,0
TX0004088792,0
TX0004088802,0
TX0004088867,0
TX0004088909,0
TX0004088984,0
TX0004089023,0
TX0004089053,0
TX0004089154,0
TX0004089161,0
TX0004089194,0
TX0004089197,0
TX0004089209,0
TX0004089228,0
TX0004089246,0
TX0004089258,0
TX0004089312,0
TX0004089357,0
TX0004089385,0
TX0004089398,0
TX0004089440,0
TX0004089445,0
TX0004089448,0
TX0004089505,0
TX0004089529,0
TX0004089553,0
TX0004089571,0
TX0004089607,0
TX0004089640,0
TX0004089737,0
TX0004089744,0
TX0004089782,0
TX0004089795,0
TX0004089815,0
TX0004089825,0
TX0004089891,0
TX0004089913,0
TX0004089956,0
TX0004089974,0
TX0004090024,0
TX0004090028,0
TX0004090029,0
TX0004090039,0
TX0004090056,0
TX0004090057,0
TX0004090093,0
TX0004090116,0
TX0004090148,0
TX0004090167,0
TX0004090201,0
TX0004090281,0
TX0004090309,0
TX0004090341,0
TX0004090352,0
TX0004090519,0
TX0004090607,0
TX0004090612,0
TX0004090625,0
TX0004090637,0
TX0004090663,0
TX0004090670,0
TX0004090698,0
TX0004090703,0
TX0004090726,0
TX0004090738,0
TX0004090761,0
TX0004090770,0
TX0004090771,0
TX0004090821,0
TX0004090834,0
TX0004090871,0
TX0004090912,0
TX0004090923,0
TX0004090956,0
TX0004090972,0
TX0004091028,0
TX0004091032,0
TX0004091070,0
TX0004091080,0
TX0004091265,0
TX0004091273,0
TX0004091313,0
TX0004091343,0
TX0004091404,0
TX0004091409,0
TX0004091435,0
TX0004091454,0
TX0004091489,0
TX0004091500,0
TX0004091528,0
TX0004091531,0
TX0004091554,0
TX0004091573,0
TX0004091689,0
TX0004091707,0
TX0004091776,0
TX0004091786,0
TX0004091816,0
TX0004091941,0
TX0004092032,0
TX0004092059,0
TX0004092069,0
TX0004092070,0
TX0004092088,0
TX0004092147,0
TX0004092156,0
TX0004092201,0
TX0004092279,0
TX0004092292,0
TX0004092325,0
TX0004092333,0
TX0004092350,0
TX0004092354,0
TX0004092374,0
TX0004092430,0
TX0004092480,0
TX0004092507,0
TX0004092539,0
TX0004092605,0
TX0004092659,0
TX0004092673,0
TX0004092707,0
TX0004092711,0
TX0004092721,0
TX0004092739,0
TX0004092749,0
TX0004092796,0
TX0004092824,0
TX0004092866,0
TX0004092890,0
TX0004092926,0
TX0004092939,0
TX0004092987,0
TX0004093064,0
TX0004093090,0
TX0004093094,0
TX0004093107,0
TX0004093166,0
TX0004093216,0
TX0004093324,0
TX0004093328,0
TX0004093342,0
TX0004093393,0
TX0004093394,0
TX0004093396,0
TX0004093430,0
TX0004093435,0
TX0004093502,0
TX0004093512,0
TX0004093564,0
TX0004093603,0
TX0004093627,0
TX0004093705,0
TX0004093716,0
TX0004093740,0
TX0004093741,0
TX0004093742,0
TX0004093743,0
TX0004093763,0
TX0004093767,0
TX0004093816,0
TX0004093843,0
TX0004093857,0
TX0004093870,0
TX0004093900,0
TX0004093951,1
TX0004093990,0
TX0004094000,0
TX0004094028,0
TX0004094063,0
TX0004094071,1
TX0004094073,0
TX0004094077,0
TX0004094107,0
TX0004094118,0
TX0004094135,0
TX0004094157,0
TX0004094280,0
TX0004094318,0
TX0004094326,0
TX0004094334,0
TX0004094394,0
TX0004094396,0
TX0004094418,0
TX0004094494,0
TX0004094505,0
TX0004094565,0
TX0004094575,0
TX0004094597,0
TX0004094611,0
TX0004094612,0
TX0004094625,0
TX0004094712,0
TX0004094842,0
TX0004094876,0
TX0004094890,0
TX0004094904,0
TX0004094989,0
TX0004095066,0
TX0004095095,0
TX0004095127,0
TX0004095134,0
TX0004095138,0
TX0004095146,0
TX0004095203,0
TX0004095234,0
TX0004095248,0
TX0004095274,0
TX0004095295,0
TX0004095302,0
TX0004095311,0
TX0004095342,0
TX0004095343,0
TX0004095356,0
TX0004095378,0
TX0004095520,0
TX0004095551,0
TX0004095553,0
TX0004095588,0
TX0004095604,0
TX0004095613,0
TX0004095622,0
TX0004095623,0
TX0004095666,0
TX0004095680,0
TX0004095718,0
TX0004095722,0
TX0004095763,0
TX0004095789,0
TX0004095802,0
TX0004095816,0
TX0004095828,0
TX0004095849,0
TX0004095851,0
TX0004095861,0
TX0004095901,0
TX0004095911,0
TX0004095914,0
TX0004095939,0
TX0004095971,0
TX0004095980,0
TX0004095990,0
TX0004096080,0
TX0004096255,0
TX0004096277,0
TX0004096289,0
TX0004096369,0
TX0004096372,0
TX0004096409,0
TX0004096432,0
TX0004096474,0
TX0004096489,0
TX0004096498,0
TX0004096510,0
TX0004096514,0
TX0004096525,0
TX0004096547,0
TX0004096553,0
TX0004096635,0
TX0004096706,0
TX0004096728,0
TX0004096757,0
TX0004096795,0
TX0004096832,0
TX0004096857,0
TX0004096894,0
TX0004097049,0
TX0004097179,0
TX0004097217,0
TX0004097284,0
TX0004097302,0
TX0004097313,0
TX0004097316,0
TX0004097337,0
TX0004097360,0
TX0004097405,0
TX0004097491,0
TX0004097500,0
TX0004097616,0
TX0004097620,0
TX0004097638,0
TX0004097682,0
TX0004097702,0
TX0004097716,0
TX0004097740,0
TX0004097786,0
TX0004097836,0
TX0004097856,0
TX0004097880,0
TX0004097890,0
TX0004097896,0
TX0004097900,0
TX0004097920,0
TX0004097933,0
TX0004097964,0
TX0004097983,0
TX0004098037,0
TX0004098044,0
TX0004098078,0
TX0004098134,0
TX0004098166,0
TX0004098229,0
TX0004098239,0
TX0004098243,0
TX0004098255,0
TX0004098335,0
TX0004098367,0
TX0004098377,0
TX0004098399,0
TX0004098405,0
TX0004098416,0
TX0004098465,0
TX0004098505,0
TX0004098535,0
TX0004098582,0
TX0004098583,0
TX0004098589,0
TX0004098595,0
TX0004088760,0
TX0004088762,0
TX0004088773,0
TX0004088780,0
TX0004088813,0
TX0004088833,0
TX0004088912,0
TX0004088942,0
TX0004088969,0
TX0004088980,0
TX0004088985,0
TX0004089031,0
TX0004089070,0
TX0004089075,0
TX0004089079,0
TX0004089084,0
TX0004089115,0
TX0004089125,0
TX0004089164,0
TX0004089203,0
TX0004089231,0
TX0004089266,0
TX0004089339,0
TX0004089397,0
TX0004089486,0
TX0004089532,0
TX0004089590,0
TX0004089595,0
TX0004089602,0
TX0004089605,0
TX0004089669,0
TX0004089720,0
TX0004089733,0
TX0004089790,0
TX0004089858,0
TX0004089912,0
TX0004089922,0
TX0004089932,0
TX0004089947,0
TX0004090007,0
TX0004090010,0
TX0004090054,0
TX0004090055,0
TX0004090073,0
TX0004090122,0
TX0004090132,0
TX0004090134,0
TX0004090138,0
TX0004090178,0
TX0004090228,0
TX0004090297,0
TX0004090362,0
TX0004090373,0
TX0004090387,0
TX0004090388,0
TX0004090402,0
TX0004090424,0
TX0004090429,0
TX0004090496,0
TX0004090524,0
TX0004090569,0
TX0004090572,0
TX0004090576,0
TX0004090584,0
TX0004090587,0
TX0004090622,0
TX0004090641,0
TX0004090646,0
TX0004090700,0
TX0004090736,0
TX0004090740,0
TX0004090744,0
TX0004090747,0
TX0004090776,0
TX0004090788,0
TX0004090789,0
TX0004090805,0
TX0004090807,0
TX0004090843,0
TX0004090852,0
TX0004090857,0
TX0004090935,0
TX0004090961,0
TX0004090997,0
TX0004091068,0
TX0004091118,0
TX0004091128,0
TX0004091171,0
TX0004091174,0
TX0004091230,0
TX0004091271,0
TX0004091281,0
TX0004091284,0
TX0004091298,0
TX0004091370,0
TX0004091412,0
TX0004091463,0
TX0004091495,0
TX0004091501,0
TX0004091536,0
TX0004091616,0
TX0004091648,0
TX0004091650,0
TX0004091660,0
TX0004091669,0
TX0004091670,0
TX0004091687,0
TX0004091710,0
TX0004091718,0
TX0004091748,0
TX0004091793,0
TX0004091848,0
TX0004091856,0
TX0004091864,0
TX0004091865,0
TX0004091902,0
TX0004091924,0
TX0004091949,0
TX0004091981,0
TX0004091982,0
TX0004091991,0
TX0004092007,0
TX0004092011,0
TX0004092022,0
TX0004092071,0
TX0004092197,0
TX0004092205,0
TX0004092319,0
TX0004092340,0
TX0004092341,0
TX0004092377,0
TX0004092454,0
TX0004092473,0
TX0004092482,0
TX0004092528,0
TX0004092575,0
TX0004092578,0
TX0004092621,0
TX0004092684,0
TX0004092699,0
TX0004092715,0
TX0004092733,0
TX0004092818,0
TX0004092842,0
TX0004092897,0
TX0004092921,0
TX0004092944,0
TX0004092970,0
TX0004093001,0
TX0004093003,0
TX0004093019,0
TX0004093026,0
TX0004093053,0
TX0004093115,0
TX0004093151,0
TX0004093182,0
TX0004093190,0
TX0004093198,0
TX0004093221,0
TX0004093306,0
TX0004093307,0
TX0004093333,0
TX0004093337,0
TX0004093371,0
TX0004093389,0
TX0004093398,0
TX0004093407,0
TX0004093412,0
TX0004093440,0
TX0004093454,0
TX0004093468,0
TX0004093486,0
TX0004093518,0
TX0004093549,0
TX0004093611,0
TX0004093628,0
TX0004093659,0
TX0004093702,0
TX0004093754,0
TX0004093771,0
TX0004093778,0
TX0004093847,0
TX0004093877,0
TX0004093936,0
TX0004093937,0
TX0004093986,0
TX0004094003,0
TX0004094093,0
TX0004094144,0
TX0004094154,0
TX0004094156,0
TX0004094178,0
TX0004094193,0
TX0004094194,0
TX0004094230,0
TX0004094261,0
TX0004094267,0
TX0004094304,0
TX0004094387,0
TX0004094399,0
TX0004094400,0
TX0004094407,0
TX0004094422,0
TX0004094440,0
TX0004094441,0
TX0004094472,0
TX0004094499,0
TX0004094514,0
TX0004094538,0
TX0004094583,0
TX0004094584,0
TX0004094591,0
TX0004094622,0
TX0004094668,0
TX0004094669,0
TX0004094679,0
TX0004094711,0
TX0004094722,0
TX0004094766,0
TX0004094784,0
TX0004094844,0
TX0004094902,0
TX0004094968,0
TX0004094986,0
TX0004094997,0
TX0004095018,0
TX0004095034,0
TX0004095052,0
TX0004095106,0
TX0004095189,0
TX0004095209,0
TX0004095264,0
TX0004095324,0
TX0004095331,0
TX0004095333,0
TX0004095351,0
TX0004095448,0
TX0004095471,0
TX0004095478,0
TX0004095498,0
TX0004095542,0
TX0004095543,0
TX0004095609,0
TX0004095610,0
TX0004095620,0
TX0004095621,0
TX0004095633,0
TX0004095658,0
TX0004095662,0
TX0004095686,0
TX0004095698,0
TX0004095705,0
TX0004095757,0
TX0004095770,0
TX0004095777,0
TX0004095809,0
TX0004095832,0
TX0004095858,0
TX0004095881,0
TX0004095919,0
TX0004095923,0
TX0004095941,0
TX0004095952,0
TX0004096003,0
TX0004096032,0
TX0004096037,0
TX0004096040,0
TX0004096046,0
TX0004096062,0
TX0004096107,0
TX0004096126,0
TX0004096145,0
TX0004096181,0
TX0004096184,0
TX0004096210,0
TX0004096233,0
TX0004096253,0
TX0004096314,0
TX0004096360,0
TX0004096381,0
TX0004096382,0
TX0004096392,0
TX0004096443,0
TX0004096450,0
TX0004096464,0
TX0004096493,0
TX0004096499,0
TX0004096534,0
TX0004096560,0
TX0004096567,0
TX0004096579,0
TX0004096594,0
TX0004096608,0
TX0004096614,0
TX0004096705,0
TX0004096717,0
TX0004096722,0
TX0004096756,0
TX0004096762,0
TX0004096772,0
TX0004096776,0
TX0004096841,0
TX0004096960,0
TX0004096974,0
TX0004097012,0
TX0004097107,0
TX0004097242,0
TX0004097283,0
TX0004097286,0
TX0004097300,0
TX0004097319,0
TX0004097327,0
TX0004097366,0
TX0004097447,0
TX0004097524,0
TX0004097582,0
TX0004097587,0
TX0004097593,0
TX0004097599,0
TX0004097602,0
TX0004097605,0
TX0004097611,0
TX0004097693,0
TX0004097721,0
TX0004097743,0
TX0004097745,0
TX0004097772,0
TX0004097804,0
TX0004097827,0
TX0004097905,0
TX0004097935,0
TX0004097941,0
TX0004097957,0
TX0004098018,0
TX0004098026,0
TX0004098079,0
TX0004098126,0
TX0004098159,0
TX0004098196,0
TX0004098245,0
TX0004098262,0
TX0004098285,0
TX0004098311,0
TX0004098327,0
TX0004098333,0
TX0004098371,0
TX0004098396,0
TX0004098428,0
TX0004098429,0
TX0004098458,0
TX0004098487,0
TX0004098494,0
TX0004098497,0
TX0004098518,0
TX0004098519,0
TX0004098626,0
TX0004088726,0
TX0004088732,0
TX0004088753,0
TX0004088761,0
TX0004088782,0
TX0004088788,0
TX0004088796,0
TX0004088816,0
TX0004088824,0
TX0004088831,0
TX0004088835,0
TX0004088840,0
TX0004088843,0
TX0004088885,0
TX0004088900,0
TX0004088918,0
TX0004088971,0
TX0004089027,0
TX0004089044,0
TX0004089177,0
TX0004089213,0
TX0004089230,0
TX0004089287,0
TX0004089317,0
TX0004089337,0
TX0004089338,0
TX0004089360,0
TX0004089371,0
TX0004089378,0
TX0004089406,0
TX0004089460,0
TX0004089511,0
TX0004089526,0
TX0004089559,0
TX0004089569,0
TX0004089585,0
TX0004089588,0
TX0004089649,0
TX0004089740,0
TX0004089745,0
TX0004089803,0
TX0004089827,0
TX0004089838,0
TX0004089872,0
TX0004089890,0
TX0004089902,0
TX0004089942,0
TX0004089960,0
TX0004089961,0
TX0004089980,0
TX0004090000,0
TX0004090036,0
TX0004090042,0
TX0004090072,0
TX0004090128,0
TX0004090192,0
TX0004090243,0
TX0004090282,0
TX0004090304,0
TX0004090329,0
TX0004090334,0
TX0004090347,0
TX0004090407,0
TX0004090451,0
TX0004090467,0
TX0004090476,0
TX0004090500,0
TX0004090577,0
TX0004090610,0
TX0004090628,0
TX0004090640,0
TX0004090659,0
TX0004090692,0
TX0004090748,0
TX0004090760,0
TX0004090840,0
TX0004090844,0
TX0004090860,0
TX0004090917,0
TX0004090976,0
TX0004091012,0
TX0004091022,0
TX0004091038,0
TX0004091086,0
TX0004091087,0
TX0004091135,0
TX0004091165,0
TX0004091196,0
TX0004091261,0
TX0004091286,0
TX0004091360,0
TX0004091371,0
TX0004091379,0
TX0004091393,0
TX0004091397,0
TX0004091400,0
TX0004091420,0
TX0004091450,0
TX0004091498,0
TX0004091502,0
TX0004091513,0
TX0004091565,0
TX0004091566,0
TX0004091567,0
TX0004091617,0
TX0004091627,0
TX0004091635,0
TX0004091643,0
TX0004091671,0
TX0004091672,0
TX0004091728,0
TX0004091736,0
TX0004091831,0
TX0004091900,0
TX0004091906,0
TX0004091912,0
TX0004091923,0
TX0004091984,0
TX0004092030,0
TX0004092076,0
TX0004092082,0
TX0004092126,0
TX0004092134,0
TX0004092182,0
TX0004092227,0
TX0004092267,0
TX0004092280,0
TX0004092288,0
TX0004092303,0
TX0004092348,0
TX0004092352,0
TX0004092379,0
TX0004092406,0
TX0004092413,0
TX0004092423,0
TX0004092489,0
TX0004092522,0
TX0004092559,0
TX0004092565,0
TX0004092569,0
TX0004092570,0
TX0004092602,0
TX0004092647,0
TX0004092688,0
TX0004092703,0
TX0004092750,0
TX0004092763,0
TX0004092769,0
TX0004092771,0
TX0004092803,0
TX0004092860,0
TX0004092894,0
TX0004092919,0
TX0004092925,0
TX0004092997,0
TX0004093038,0
TX0004093039,0
TX0004093043,0
TX0004093086,0
TX0004093135,0
TX0004093250,0
TX0004093280,0
TX0004093293,0
TX0004093308,0
TX0004093378,0
TX0004093391,0
TX0004093397,0
TX0004093409,0
TX0004093420,0
TX0004093555,0
TX0004093598,0
TX0004093625,0
TX0004093876,0
TX0004093909,0
TX0004093916,0
TX0004093950,0
TX0004093958,0
TX0004094005,0
TX0004094044,0
TX0004094050,0
TX0004094091,0
TX0004094102,0
TX0004094129,0
TX0004094142,0
TX0004094192,0
TX0004094242,0
TX0004094254,0
TX0004094264,0
TX0004094319,0
TX0004094362,0
TX0004094447,0
TX0004094452,0
TX0004094470,0
TX0004094479,0
TX0004094483,0
TX0004094484,0
TX0004094508,0
TX0004094520,0
TX0004094528,0
TX0004094630,0
TX0004094642,0
TX0004094653,0
TX0004094694,0
TX0004094730,0
TX0004094733,0
TX0004094771,0
TX0004094780,0
TX0004094843,0
TX0004094892,0
TX0004094998,0
TX0004095021,0
TX0004095035,0
TX0004095080,0
TX0004095112,0
TX0004095132,0
TX0004095164,0
TX0004095229,0
TX0004095368,0
TX0004095375,0
TX0004095376,0
TX0004095425,0
TX0004095447,0
TX0004095535,0
TX0004095539,0
TX0004095591,0
TX0004095600,0
TX0004095626,0
TX0004095630,0
TX0004095634,0
TX0004095636,0
TX0004095650,0
TX0004095663,0
TX0004095670,0
TX0004095710,0
TX0004095721,0
TX0004095761,0
TX0004095814,0
TX0004095817,0
TX0004095823,0
TX0004095842,0
TX0004095908,0
TX0004095951,0
TX0004095959,0
TX0004095979,0
TX0004095992,0
TX0004096004,0
TX0004096067,0
TX0004096117,0
TX0004096151,0
TX0004096200,0
TX0004096205,0
TX0004096218,0
TX0004096227,0
TX0004096252,0
TX0004096352,0
TX0004096358,0
TX0004096362,0
TX0004096389,0
TX0004096469,0
TX0004096471,0
TX0004096472,0
TX0004096473,0
TX0004096480,0
TX0004096485,0
TX0004096507,0
TX0004096630,0
TX0004096639,0
TX0004096655,0
TX0004096661,0
TX0004096677,0
TX0004096805,0
TX0004096822,0
TX0004096828,0
TX0004096962,0
TX0004096977,0
TX0004097060,0
TX0004097073,0
TX0004097159,0
TX0004097160,0
TX0004097170,0
TX0004097272,0
TX0004097274,0
TX0004097295,0
TX0004097299,0
TX0004097340,0
TX0004097343,0
TX0004097350,0
TX0004097353,0
TX0004097398,0
TX0004097429,0
TX0004097575,0
TX0004097630,0
TX0004097634,0
TX0004097669,0
TX0004097671,0
TX0004097701,0
TX0004097728,0
TX0004097755,0
TX0004097762,0
TX0004097792,0
TX0004097793,0
TX0004097817,0
TX0004097818,0
TX0004097825,0
TX0004097832,0
TX0004097843,0
TX0004097949,0
TX0004097950,0
TX0004097963,0
TX0004098022,0
TX0004098098,0
TX0004098121,0
TX0004098209,0
TX0004098290,0
TX0004098308,0
TX0004098412,0
TX0004098414,0
TX0004098469,0
TX0004098508,0
TX0004098515,0
TX0004098627,0
TX0004098637,0
TX0004098642,0
TX0004088755,0
TX0004088806,0
TX0004088811,0
TX0004088855,0
TX0004088865,0
TX0004088892,0
TX0004088931,0
TX0004088943,0
TX0004088944,0
TX0004088958,0
TX0004088987,0
TX0004089019,0
TX0004089054,0
TX0004089071,0
TX0004089077,0
TX0004089103,0
TX0004089131,0
TX0004089143,0
TX0004089149,0
TX0004089181,0
TX0004089188,0
TX0004089193,0
TX0004089207,0
TX0004089295,0
TX0004089305,0
TX0004089310,0
TX0004089508,0
TX0004089541,0
TX0004089550,0
TX0004089581,0
TX0004089611,0
TX0004089612,0
TX0004089632,0
TX0004089663,0
TX0004089692,0
TX0004089710,0
TX0004089726,0
TX0004089732,0
TX0004089765,0
TX0004089813,0
TX0004089822,0
TX0004089873,0
TX0004089885,0
TX0004089904,0
TX0004089924,0
TX0004089964,0
TX0004089983,0
TX0004090004,0
TX0004090025,0
TX0004090079,0
TX0004090094,0
TX0004090126,0
TX0004090130,0
TX0004090133,0
TX0004090142,0
TX0004090173,0
TX0004090176,0
TX0004090206,0
TX0004090238,0
TX0004090300,0
TX0004090308,0
TX0004090363,0
TX0004090368,0
TX0004090450,0
TX0004090566,0
TX0004090573,0
TX0004090702,0
TX0004090739,0
TX0004090801,0
TX0004090813,0
TX0004090832,0
TX0004090833,0
TX0004090846,0
TX0004090887,0
TX0004090895,0
TX0004090898,0
TX0004090907,0
TX0004090953,0
TX0004091024,0
TX0004091082,0
TX0004091109,0
TX0004091133,0
TX0004091136,0
TX0004091137,0
TX0004091151,0
TX0004091164,0
TX0004091168,0
TX0004091169,0
TX0004091214,0
TX0004091216,0
TX0004091249,0
TX0004091306,0
TX0004091336,0
TX0004091354,0
TX0004091380,0
TX0004091457,0
TX0004091469,0
TX0004091574,0
TX0004091591,0
TX0004091623,0
TX0004091662,0
TX0004091701,0
TX0004091756,0
TX0004091764,0
TX0004091772,0
TX0004091851,0
TX0004091874,0
TX0004091908,0
TX0004091943,0
TX0004091951,0
TX0004091994,0
TX0004092018,0
TX0004092027,0
TX0004092035,0
TX0004092081,0
TX0004092097,0
TX0004092113,0
TX0004092154,0
TX0004092188,0
TX0004092254,0
TX0004092260,0
TX0004092271,0
TX0004092273,0
TX0004092281,0
TX0004092305,0
TX0004092310,0
TX0004092408,0
TX0004092456,0
TX0004092464,0
TX0004092478,0
TX0004092550,0
TX0004092554,0
TX0004092579,0
TX0004092589,0
TX0004092625,0
TX0004092737,0
TX0004092768,0
TX0004092791,0
TX0004092856,0
TX0004092882,0
TX0004092888,0
TX0004093010,0
TX0004093035,0
TX0004093065,0
TX0004093076,0
TX0004093108,0
TX0004093118,0
TX0004093178,0
TX0004093184,0
TX0004093194,0
TX0004093196,0
TX0004093217,0
TX0004093251,0
TX0004093256,0
TX0004093282,0
TX0004093321,0
TX0004093341,0
TX0004093422,0
TX0004093438,0
TX0004093451,0
TX0004093460,0
TX0004093498,0
TX0004093503,0
TX0004093529,0
TX0004093596,0
TX0004093599,0
TX0004093602,0
TX0004093629,0
TX0004093636,0
TX0004093648,0
TX0004093676,0
TX0004093697,0
TX0004093726,0
TX0004093736,0
TX0004093749,0
TX0004093783,0
TX0004093817,0
TX0004094095,0
TX0004094123,0
TX0004094208,0
TX0004094219,0
TX0004094256,0
TX0004094279,0
TX0004094298,0
TX0004094343,0
TX0004094405,0
TX0004094464,0
TX0004094519,0
TX0004094561,0
TX0004094567,0
TX0004094568,0
TX0004094608,0
TX0004094614,0
TX0004094619,0
TX0004094638,0
TX0004094720,0
TX0004094735,0
TX0004094736,0
TX0004094798,0
TX0004094800,0
TX0004094873,0
TX0004094954,0
TX0004095054,0
TX0004095076,0
TX0004095103,0
TX0004095175,0
TX0004095196,0
TX0004095213,0
TX0004095244,0
TX0004095252,0
TX0004095379,0
TX0004095381,0
TX0004095387,0
TX0004095429,0
TX0004095490,0
TX0004095497,0
TX0004095547,0
TX0004095559,0
TX0004095568,0
TX0004095583,0
TX0004095598,0
TX0004095652,0
TX0004095664,0
TX0004095672,0
TX0004095724,0
TX0004095762,0
TX0004095786,0
TX0004095790,0
TX0004095793,0
TX0004095794,0
TX0004095815,0
TX0004095859,0
TX0004095868,0
TX0004095877,0
TX0004095924,0
TX0004095926,0
TX0004095945,0
TX0004095946,0
TX0004095966,0
TX0004095978,0
TX0004095988,0
TX0004096022,0
TX0004096049,0
TX0004096078,0
TX0004096099,0
TX0004096101,0
TX0004096105,0
TX0004096120,0
TX0004096123,0
TX0004096187,0
TX0004096209,0
TX0004096241,0
TX0004096267,0
TX0004096276,0
TX0004096279,0
TX0004096329,0
TX0004096422,0
TX0004096599,0
TX0004096642,0
TX0004096654,0
TX0004096656,0
TX0004096671,0
TX0004096697,0
TX0004096699,0
TX0004096747,0
TX0004096785,0
TX0004096873,0
TX0004096881,0
TX0004096897,0
TX0004096902,0
TX0004096907,0
TX0004096909,0
TX0004096910,0
TX0004096936,0
TX0004096972,0
TX0004096975,0
TX0004097005,0
TX0004097029,0
TX0004097030,0
TX0004097046,0
TX0004097048,0
TX0004097094,0
TX0004097110,0
TX0004097120,0
TX0004097169,0
TX0004097233,0
TX0004097306,0
TX0004097308,0
TX0004097501,0
TX0004097505,0
TX0004097545,0
TX0004097555,0
TX0004097566,0
TX0004097694,0
TX0004097798,0
TX0004097829,0
TX0004097833,0
TX0004097853,0
TX0004097866,0
TX0004097870,0
TX0004097893,0
TX0004097986,0
TX0004098004,0
TX0004098043,0
TX0004098142,0
TX0004098156,0
TX0004098172,0
TX0004098184,0
TX0004098257,0
TX0004098280,0
TX0004098315,0
TX0004098322,0
TX0004098325,0
TX0004098336,0
TX0004098376,0
TX0004098378,0
TX0004098382,0
TX0004098397,0
TX0004098398,0
TX0004098433,0
TX0004098472,0
TX0004098511,0
TX0004098600,0
TX0004098638,0
TX0004088724,0
TX0004088725,0
TX0004088730,0
TX0004088830,0
TX0004088859,0
TX0004088883,0
TX0004088889,0
TX0004088907,0
TX0004088910,0
TX0004088933,0
TX0004088939,0
TX0004088950,0
TX0004088982,0
TX0004089100,0
TX0004089118,0
TX0004089155,0
TX0004089222,0
TX0004089223,0
TX0004089254,0
TX0004089285,0
TX0004089306,0
TX0004089316,0
TX0004089329,0
TX0004089376,0
TX0004089405,0
TX0004089412,0
TX0004089416,0
TX0004089452,0
TX0004089504,0
TX0004089594,0
TX0004089600,0
TX0004089606,0
TX0004089647,0
TX0004089686,0
TX0004089796,0
TX0004089881,0
TX0004089884,0
TX0004089897,0
TX0004089936,0
TX0004089970,0
TX0004089982,0
TX0004089991,0
TX0004090017,0
TX0004090037,0
TX0004090098,0
TX0004090168,0
TX0004090169,0
TX0004090190,0
TX0004090200,0
TX0004090214,0
TX0004090226,0
TX0004090227,0
TX0004090251,0
TX0004090262,0
TX0004090272,0
TX0004090274,0
TX0004090288,0
TX0004090327,0
TX0004090382,0
TX0004090399,0
TX0004090410,0
TX0004090441,0
TX0004090443,0
TX0004090514,0
TX0004090535,0
TX0004090540,0
TX0004090567,0
TX0004090574,0
TX0004090627,0
TX0004090675,0
TX0004090697,0
TX0004090709,0
TX0004090757,0
TX0004090796,0
TX0004090809,0
TX0004090919,0
TX0004090952,0
TX0004090967,0
TX0004090968,0
TX0004090969,0
TX0004090970,0
TX0004090989,0
TX0004091017,0
TX0004091018,0
TX0004091141,0
TX0004091155,0
TX0004091177,0
TX0004091187,0
TX0004091193,0
TX0004091197,0
TX0004091204,0
TX0004091235,0
TX0004091241,0
TX0004091248,0
TX0004091253,0
TX0004091290,0
TX0004091293,0
TX0004091324,0
TX0004091356,0
TX0004091437,0
TX0004091468,0
TX0004091480,0
TX0004091488,0
TX0004091517,0
TX0004091688,0
TX0004091691,0
TX0004091726,0
TX0004091744,0
TX0004091801,0
TX0004091810,0
TX0004091841,0
TX0004091845,0
TX0004091857,0
TX0004091925,0
TX0004091978,0
TX0004092038,0
TX0004092052,0
TX0004092054,0
TX0004092067,0
TX0004092104,0
TX0004092121,0
TX0004092192,0
TX0004092193,0
TX0004092207,0
TX0004092214,0
TX0004092258,0
TX0004092270,0
TX0004092285,0
TX0004092311,0
TX0004092342,0
TX0004092343,0
TX0004092369,0
TX0004092385,0
TX0004092453,0
TX0004092527,0
TX0004092536,0
TX0004092584,0
TX0004092616,0
TX0004092617,0
TX0004092619,0
TX0004092661,0
TX0004092666,0
TX0004092696,0
TX0004092740,0
TX0004092777,0
TX0004092786,0
TX0004092912,0
TX0004092949,0
TX0004092952,0
TX0004092963,0
TX0004092982,0
TX0004093023,0
TX0004093027,0
TX0004093042,0
TX0004093056,0
TX0004093116,0
TX0004093174,0
TX0004093189,0
TX0004093195,0
TX0004093199,0
TX0004093273,0
TX0004093274,0
TX0004093298,0
TX0004093300,0
TX0004093344,0
TX0004093351,0
TX0004093366,0
TX0004093513,0
TX0004093560,0
TX0004093600,0
TX0004093656,0
TX0004093657,0
TX0004093660,0
TX0004093663,0
TX0004093673,0
TX0004093699,0
TX0004093712,0
TX0004093751,0
TX0004093789,0
TX0004093801,0
TX0004093805,0
TX0004093812,0
TX0004093832,0
TX0004093838,0
TX0004093865,0
TX0004093867,0
TX0004093880,0
TX0004093894,0
TX0004093959,0
TX0004093962,0
TX0004094020,0
TX0004094037,0
TX0004094174,0
TX0004094195,0
TX0004094206,0
TX0004094291,0
TX0004094425,0
TX0004094435,0
TX0004094446,0
TX0004094530,0
TX0004094581,0
TX0004094590,0
TX0004094600,0
TX0004094718,0
TX0004094741,0
TX0004094790,0
TX0004094812,0
TX0004094865,0
TX0004094900,0
TX0004094901,0
TX0004094903,0
TX0004094909,0
TX0004094919,0
TX0004094935,0
TX0004094938,0
TX0004094946,0
TX0004095036,0
TX0004095068,0
TX0004095130,0
TX0004095201,0
TX0004095250,0
TX0004095284,0
TX0004095290,0
TX0004095309,0
TX0004095321,0
TX0004095366,0
TX0004095428,0
TX0004095431,0
TX0004095434,0
TX0004095460,0
TX0004095477,0
TX0004095501,0
TX0004095514,0
TX0004095519,0
TX0004095527,0
TX0004095529,0
TX0004095580,0
TX0004095605,0
TX0004095615,0
TX0004095635,0
TX0004095694,0
TX0004095697,0
TX0004095729,0
TX0004095792,0
TX0004095818,0
TX0004095830,0
TX0004095912,0
TX0004095968,0
TX0004095989,0
TX0004096014,0
TX0004096059,0
TX0004096071,0
TX0004096076,0
TX0004096173,0
TX0004096208,0
TX0004096232,0
TX0004096331,0
TX0004096344,0
TX0004096351,0
TX0004096370,0
TX0004096425,0
TX0004096506,0
TX0004096530,0
TX0004096582,0
TX0004096596,0
TX0004096617,0
TX0004096641,0
TX0004096701,0
TX0004096744,0
TX0004096751,0
TX0004096768,0
TX0004096778,0
TX0004096780,0
TX0004096782,0
TX0004096837,0
TX0004096874,0
TX0004096916,0
TX0004096973,0
TX0004097011,0
TX0004097039,0
TX0004097067,0
TX0004097106,0
TX0004097116,0
TX0004097122,0
TX0004097166,0
TX0004097185,0
TX0004097190,0
TX0004097196,0
TX0004097209,0
TX0004097250,0
TX0004097270,0
TX0004097320,0
TX0004097385,0
TX0004097397,0
TX0004097420,0
TX0004097494,0
TX0004097528,0
TX0004097557,0
TX0004097565,0
TX0004097579,0
TX0004097606,0
TX0004097653,0
TX0004097663,0
TX0004097665,0
TX0004097684,0
TX0004097739,0
TX0004097757,0
TX0004097785,0
TX0004097826,0
TX0004097831,0
TX0004097837,0
TX0004097852,0
TX0004097925,0
TX0004097989,0
TX0004098005,0
TX0004098028,0
TX0004098040,0
TX0004098095,0
TX0004098113,0
TX0004098117,0
TX0004098139,0
TX0004098164,0
TX0004098174,0
TX0004098176,0
TX0004098181,0
TX0004098188,0
TX0004098199,0
TX0004098214,0
TX0004098234,0
TX0004098265,0
TX0004098279,0
TX0004098295,0
TX0004098354,0
TX0004098407,0
TX0004098427,0
TX0004098476,0
TX0004098479,0
TX0004098534,0
TX0004098559,0
TX0004098605,0
TX0004098619,0
TX0004098641,0
TX0004088789,0
TX0004088791,0
TX0004088801,0
TX0004088805,0
TX0004088850,0
TX0004088856,0
TX0004088869,0
TX0004088954,0
TX0004088965,0
TX0004089003,0
TX0004089005,0
TX0004089008,0
TX0004089024,0
TX0004089030,0
TX0004089050,0
TX0004089058,0
TX0004089110,0
TX0004089132,0
TX0004089136,0
TX0004089167,0
TX0004089190,0
TX0004089238,0
TX0004089253,0
TX0004089271,0
TX0004089275,0
TX0004089288,0
TX0004089388,0
TX0004089418,0
TX0004089454,0
TX0004089503,0
TX0004089524,0
TX0004089620,0
TX0004089650,0
TX0004089655,0
TX0004089699,0
TX0004089712,0
TX0004089722,0
TX0004089725,0
TX0004089747,0
TX0004089824,0
TX0004089837,0
TX0004089846,0
TX0004089860,0
TX0004089883,0
TX0004089949,0
TX0004089978,0
TX0004089988,0
TX0004089999,0
TX0004090034,0
TX0004090075,0
TX0004090121,0
TX0004090123,0
TX0004090145,0
TX0004090158,0
TX0004090171,0
TX0004090296,0
TX0004090343,0
TX0004090364,0
TX0004090365,0
TX0004090405,0
TX0004090449,0
TX0004090456,0
TX0004090498,0
TX0004090513,0
TX0004090526,0
TX0004090538,0
TX0004090546,0
TX0004090603,0
TX0004090614,0
TX0004090624,0
TX0004090650,0
TX0004090701,0
TX0004090712,0
TX0004090737,0
TX0004090869,0
TX0004090894,0
TX0004090920,0
TX0004090939,0
TX0004090949,0
TX0004091062,0
TX0004091127,0
TX0004091183,0
TX0004091205,0
TX0004091247,0
TX0004091267,0
TX0004091323,0
TX0004091328,0
TX0004091355,0
TX0004091357,0
TX0004091374,0
TX0004091415,0
TX0004091423,0
TX0004091429,0
TX0004091430,0
TX0004091433,0
TX0004091448,0
TX0004091487,0
TX0004091556,0
TX0004091651,0
TX0004091661,0
TX0004091708,0
TX0004091720,0
TX0004091753,0
TX0004091766,0
TX0004091790,0
TX0004091846,0
TX0004091854,0
TX0004091870,0
TX0004091903,0
TX0004091904,0
TX0004091998,0
TX0004092006,0
TX0004092019,0
TX0004092066,0
TX0004092101,0
TX0004092122,0
TX0004092135,0
TX0004092206,0
TX0004092239,0
TX0004092252,0
TX0004092262,0
TX0004092336,0
TX0004092375,0
TX0004092444,0
TX0004092731,0
TX0004092743,0
TX0004092792,0
TX0004092838,0
TX0004092905,0
TX0004092916,0
TX0004092931,0
TX0004092953,0
TX0004092974,0
TX0004092999,0
TX0004093007,0
TX0004093082,0
TX0004093083,0
TX0004093085,0
TX0004093124,0
TX0004093227,0
TX0004093254,0
TX0004093297,0
TX0004093400,0
TX0004093428,0
TX0004093441,0
TX0004093510,0
TX0004093568,0
TX0004093668,0
TX0004093682,0
TX0004093706,0
TX0004093708,0
TX0004093709,0
TX0004093710,0
TX0004093735,0
TX0004093772,0
TX0004093776,0
TX0004093973,0
TX0004094053,0
TX0004094054,0
TX0004094106,0
TX0004094113,0
TX0004094125,0
TX0004094197,0
TX0004094203,0
TX0004094268,0
TX0004094287,0
TX0004094342,0
TX0004094373,0
TX0004094381,0
TX0004094383,0
TX0004094403,0
TX0004094525,0
TX0004094531,0
TX0004094564,0
TX0004094574,0
TX0004094695,0
TX0004094745,0
TX0004094795,0
TX0004094885,0
TX0004094896,0
TX0004094913,0
TX0004094916,0
TX0004094920,0
TX0004094953,0
TX0004094966,0
TX0004095006,0
TX0004095025,0
TX0004095044,0
TX0004095053,0
TX0004095082,0
TX0004095161,0
TX0004095194,0
TX0004095267,0
TX0004095273,0
TX0004095312,0
TX0004095315,0
TX0004095319,0
TX0004095355,0
TX0004095458,0
TX0004095459,0
TX0004095461,0
TX0004095482,0
TX0004095486,0
TX0004095548,0
TX0004095582,0
TX0004095637,0
TX0004095679,0
TX0004095690,0
TX0004095712,0
TX0004095742,0
TX0004095747,0
TX0004095812,0
TX0004095825,0
TX0004095838,0
TX0004095850,0
TX0004095867,0
TX0004095878,0
TX0004095891,0
TX0004095910,0
TX0004095957,0
TX0004095965,0
TX0004095970,0
TX0004096043,0
TX0004096069,0
TX0004096119,0
TX0004096143,0
TX0004096201,0
TX0004096235,0
TX0004096250,0
TX0004096298,0
TX0004096311,0
TX0004096319,0
TX0004096368,0
TX0004096399,0
TX0004096437,0
TX0004096482,0
TX0004096490,0
TX0004096568,0
TX0004096571,0
TX0004096597,0
TX0004096663,0
TX0004096678,0
TX0004096758,0
TX0004096775,0
TX0004096877,0
TX0004096883,0
TX0004096913,0
TX0004096917,0
TX0004096947,0
TX0004096950,0
TX0004097000,0
TX0004097004,0
TX0004097010,0
TX0004097127,0
TX0004097164,0
TX0004097259,0
TX0004097264,0
TX0004097287,0
TX0004097312,0
TX0004097333,0
TX0004097432,0
TX0004097476,0
TX0004097536,0
TX0004097537,0
TX0004097550,0
TX0004097569,0
TX0004097590,0
TX0004097596,0
TX0004097652,0
TX0004097747,0
TX0004097797,0
TX0004097802,0
TX0004097803,0
TX0004097854,0
TX0004097882,0
TX0004097937,0
TX0004097965,0
TX0004098033,0
TX0004098062,0
TX0004098073,0
TX0004098089,0
TX0004098120,0
TX0004098175,0
TX0004098186,0
TX0004098278,0
TX0004098303,0
TX0004098321,0
TX0004098332,0
TX0004098380,0
TX0004098443,0
TX0004098453,0
TX0004098454,0
TX0004098516,0
TX0004098520,0
TX0004098521,0
TX0004098533,0
TX0004098553,0
TX0004098554,0
TX0004098585,0
TX0004098607,0
TX0004098611,0
TX0004098636,0
TX0004098639,0
TX0004088721,0
TX0004088766,0
TX0004088774,0
TX0004088777,0
TX0004088870,0
TX0004088914,0
TX0004088934,0
TX0004088938,0
TX0004088962,0
TX0004088989,0
TX0004089014,0
TX0004089090,0
TX0004089162,0
TX0004089172,0
TX0004089218,0
TX0004089272,0
TX0004089298,0
TX0004089302,0
TX0004089433,0
TX0004089434,0
TX0004089458,0
TX0004089475,0
TX0004089484,0
TX0004089517,0
TX0004089518,0
TX0004089530,0
TX0004089554,0
TX0004089563,0
TX0004089565,0
TX0004089582,0
TX0004089642,0
TX0004089679,0
TX0004089759,0
TX0004089783,0
TX0004089808,0
TX0004089828,0
TX0004089829,0
TX0004089862,0
TX0004089903,0
TX0004089929,0
TX0004089930,0
TX0004089948,0
TX0004089992,0
TX0004089995,0
TX0004090027,0
TX0004090043,0
TX0004090125,0
TX0004090129,0
TX0004090136,0
TX0004090146,0
TX0004090153,0
TX0004090156,0
TX0004090181,0
TX0004090185,0
TX0004090247,0
TX0004090258,0
TX0004090264,0
TX0004090266,0
TX0004090267,0
TX0004090273,0
TX0004090283,0
TX0004090295,0
TX0004090326,0
TX0004090331,0
TX0004090377,0
TX0004090393,0
TX0004090404,0
TX0004090432,0
TX0004090440,0
TX0004090453,0
TX0004090457,0
TX0004090459,0
TX0004090474,0
TX0004090502,0
TX0004090541,0
TX0004090543,0
TX0004090549,0
TX0004090555,0
TX0004090597,0
TX0004090642,0
TX0004090743,0
TX0004090750,0
TX0004090756,0
TX0004090800,0
TX0004090817,0
TX0004090847,0
TX0004090863,0
TX0004090900,0
TX0004090911,0
TX0004090992,0
TX0004091023,0
TX0004091035,0
TX0004091049,0
TX0004091064,0
TX0004091072,0
TX0004091156,0
TX0004091159,0
TX0004091163,0
TX0004091198,0
TX0004091234,0
TX0004091244,0
TX0004091305,0
TX0004091325,0
TX0004091334,0
TX0004091421,0
TX0004091484,0
TX0004091664,0
TX0004091666,0
TX0004091679,0
TX0004091775,0
TX0004091798,0
TX0004091817,0
TX0004091827,0
TX0004091873,0
TX0004091877,0
TX0004091960,0
TX0004091999,0
TX0004092042,0
TX0004092058,0
TX0004092080,0
TX0004092083,0
TX0004092089,0
TX0004092096,0
TX0004092109,0
TX0004092146,0
TX0004092178,0
TX0004092195,0
TX0004092212,0
TX0004092245,0
TX0004092277,0
TX0004092282,0
TX0004092306,0
TX0004092469,0
TX0004092516,0
TX0004092587,0
TX0004092638,0
TX0004092642,0
TX0004092670,0
TX0004092679,0
TX0004092692,0
TX0004092695,0
TX0004092697,0
TX0004092718,0
TX0004092766,0
TX0004092787,0
TX0004092793,0
TX0004092819,0
TX0004092899,0
TX0004092923,0
TX0004093002,0
TX0004093018,0
TX0004093040,0
TX0004093045,0
TX0004093063,0
TX0004093089,0
TX0004093126,0
TX0004093148,0
TX0004093228,0
TX0004093229,0
TX0004093253,0
TX0004093281,0
TX0004093336,0
TX0004093349,0
TX0004093376,0
TX0004093384,0
TX0004093402,0
TX0004093507,0
TX0004093541,0
TX0004093642,0
TX0004093670,0
TX0004093765,0
TX0004093773,0
TX0004093794,0
TX0004093795,0
TX0004093799,0
TX0004093811,0
TX0004093839,0
TX0004093849,0
TX0004093891,0
TX0004093913,0
TX0004093952,0
TX0004093966,0
TX0004093991,0
TX0004093998,0
TX0004094002,0
TX0004094015,0
TX0004094065,0
TX0004094066,0
TX0004094153,0
TX0004094158,0
TX0004094187,0
TX0004094191,0
TX0004094232,0
TX0004094243,0
TX0004094251,0
TX0004094283,0
TX0004094294,0
TX0004094305,0
TX0004094336,0
TX0004094438,0
TX0004094468,0
TX0004094469,0
TX0004094481,0
TX0004094503,0
TX0004094515,0
TX0004094532,0
TX0004094559,0
TX0004094644,0
TX0004094645,0
TX0004094681,0
TX0004094693,0
TX0004094728,0
TX0004094747,0
TX0004094759,0
TX0004094773,0
TX0004094820,0
TX0004094823,0
TX0004094824,0
TX0004094848,0
TX0004094851,0
TX0004094856,0
TX0004094870,0
TX0004094871,0
TX0004094893,0
TX0004094905,0
TX0004094929,0
TX0004094951,0
TX0004094963,0
TX0004094965,0
TX0004095007,0
TX0004095067,0
TX0004095104,0
TX0004095136,0
TX0004095142,0
TX0004095192,0
TX0004095200,0
TX0004095207,0
TX0004095235,0
TX0004095243,0
TX0004095280,0
TX0004095306,0
TX0004095310,0
TX0004095367,0
TX0004095373,0
TX0004095392,0
TX0004095403,0
TX0004095453,0
TX0004095484,0
TX0004095496,0
TX0004095565,0
TX0004095569,0
TX0004095578,0
TX0004095590,0
TX0004095631,0
TX0004095703,0
TX0004095743,0
TX0004095766,0
TX0004095776,0
TX0004095848,0
TX0004095865,0
TX0004095887,0
TX0004095897,0
TX0004095927,0
TX0004095934,0
TX0004095944,0
TX0004095955,0
TX0004095973,0
TX0004095985,0
TX0004095998,0
TX0004096008,0
TX0004096011,0
TX0004096038,0
TX0004096095,0
TX0004096097,0
TX0004096133,0
TX0004096137,0
TX0004096164,0
TX0004096172,0
TX0004096182,0
TX0004096243,0
TX0004096303,0
TX0004096353,0
TX0004096373,0
TX0004096375,0
TX0004096415,0
TX0004096527,0
TX0004096575,0
TX0004096648,0
TX0004096664,0
TX0004096686,0
TX0004096716,0
TX0004096725,0
TX0004096738,0
TX0004096760,0
TX0004096764,0
TX0004096821,0
TX0004096834,0
TX0004096959,0
TX0004096968,0
TX0004096993,0
TX0004097003,0
TX0004097023,0
TX0004097090,0
TX0004097099,0
TX0004097100,0
TX0004097146,0
TX0004097184,0
TX0004097187,0
TX0004097208,0
TX0004097235,0
TX0004097238,0
TX0004097244,0
TX0004097247,0
TX0004097260,0
TX0004097280,0
TX0004097325,0
TX0004097331,0
TX0004097391,0
TX0004097395,0
TX0004097396,0
TX0004097410,0
TX0004097434,0
TX0004097441,0
TX0004097472,0
TX0004097475,0
TX0004097490,0
TX0004097509,0
TX0004097510,0
TX0004097518,0
TX0004097573,0
TX0004097585,0
TX0004097660,0
TX0004097703,0
TX0004097706,0
TX0004097707,0
TX0004097741,0
TX0004097769,0
TX0004097821,0
TX0004097869,0
TX0004097903,0
TX0004097968,0
TX0004097984,0
TX0004098061,0
TX0004098068,0
TX0004098074,0
TX0004098090,0
TX0004098104,0
TX0004098122,0
TX0004098168,0
TX0004098187,0
TX0004098236,0
TX0004098241,0
TX0004098258,0
TX0004098293,0
TX0004098356,0
TX0004098379,0
TX0004098510,0
TX0004098564,0
TX0004098586,0
TX0004098616,0
TX0004098634,0
TX0004098646,0
TX0002332875,0
TX0002332876,1
TX0004088740,0
TX0004088787,0
TX0004088829,0
TX0004088834,0
TX0004088897,0
TX0004088901,0
TX0004088924,0
TX0004089001,0
TX0004089009,0
TX0004089010,0
TX0004089160,0
TX0004089174,0
TX0004089240,0
TX0004089252,0
TX0004089297,0
TX0004089323,0
TX0004089324,0
TX0004089332,0
TX0004089354,0
TX0004089383,0
TX0004089419,0
TX0004089523,0
TX0004089685,0
TX0004089705,0
TX0004089804,0
TX0004089820,0
TX0004089866,0
TX0004089889,0
TX0004089921,0
TX0004089950,0
TX0004089954,0
TX0004089968,0
TX0004089969,0
TX0004089989,0
TX0004090033,0
TX0004090082,0
TX0004090101,0
TX0004090164,0
TX0004090187,0
TX0004090217,0
TX0004090307,0
TX0004090338,0
TX0004090339,0
TX0004090359,0
TX0004090408,0
TX0004090465,0
TX0004090475,0
TX0004090492,0
TX0004090495,0
TX0004090497,0
TX0004090545,0
TX0004090579,0
TX0004090598,0
TX0004090613,0
TX0004090695,0
TX0004090710,0
TX0004090720,0
TX0004090781,0
TX0004090927,0
TX0004090994,0
TX0004091026,0
TX0004091107,0
TX0004091116,0
TX0004091192,0
TX0004091200,0
TX0004091208,0
TX0004091315,0
TX0004091350,0
TX0004091383,0
TX0004091392,0
TX0004091396,0
TX0004091445,0
TX0004091507,0
TX0004091529,0
TX0004091533,0
TX0004091537,0
TX0004091551,0
TX0004091609,0
TX0004091612,0
TX0004091653,0
TX0004091692,0
TX0004091803,0
TX0004091839,0
TX0004091880,0
TX0004091929,0
TX0004091939,0
TX0004091955,0
TX0004091961,0
TX0004091969,0
TX0004091996,0
TX0004092010,0
TX0004092012,0
TX0004092117,0
TX0004092152,0
TX0004092163,0
TX0004092204,0
TX0004092233,0
TX0004092236,0
TX0004092244,0
TX0004092278,0
TX0004092312,0
TX0004092327,0
TX0004092335,0
TX0004092351,0
TX0004092380,0
TX0004092387,0
TX0004092432,0
TX0004092433,0
TX0004092450,0
TX0004092490,0
TX0004092499,0
TX0004092504,0
TX0004092526,0
TX0004092529,0
TX0004092640,0
TX0004092660,0
TX0004092698,0
TX0004092778,0
TX0004092794,0
TX0004092816,0
TX0004092832,0
TX0004092900,0
TX0004092914,0
TX0004092924,0
TX0004092945,0
TX0004093020,0
TX0004093041,0
TX0004093079,0
TX0004093101,0
TX0004093117,0
TX0004093159,0
TX0004093183,0
TX0004093231,0
TX0004093241,0
TX0004093244,0
TX0004093247,0
TX0004093277,0
TX0004093291,0
TX0004093340,0
TX0004093347,0
TX0004093365,0
TX0004093367,0
TX0004093411,0
TX0004093442,0
TX0004093450,0
TX0004093452,0
TX0004093470,0
TX0004093478,0
TX0004093492,0
TX0004093497,0
TX0004093508,0
TX0004093520,0
TX0004093533,0
TX0004093561,0
TX0004093612,0
TX0004093626,0
TX0004093646,0
TX0004093677,0
TX0004093680,0
TX0004093723,0
TX0004093752,0
TX0004093924,0
TX0004093944,0
TX0004093965,0
TX0004094004,0
TX0004094007,0
TX0004094016,0
TX0004094099,0
TX0004094133,0
TX0004094139,0
TX0004094218,0
TX0004094231,0
TX0004094239,0
TX0004094335,0
TX0004094341,0
TX0004094355,0
TX0004094386,0
TX0004094389,0
TX0004094397,0
TX0004094449,0
TX0004094450,0
TX0004094451,0
TX0004094454,0
TX0004094471,0
TX0004094537,0
TX0004094543,0
TX0004094563,0
TX0004094593,0
TX0004094595,0
TX0004094604,0
TX0004094632,0
TX0004094639,0
TX0004094657,0
TX0004094670,0
TX0004094671,0
TX0004094726,0
TX0004094764,0
TX0004094789,0
TX0004094813,0
TX0004094815,0
TX0004094828,0
TX0004094867,0
TX0004094868,0
TX0004094921,0
TX0004094923,0
TX0004094924,0
TX0004094962,0
TX0004094974,0
TX0004095013,0
TX0004095098,0
TX0004095116,0
TX0004095148,0
TX0004095304,0
TX0004095334,0
TX0004095363,0
TX0004095395,0
TX0004095410,0
TX0004095436,0
TX0004095439,0
TX0004095467,0
TX0004095481,0
TX0004095579,0
TX0004095645,0
TX0004095673,0
TX0004095681,0
TX0004095709,0
TX0004095713,0
TX0004095720,0
TX0004095768,0
TX0004095784,0
TX0004095844,0
TX0004095856,0
TX0004095894,0
TX0004095895,0
TX0004095932,0
TX0004095997,0
TX0004096034,0
TX0004096086,0
TX0004096103,0
TX0004096168,0
TX0004096192,0
TX0004096204,0
TX0004096274,0
TX0004096283,0
TX0004096284,0
TX0004096325,0
TX0004096346,0
TX0004096356,0
TX0004096395,0
TX0004096408,0
TX0004096412,0
TX0004096516,0
TX0004096521,0
TX0004096545,0
TX0004096629,0
TX0004096651,0
TX0004096658,0
TX0004096662,0
TX0004096682,0
TX0004096721,0
TX0004096753,0
TX0004096786,0
TX0004096827,0
TX0004096847,0
TX0004096856,0
TX0004096860,0
TX0004096864,0
TX0004096886,0
TX0004096889,0
TX0004096893,0
TX0004096931,0
TX0004096949,0
TX0004096981,0
TX0004097075,0
TX0004097142,0
TX0004097150,0
TX0004097183,0
TX0004097192,0
TX0004097245,0
TX0004097255,0
TX0004097323,0
TX0004097344,0
TX0004097356,0
TX0004097359,0
TX0004097361,0
TX0004097371,0
TX0004097400,0
TX0004097513,0
TX0004097514,0
TX0004097530,0
TX0004097552,0
TX0004097554,0
TX0004097583,0
TX0004097610,0
TX0004097675,0
TX0004097686,0
TX0004097720,0
TX0004097734,0
TX0004097749,0
TX0004097873,0
TX0004097884,0
TX0004097953,0
TX0004097973,0
TX0004097992,0
TX0004097997,0
TX0004098014,0
TX0004098060,0
TX0004098080,0
TX0004098116,0
TX0004098177,0
TX0004098208,0
TX0004098244,0
TX0004098249,0
TX0004098273,0
TX0004098310,0
TX0004098355,0
TX0004098363,0
TX0004098374,0
TX0004098421,0
TX0004098442,0
TX0004098446,0
TX0004098530,0
TX0004098531,0
TX0004098578,0
TX0004098612,0
TX0001237954,0
TX0001237955,1
TX0004088728,0
TX0004088748,0
TX0004088828,0
TX0004088882,0
TX0004088884,0
TX0004088899,0
TX0004088926,0
TX0004088966,0
TX0004088986,0
TX0004089042,0
TX0004089051,0
TX0004089085,0
TX0004089111,0
TX0004089120,0
TX0004089139,0
TX0004089147,0
TX0004089187,0
TX0004089208,0
TX0004089227,0
TX0004089239,0
TX0004089250,0
TX0004089259,0
TX0004089318,0
TX0004089344,0
TX0004089345,0
TX0004089366,0
TX0004089386,0
TX0004089417,0
TX0004089424,0
TX0004089432,0
TX0004089480,0
TX0004089537,0
TX0004089538,0
TX0004089544,0
TX0004089551,0
TX0004089557,0
TX0004089574,0
TX0004089616,0
TX0004089625,0
TX0004089652,0
TX0004089658,0
TX0004089659,0
TX0004089671,0
TX0004089676,0
TX0004089735,0
TX0004089742,0
TX0004089743,0
TX0004089750,0
TX0004089758,0
TX0004089784,0
TX0004089797,0
TX0004089809,0
TX0004089830,0
TX0004089843,0
TX0004089876,0
TX0004089879,0
TX0004089925,0
TX0004089941,0
TX0004089967,0
TX0004089996,0
TX0004089998,0
TX0004090005,0
TX0004090080,0
TX0004090096,0
TX0004090195,0
TX0004090209,0
TX0004090211,0
TX0004090234,0
TX0004090246,0
TX0004090255,0
TX0004090342,0
TX0004090376,0
TX0004090398,0
TX0004090411,0
TX0004090417,0
TX0004090515,0
TX0004090521,0
TX0004090536,0
TX0004090553,0
TX0004090623,0
TX0004090686,0
TX0004090717,0
TX0004090718,0
TX0004090755,0
TX0004090767,0
TX0004090787,0
TX0004090812,0
TX0004090861,0
TX0004090957,0
TX0004090977,0
TX0004091050,0
TX0004091108,0
TX0004091115,0
TX0004091138,0
TX0004091170,0
TX0004091172,0
TX0004091179,0
TX0004091243,0
TX0004091256,0
TX0004091277,0
TX0004091291,0
TX0004091295,0
TX0004091309,0
TX0004091314,0
TX0004091318,0
TX0004091387,0
TX0004091459,0
TX0004091532,0
TX0004091535,0
TX0004091540,0
TX0004091585,0
TX0004091586,0
TX0004091598,0
TX0004091599,0
TX0004091600,0
TX0004091601,0
TX0004091606,0
TX0004091665,0
TX0004091676,0
TX0004091690,0
TX0004091697,0
TX0004091714,0
TX0004091746,0
TX0004091779,0
TX0004091844,0
TX0004091860,0
TX0004091862,0
TX0004091872,0
TX0004091888,0
TX0004091896,0
TX0004091966,0
TX0004092040,0
TX0004092078,0
TX0004092084,0
TX0004092129,0
TX0004092167,0
TX0004092175,0
TX0004092191,0
TX0004092196,0
TX0004092240,0
TX0004092276,0
TX0004092299,0
TX0004092376,0
TX0004092463,0
TX0004092488,0
TX0004092521,0
TX0004092531,0
TX0004092542,0
TX0004092546,0
TX0004092572,0
TX0004092612,0
TX0004092629,0
TX0004092631,0
TX0004092641,0
TX0004092714,0
TX0004092745,0
TX0004092790,0
TX0004092878,0
TX0004092891,0
TX0004092904,0
TX0004092906,0
TX0004092972,0
TX0004092976,0
TX0004092979,0
TX0004092984,0
TX0004092998,0
TX0004093005,0
TX0004093021,0
TX0004093029,0
TX0004093123,0
TX0004093209,0
TX0004093220,0
TX0004093223,0
TX0004093224,0
TX0004093266,0
TX0004093353,0
TX0004093447,0
TX0004093556,0
TX0004093570,0
TX0004093575,0
TX0004093639,0
TX0004093692,0
TX0004093698,0
TX0004093781,0
TX0004093827,0
TX0004093863,0
TX0004093968,0
TX0004094057,0
TX0004094083,0
TX0004094086,0
TX0004094160,0
TX0004094199,0
TX0004094204,0
TX0004094249,0
TX0004094433,0
TX0004094442,0
TX0004094490,0
TX0004094492,0
TX0004094502,0
TX0004094504,0
TX0004094509,0
TX0004094527,0
TX0004094550,0
TX0004094655,0
TX0004094667,0
TX0004094705,0
TX0004094760,0
TX0004094763,0
TX0004094767,0
TX0004094872,0
TX0004094899,0
TX0004094926,0
TX0004094972,0
TX0004094988,0
TX0004095009,0
TX0004095057,0
TX0004095063,0
TX0004095077,0
TX0004095091,0
TX0004095179,0
TX0004095205,0
TX0004095210,0
TX0004095231,0
TX0004095240,0
TX0004095245,0
TX0004095407,0
TX0004095442,0
TX0004095451,0
TX0004095464,0
TX0004095468,0
TX0004095489,0
TX0004095512,0
TX0004095530,0
TX0004095533,0
TX0004095644,0
TX0004095660,0
TX0004095691,0
TX0004095702,0
TX0004095772,0
TX0004095782,0
TX0004095797,0
TX0004095853,0
TX0004095864,0
TX0004095942,0
TX0004095943,0
TX0004095960,0
TX0004096073,0
TX0004096085,0
TX0004096130,0
TX0004096169,0
TX0004096171,0
TX0004096226,0
TX0004096292,0
TX0004096339,0
TX0004096348,0
TX0004096355,0
TX0004096378,0
TX0004096391,0
TX0004096400,0
TX0004096440,0
TX0004096468,0
TX0004096505,0
TX0004096508,0
TX0004096636,0
TX0004096666,0
TX0004096669,0
TX0004096730,0
TX0004096840,0
TX0004096885,0
TX0004096908,0
TX0004096925,0
TX0004096926,0
TX0004096934,0
TX0004096937,0
TX0004097007,0
TX0004097027,0
TX0004097065,0
TX0004097066,0
TX0004097077,0
TX0004097096,0
TX0004097111,0
TX0004097181,0
TX0004097227,0
TX0004097230,0
TX0004097256,0
TX0004097290,0
TX0004097370,0
TX0004097384,0
TX0004097414,0
TX0004097451,0
TX0004097499,0
TX0004097543,0
TX0004097548,0
TX0004097559,0
TX0004097576,0
TX0004097627,0
TX0004097715,0
TX0004097717,0
TX0004097810,0
TX0004097830,0
TX0004097841,0
TX0004097849,0
TX0004097865,0
TX0004097883,0
TX0004097897,0
TX0004097923,0
TX0004097938,0
TX0004097951,0
TX0004097993,0
TX0004097996,0
TX0004098006,0
TX0004098103,0
TX0004098130,0
TX0004098137,0
TX0004098231,0
TX0004098235,0
TX0004098252,0
TX0004098253,0
TX0004098368,0
TX0004098372,0
TX0004098388,0
TX0004098413,0
TX0004098493,0
TX0004098509,0
TX0004098512,0
TX0004098566,0
TX0004098567,0
TX0004098591,0
TX0004098594,0
TX0004098604,0
TX0003785803,0
TX0003785804,0
TX0003785805,1
TX0004088743,0
TX0004088767,0
TX0004088790,0
TX0004088804,0
TX0004088848,0
TX0004088866,0
TX0004088902,0
TX0004088922,0
TX0004088947,0
TX0004088952,0
TX0004089002,0
TX0004089013,0
TX0004089034,0
TX0004089063,0
TX0004089072,0
TX0004089116,0
TX0004089138,0
TX0004089146,0
TX0004089157,0
TX0004089200,0
TX0004089247,0
TX0004089248,0
TX0004089290,0
TX0004089367,0
TX0004089435,0
TX0004089449,0
TX0004089455,0
TX0004089473,0
TX0004089545,0
TX0004089547,0
TX0004089615,0
TX0004089673,0
TX0004089717,0
TX0004089727,0
TX0004089819,0
TX0004089857,0
TX0004089868,0
TX0004089875,0
TX0004089893,0
TX0004089937,0
TX0004089938,0
TX0004090026,0
TX0004090089,0
TX0004090105,0
TX0004090139,0
TX0004090157,0
TX0004090166,0
TX0004090213,0
TX0004090245,0
TX0004090261,0
TX0004090268,0
TX0004090269,0
TX0004090302,0
TX0004090345,0
TX0004090348,0
TX0004090409,0
TX0004090430,0
TX0004090433,0
TX0004090455,0
TX0004090458,0
TX0004090468,0
TX0004090665,0
TX0004090716,0
TX0004090721,0
TX0004090814,0
TX0004090886,0
TX0004091005,0
TX0004091008,0
TX0004091015,0
TX0004091025,0
TX0004091036,0
TX0004091037,0
TX0004091039,0
TX0004091045,0
TX0004091058,0
TX0004091075,0
TX0004091091,0
TX0004091095,0
TX0004091110,0
TX0004091167,0
TX0004091191,0
TX0004091199,0
TX0004091212,0
TX0004091226,0
TX0004091320,0
TX0004091326,0
TX0004091436,0
TX0004091443,0
TX0004091492,0
TX0004091518,0
TX0004091550,0
TX0004091571,0
TX0004091618,0
TX0004091621,0
TX0004091657,0
TX0004091667,0
TX0004091668,0
TX0004091685,0
TX0004091686,0
TX0004091696,0
TX0004091698,0
TX0004091711,0
TX0004091768,0
TX0004091777,0
TX0004091789,0
TX0004091795,0
TX0004091828,0
TX0004091830,0
TX0004091850,0
TX0004091887,0
TX0004091905,0
TX0004091927,0
TX0004091933,0
TX0004091967,0
TX0004091992,0
TX0004092002,0
TX0004092053,0
TX0004092107,0
TX0004092148,0
TX0004092160,0
TX0004092164,0
TX0004092174,0
TX0004092203,0
TX0004092208,0
TX0004092224,0
TX0004092228,0
TX0004092241,0
TX0004092256,0
TX0004092286,0
TX0004092323,0
TX0004092345,0
TX0004092349,0
TX0004092367,0
TX0004092388,0
TX0004092409,0
TX0004092427,0
TX0004092443,0
TX0004092461,0
TX0004092486,0
TX0004092491,0
TX0004092553,0
TX0004092582,0
TX0004092596,0
TX0004092614,0
TX0004092615,0
TX0004092645,0
TX0004092665,0
TX0004092668,0
TX0004092672,0
TX0004092724,0
TX0004092726,0
TX0004092729,0
TX0004092748,0
TX0004092827,0
TX0004092844,0
TX0004092857,0
TX0004092870,0
TX0004092911,0
TX0004092937,0
TX0004092968,0
TX0004092980,0
TX0004092994,0
TX0004092995,0
TX0004093028,0
TX0004093049,0
TX0004093075,0
TX0004093081,0
TX0004093099,0
TX0004093106,0
TX0004093111,0
TX0004093171,0
TX0004093238,0
TX0004093265,0
TX0004093268,0
TX0004093338,0
TX0004093449,0
TX0004093461,0
TX0004093471,0
TX0004093489,0
TX0004093493,0
TX0004093527,0
TX0004093550,0
TX0004093577,0
TX0004093622,0
TX0004093632,0
TX0004093720,0
TX0004093758,0
TX0004093759,0
TX0004093760,0
TX0004093761,0
TX0004093779,0
TX0004093814,0
TX0004093835,0
TX0004093881,0
TX0004093977,0
TX0004093993,0
TX0004094011,0
TX0004094033,0
TX0004094039,0
TX0004094047,0
TX0004094062,0
TX0004094067,0
TX0004094069,0
TX0004094085,0
TX0004094108,0
TX0004094111,0
TX0004094114,0
TX0004094138,0
TX0004094214,0
TX0004094217,0
TX0004094240,0
TX0004094276,0
TX0004094282,0
TX0004094357,0
TX0004094364,0
TX0004094408,0
TX0004094416,0
TX0004094423,0
TX0004094429,0
TX0004094517,0
TX0004094518,0
TX0004094521,0
TX0004094555,0
TX0004094569,0
TX0004094570,0
TX0004094627,0
TX0004094634,0
TX0004094643,0
TX0004094678,0
TX0004094739,0
TX0004094740,0
TX0004094804,0
TX0004094814,0
TX0004094819,0
TX0004094840,0
TX0004094860,0
TX0004094861,0
TX0004094864,0
TX0004094884,0
TX0004094894,0
TX0004094897,0
TX0004094939,0
TX0004095033,0
TX0004095084,0
TX0004095101,0
TX0004095135,0
TX0004095169,0
TX0004095191,0
TX0004095197,0
TX0004095232,0
TX0004095279,0
TX0004095300,0
TX0004095318,0
TX0004095383,0
TX0004095418,0
TX0004095454,0
TX0004095469,0
TX0004095515,0
TX0004095540,0
TX0004095545,0
TX0004095601,0
TX0004095632,0
TX0004095655,0
TX0004095668,0
TX0004095696,0
TX0004095699,0
TX0004095725,0
TX0004095741,0
TX0004095824,0
TX0004095862,0
TX0004095875,0
TX0004095899,0
TX0004095940,0
TX0004095950,0
TX0004096016,0
TX0004096072,0
TX0004096074,0
TX0004096081,0
TX0004096090,0
TX0004096092,0
TX0004096094,0
TX0004096116,0
TX0004096141,0
TX0004096146,0
TX0004096149,0
TX0004096186,0
TX0004096225,0
TX0004096254,0
TX0004096293,0
TX0004096359,0
TX0004096421,0
TX0004096454,0
TX0004096458,0
TX0004096533,0
TX0004096562,0
TX0004096621,0
TX0004096735,0
TX0004096754,0
TX0004096814,0
TX0004096835,0
TX0004096867,0
TX0004096912,0
TX0004096984,0
TX0004097006,0
TX0004097036,0
TX0004097163,0
TX0004097165,0
TX0004097231,0
TX0004097239,0
TX0004097380,0
TX0004097415,0
TX0004097433,0
TX0004097496,0
TX0004097504,0
TX0004097607,0
TX0004097646,0
TX0004097650,0
TX0004097651,0
TX0004097670,0
TX0004097718,0
TX0004097725,0
TX0004097742,0
TX0004097773,0
TX0004097779,0
TX0004097780,0
TX0004097784,0
TX0004097881,0
TX0004097940,0
TX0004097971,0
TX0004098009,0
TX0004098020,0
TX0004098031,0
TX0004098096,0
TX0004098107,0
TX0004098152,0
TX0004098163,0
TX0004098206,0
TX0004098222,0
TX0004098274,0
TX0004098313,0
TX0004098319,0
TX0004098324,0
TX0004098334,0
TX0004098344,0
TX0004098345,0
TX0004098394,0
TX0004098452,0
TX0004098462,0
TX0004098492,0
TX0004098551,0
TX0004098552,0
TX0004098587,0
TX0004098599,0
TX0004088756,0
TX0004088785,0
TX0004088808,0
TX0004088860,0
TX0004088868,0
TX0004088872,0
TX0004088959,0
TX0004088967,0
TX0004088981,0
TX0004088993,0
TX0004089041,0
TX0004089061,0
TX0004089097,0
TX0004089102,0
TX0004089106,0
TX0004089158,0
TX0004089175,0
TX0004089180,0
TX0004089235,0
TX0004089350,0
TX0004089414,0
TX0004089439,0
TX0004089478,0
TX0004089489,0
TX0004089591,0
TX0004089624,0
TX0004089630,0
TX0004089635,0
TX0004089689,0
TX0004089706,0
TX0004089711,0
TX0004089799,0
TX0004089839,0
TX0004089856,0
TX0004089905,0
TX0004089907,0
TX0004089975,0
TX0004089977,0
TX0004090015,0
TX0004090067,0
TX0004090097,0
TX0004090104,0
TX0004090120,0
TX0004090143,0
TX0004090170,0
TX0004090204,0
TX0004090205,0
TX0004090231,0
TX0004090236,0
TX0004090248,0
TX0004090257,0
TX0004090287,0
TX0004090301,0
TX0004090330,0
TX0004090356,0
TX0004090412,0
TX0004090462,0
TX0004090466,0
TX0004090485,0
TX0004090505,0
TX0004090520,0
TX0004090559,0
TX0004090562,0
TX0004090606,0
TX0004090644,0
TX0004090654,0
TX0004090668,0
TX0004090672,0
TX0004090687,0
TX0004090780,0
TX0004090824,0
TX0004090837,0
TX0004090866,0
TX0004090909,0
TX0004090910,0
TX0004090921,0
TX0004090971,0
TX0004090980,0
TX0004091006,0
TX0004091007,0
TX0004091033,0
TX0004091081,0
TX0004091132,0
TX0004091145,0
TX0004091158,0
TX0004091209,0
TX0004091240,0
TX0004091283,0
TX0004091300,0
TX0004091416,0
TX0004091424,0
TX0004091434,0
TX0004091451,0
TX0004091453,0
TX0004091514,0
TX0004091615,0
TX0004091624,0
TX0004091646,0
TX0004091658,0
TX0004091724,0
TX0004091730,0
TX0004091735,0
TX0004091741,0
TX0004091773,0
TX0004091825,0
TX0004091937,0
TX0004091970,0
TX0004091980,0
TX0004091988,0
TX0004092090,0
TX0004092184,0
TX0004092215,0
TX0004092216,0
TX0004092217,0
TX0004092223,0
TX0004092294,0
TX0004092298,0
TX0004092396,0
TX0004092402,0
TX0004092403,0
TX0004092414,0
TX0004092419,0
TX0004092446,0
TX0004092479,0
TX0004092497,0
TX0004092624,0
TX0004092627,0
TX0004092628,0
TX0004092639,0
TX0004092683,0
TX0004092690,0
TX0004092736,0
TX0004092754,0
TX0004092755,0
TX0004092797,0
TX0004092826,0
TX0004092881,0
TX0004092941,0
TX0004093134,0
TX0004093138,0
TX0004093177,0
TX0004093211,0
TX0004093240,0
TX0004093246,0
TX0004093260,0
TX0004093283,0
TX0004093317,0
TX0004093335,0
TX0004093359,0
TX0004093360,0
TX0004093368,0
TX0004093417,0
TX0004093423,0
TX0004093424,0
TX0004093426,0
TX0004093479,0
TX0004093516,0
TX0004093569,0
TX0004093589,0
TX0004093631,0
TX0004093645,0
TX0004093653,0
TX0004093672,0
TX0004093685,0
TX0004093746,0
TX0004093819,0
TX0004093833,0
TX0004093850,0
TX0004093852,0
TX0004093861,0
TX0004093872,0
TX0004093888,0
TX0004093901,0
TX0004093914,0
TX0004093967,0
TX0004094014,0
TX0004094034,0
TX0004094060,0
TX0004094068,0
TX0004094162,0
TX0004094167,0
TX0004094180,0
TX0004094222,0
TX0004094278,0
TX0004094290,0
TX0004094311,0
TX0004094404,0
TX0004094415,0
TX0004094496,0
TX0004094551,0
TX0004094562,0
TX0004094580,0
TX0004094598,0
TX0004094615,0
TX0004094626,0
TX0004094629,0
TX0004094635,0
TX0004094698,0
TX0004094717,0
TX0004094770,0
TX0004094775,0
TX0004094803,0
TX0004094806,0
TX0004094808,0
TX0004094891,0
TX0004095032,0
TX0004095075,0
TX0004095081,0
TX0004095088,0
TX0004095109,0
TX0004095122,0
TX0004095159,0
TX0004095168,0
TX0004095219,0
TX0004095228,0
TX0004095289,0
TX0004095345,0
TX0004095352,0
TX0004095433,0
TX0004095494,0
TX0004095525,0
TX0004095537,0
TX0004095602,0
TX0004095607,0
TX0004095608,0
TX0004095649,0
TX0004095657,0
TX0004095669,0
TX0004095701,0
TX0004095704,0
TX0004095714,0
TX0004095748,0
TX0004095798,0
TX0004095836,0
TX0004095845,0
TX0004096027,0
TX0004096068,0
TX0004096082,0
TX0004096113,0
TX0004096122,0
TX0004096127,0
TX0004096162,0
TX0004096163,0
TX0004096219,0
TX0004096231,0
TX0004096234,0
TX0004096244,0
TX0004096260,0
TX0004096281,0
TX0004096287,0
TX0004096295,0
TX0004096396,0
TX0004096420,0
TX0004096429,0
TX0004096433,0
TX0004096457,0
TX0004096467,0
TX0004096522,0
TX0004096558,0
TX0004096570,0
TX0004096583,0
TX0004096647,0
TX0004096703,0
TX0004096789,0
TX0004096871,0
TX0004096875,0
TX0004096887,0
TX0004096895,0
TX0004096921,0
TX0004096944,0
TX0004096994,0
TX0004097045,0
TX0004097072,0
TX0004097121,0
TX0004097138,0
TX0004097152,0
TX0004097174,0
TX0004097215,0
TX0004097228,0
TX0004097246,0
TX0004097281,0
TX0004097293,0
TX0004097310,0
TX0004097328,0
TX0004097339,0
TX0004097377,0
TX0004097394,0
TX0004097401,0
TX0004097449,0
TX0004097450,0
TX0004097473,0
TX0004097511,0
TX0004097512,0
TX0004097547,0
TX0004097578,0
TX0004097595,0
TX0004097618,0
TX0004097704,0
TX0004097712,0
TX0004097754,0
TX0004097756,0
TX0004097796,0
TX0004097848,0
TX0004097909,0
TX0004097927,0
TX0004097930,0
TX0004097977,0
TX0004097999,0
TX0004098054,0
TX0004098072,0
TX0004098114,0
TX0004098213,0
TX0004098233,0
TX0004098320,0
TX0004098358,0
TX0004098375,0
TX0004098439,0
TX0004098448,0
TX0004098477,0
TX0004098482,0
TX0004098502,0
TX0004098504,0
TX0004098545,0
TX0004098550,0
TX0004098560,0
TX0004098580,0
TX0004098592,0
TX0004098621,0
TX0004098623,0
TX0004098643,0
TX0003444542,1
TX0004088718,0
TX0004088719,0
TX0004088741,0
TX0004088764,0
TX0004088783,0
TX0004088786,0
TX0004088832,0
TX0004088976,0
TX0004089012,0
TX0004089033,0
TX0004089039,0
TX0004089076,0
TX0004089080,0
TX0004089119,0
TX0004089189,0
TX0004089264,0
TX0004089299,0
TX0004089300,0
TX0004089351,0
TX0004089355,0
TX0004089363,0
TX0004089372,0
TX0004089393,0
TX0004089444,0
TX0004089456,0
TX0004089493,0
TX0004089513,0
TX0004089514,0
TX0004089533,0
TX0004089536,0
TX0004089558,0
TX0004089562,0
TX0004089575,0
TX0004089627,0
TX0004089654,0
TX0004089661,0
TX0004089668,0
TX0004089684,0
TX0004089694,0
TX0004089704,0
TX0004089757,0
TX0004089821,0
TX0004089842,0
TX0004089861,0
TX0004089892,0
TX0004089911,0
TX0004089939,0
TX0004089965,0
TX0004090020,0
TX0004090023,0
TX0004090059,0
TX0004090062,0
TX0004090078,0
TX0004090088,0
TX0004090100,0
TX0004090113,0
TX0004090127,0
TX0004090194,0
TX0004090196,0
TX0004090199,0
TX0004090212,0
TX0004090223,0
TX0004090241,0
TX0004090256,0
TX0004090270,0
TX0004090293,0
TX0004090378,0
TX0004090403,0
TX0004090436,0
TX0004090487,0
TX0004090493,0
TX0004090556,0
TX0004090563,0
TX0004090602,0
TX0004090616,0
TX0004090645,0
TX0004090674,0
TX0004090685,0
TX0004090725,0
TX0004090775,0
TX0004090784,0
TX0004090794,0
TX0004090802,0
TX0004090804,0
TX0004090839,0
TX0004090851,0
TX0004090889,0
TX0004090933,0
TX0004090948,0
TX0004090962,0
TX0004090983,0
TX0004091019,0
TX0004091020,0
TX0004091059,0
TX0004091063,0
TX0004091090,0
TX0004091105,0
TX0004091173,0
TX0004091206,0
TX0004091210,0
TX0004091220,0
TX0004091287,0
TX0004091311,0
TX0004091372,0
TX0004091471,0
TX0004091506,0
TX0004091568,0
TX0004091589,0
TX0004091603,0
TX0004091704,0
TX0004091709,0
TX0004091782,0
TX0004091797,0
TX0004091879,0
TX0004091885,0
TX0004091964,0
TX0004092050,0
TX0004092051,0
TX0004092079,0
TX0004092120,0
TX0004092127,0
TX0004092141,0
TX0004092186,0
TX0004092238,0
TX0004092259,0
TX0004092265,0
TX0004092268,0
TX0004092269,0
TX0004092287,0
TX0004092295,0
TX0004092317,0
TX0004092346,0
TX0004092404,0
TX0004092418,0
TX0004092457,0
TX0004092496,0
TX0004092533,0
TX0004092558,0
TX0004092574,0
TX0004092592,0
TX0004092598,0
TX0004092600,0
TX0004092622,0
TX0004092646,0
TX0004092676,0
TX0004092677,0
TX0004092725,0
TX0004092742,0
TX0004092781,0
TX0004092846,0
TX0004092913,0
TX0004092936,0
TX0004092957,0
TX0004092969,0
TX0004092988,0
TX0004093025,0
TX0004093080,0
TX0004093154,0
TX0004093163,0
TX0004093176,0
TX0004093225,0
TX0004093279,0
TX0004093304,0
TX0004093305,0
TX0004093311,0
TX0004093329,0
TX0004093374,0
TX0004093379,0
TX0004093415,0
TX0004093419,0
TX0004093427,0
TX0004093464,0
TX0004093548,0
TX0004093592,0
TX0004093593,0
TX0004093717,0
TX0004093734,0
TX0004093750,0
TX0004093792,0
TX0004093793,0
TX0004093815,0
TX0004093825,0
TX0004093828,0
TX0004093929,0
TX0004094012,0
TX0004094031,0
TX0004094052,0
TX0004094058,0
TX0004094100,0
TX0004094140,0
TX0004094177,0
TX0004094188,0
TX0004094212,0
TX0004094227,0
TX0004094247,0
TX0004094248,0
TX0004094250,0
TX0004094271,0
TX0004094303,0
TX0004094306,0
TX0004094323,0
TX0004094327,0
TX0004094330,0
TX0004094337,0
TX0004094339,0
TX0004094359,0
TX0004094378,0
TX0004094392,0
TX0004094487,0
TX0004094507,0
TX0004094535,0
TX0004094545,0
TX0004094577,0
TX0004094582,0
TX0004094606,0
TX0004094631,0
TX0004094633,0
TX0004094641,0
TX0004094650,0
TX0004094651,0
TX0004094663,0
TX0004094707,0
TX0004094743,0
TX0004094748,0
TX0004094752,0
TX0004094765,0
TX0004094818,0
TX0004094936,0
TX0004094937,0
TX0004094961,0
TX0004094964,0
TX0004094992,0
TX0004095003,0
TX0004095004,0
TX0004095014,0
TX0004095060,0
TX0004095061,0
TX0004095145,0
TX0004095166,0
TX0004095246,0
TX0004095268,0
TX0004095277,0
TX0004095339,0
TX0004095341,0
TX0004095357,0
TX0004095391,0
TX0004095470,0
TX0004095493,0
TX0004095508,0
TX0004095571,0
TX0004095594,0
TX0004095597,0
TX0004095640,0
TX0004095641,0
TX0004095738,0
TX0004095846,0
TX0004095893,0
TX0004095904,0
TX0004095956,0
TX0004095994,0
TX0004096041,0
TX0004096065,0
TX0004096079,0
TX0004096112,0
TX0004096114,0
TX0004096142,0
TX0004096188,0
TX0004096189,0
TX0004096237,0
TX0004096238,0
TX0004096256,0
TX0004096261,0
TX0004096268,0
TX0004096269,0
TX0004096291,0
TX0004096307,0
TX0004096310,0
TX0004096318,0
TX0004096327,0
TX0004096367,0
TX0004096383,0
TX0004096407,0
TX0004096449,0
TX0004096460,0
TX0004096479,0
TX0004096486,0
TX0004096518,0
TX0004096550,0
TX0004096566,0
TX0004096577,0
TX0004096588,0
TX0004096590,0
TX0004096612,0
TX0004096615,0
TX0004096622,0
TX0004096638,0
TX0004096672,0
TX0004096681,0
TX0004096691,0
TX0004096700,0
TX0004096714,0
TX0004096745,0
TX0004096771,0
TX0004096791,0
TX0004096836,0
TX0004096866,0
TX0004096964,0
TX0004096976,0
TX0004097002,0
TX0004097013,0
TX0004097041,0
TX0004097057,0
TX0004097081,0
TX0004097091,0
TX0004097113,0
TX0004097148,0
TX0004097202,0
TX0004097219,0
TX0004097236,0
TX0004097258,0
TX0004097278,0
TX0004097285,0
TX0004097291,0
TX0004097351,0
TX0004097430,0
TX0004097437,0
TX0004097446,0
TX0004097477,0
TX0004097503,0
TX0004097507,0
TX0004097563,0
TX0004097581,0
TX0004097645,0
TX0004097658,0
TX0004097681,0
TX0004097695,0
TX0004097763,0
TX0004097794,0
TX0004097892,0
TX0004097918,0
TX0004097942,0
TX0004097960,0
TX0004097972,0
TX0004098048,0
TX0004098094,0
TX0004098141,0
TX0004098150,0
TX0004098193,0
TX0004098194,0
TX0004098210,0
TX0004098215,0
TX0004098292,0
TX0004098298,0
TX0004098341,0
TX0004098364,0
TX0004098369,0
TX0004098430,0
TX0004098431,0
TX0004098441,0
TX0004098489,0
TX0004098601,0
TX0004098613,0
TX0004098618,0
TX0003703305,0
TX0003703306,1
TX0004088817,0
TX0004088821,0
TX0004088841,0
TX0004088894,0
TX0004088904,0
TX0004088906,0
TX0004088973,0
TX0004088991,0
TX0004088995,0
TX0004089004,0
TX0004089018,0
TX0004089026,0
TX0004089166,0
TX0004089356,0
TX0004089361,0
TX0004089379,0
TX0004089380,0
TX0004089381,0
TX0004089384,0
TX0004089389,0
TX0004089468,0
TX0004089488,0
TX0004089491,0
TX0004089555,0
TX0004089561,0
TX0004089573,0
TX0004089579,0
TX0004089609,0
TX0004089651,0
TX0004089670,0
TX0004089688,0
TX0004089708,0
TX0004089755,0
TX0004089762,0
TX0004089777,0
TX0004089791,0
TX0004089847,0
TX0004089900,0
TX0004089917,0
TX0004089934,0
TX0004089987,0
TX0004090008,0
TX0004090040,0
TX0004090044,0
TX0004090045,0
TX0004090052,0
TX0004090053,0
TX0004090068,0
TX0004090074,0
TX0004090286,0
TX0004090312,0
TX0004090314,0
TX0004090328,0
TX0004090357,0
TX0004090361,0
TX0004090370,0
TX0004090438,0
TX0004090483,0
TX0004090516,0
TX0004090534,0
TX0004090560,0
TX0004090599,0
TX0004090626,0
TX0004090742,0
TX0004090745,0
TX0004090797,0
TX0004090823,0
TX0004090828,0
TX0004090829,0
TX0004090849,0
TX0004090882,0
TX0004090930,0
TX0004090937,0
TX0004090958,0
TX0004090987,0
TX0004091053,0
TX0004091071,0
TX0004091079,0
TX0004091096,0
TX0004091124,0
TX0004091149,0
TX0004091176,0
TX0004091181,0
TX0004091189,0
TX0004091245,0
TX0004091255,0
TX0004091301,0
TX0004091302,0
TX0004091308,0
TX0004091332,0
TX0004091381,0
TX0004091398,0
TX0004091411,0
TX0004091425,0
TX0004091432,0
TX0004091477,0
TX0004091496,0
TX0004091530,0
TX0004091547,0
TX0004091678,0
TX0004091715,0
TX0004091716,0
TX0004091743,0
TX0004091747,0
TX0004091750,0
TX0004091761,0
TX0004091799,0
TX0004091836,0
TX0004091840,0
TX0004091843,0
TX0004091853,0
TX0004091946,0
TX0004091958,0
TX0004091993,0
TX0004092024,0
TX0004092044,0
TX0004092048,0
TX0004092056,0
TX0004092062,0
TX0004092102,0
TX0004092103,0
TX0004092123,0
TX0004092142,0
TX0004092144,0
TX0004092180,0
TX0004092219,0
TX0004092264,0
TX0004092266,0
TX0004092284,0
TX0004092386,0
TX0004092399,0
TX0004092400,0
TX0004092493,0
TX0004092500,0
TX0004092581,0
TX0004092594,0
TX0004092601,0
TX0004092610,0
TX0004092649,0
TX0004092654,0
TX0004092656,0
TX0004092687,0
TX0004092764,0
TX0004092789,0
TX0004092795,0
TX0004092823,0
TX0004092845,0
TX0004092885,0
TX0004092886,0
TX0004092943,0
TX0004093009,0
TX0004093016,0
TX0004093037,0
TX0004093057,0
TX0004093058,0
TX0004093071,0
TX0004093153,0
TX0004093179,0
TX0004093206,0
TX0004093315,0
TX0004093369,0
TX0004093388,0
TX0004093455,0
TX0004093456,0
TX0004093463,0
TX0004093465,0
TX0004093467,0
TX0004093487,0
TX0004093504,0
TX0004093537,0
TX0004093557,0
TX0004093650,0
TX0004093686,0
TX0004093703,0
TX0004093715,0
TX0004093721,0
TX0004093728,0
TX0004093788,0
TX0004093800,0
TX0004093821,0
TX0004093826,0
TX0004093866,0
TX0004093875,0
TX0004093893,0
TX0004093899,0
TX0004093948,0
TX0004094027,0
TX0004094029,0
TX0004094038,0
TX0004094055,0
TX0004094109,0
TX0004094115,0
TX0004094122,0
TX0004094126,0
TX0004094128,0
TX0004094132,0
TX0004094175,0
TX0004094186,0
TX0004094241,0
TX0004094262,0
TX0004094313,0
TX0004094332,0
TX0004094333,0
TX0004094363,0
TX0004094421,0
TX0004094427,0
TX0004094465,0
TX0004094480,0
TX0004094485,0
TX0004094544,0
TX0004094557,0
TX0004094585,0
TX0004094617,0
TX0004094692,0
TX0004094716,0
TX0004094732,0
TX0004094761,0
TX0004094791,0
TX0004094837,0
TX0004094933,0
TX0004094948,0
TX0004094996,0
TX0004095011,0
TX0004095041,0
TX0004095048,0
TX0004095049,0
TX0004095113,0
TX0004095156,0
TX0004095177,0
TX0004095184,0
TX0004095204,0
TX0004095212,0
TX0004095215,0
TX0004095237,0
TX0004095256,0
TX0004095257,0
TX0004095283,0
TX0004095285,0
TX0004095335,0
TX0004095340,0
TX0004095354,0
TX0004095362,0
TX0004095385,0
TX0004095399,0
TX0004095446,0
TX0004095457,0
TX0004095500,0
TX0004095511,0
TX0004095522,0
TX0004095552,0
TX0004095561,0
TX0004095581,0
TX0004095617,0
TX0004095711,0
TX0004095732,0
TX0004095735,0
TX0004095739,0
TX0004095746,0
TX0004095749,0
TX0004095781,0
TX0004095785,0
TX0004095791,0
TX0004095800,0
TX0004095810,0
TX0004095819,0
TX0004095917,0
TX0004095964,0
TX0004095976,0
TX0004095984,0
TX0004096010,0
TX0004096048,0
TX0004096052,0
TX0004096091,0
TX0004096132,0
TX0004096148,0
TX0004096177,0
TX0004096180,0
TX0004096222,0
TX0004096249,0
TX0004096301,0
TX0004096364,0
TX0004096380,0
TX0004096423,0
TX0004096455,0
TX0004096470,0
TX0004096491,0
TX0004096495,0
TX0004096531,0
TX0004096548,0
TX0004096578,0
TX0004096584,0
TX0004096623,0
TX0004096660,0
TX0004096708,0
TX0004096779,0
TX0004096792,0
TX0004096806,0
TX0004096826,0
TX0004096928,0
TX0004096966,0
TX0004096985,0
TX0004096995,0
TX0004097050,0
TX0004097070,0
TX0004097101,0
TX0004097102,0
TX0004097117,0
TX0004097214,0
TX0004097226,0
TX0004097252,0
TX0004097269,0
TX0004097277,0
TX0004097309,0
TX0004097374,0
TX0004097411,0
TX0004097425,0
TX0004097448,0
TX0004097460,0
TX0004097461,0
TX0004097462,0
TX0004097493,0
TX0004097520,0
TX0004097527,0
TX0004097560,0
TX0004097662,0
TX0004097666,0
TX0004097689,0
TX0004097751,0
TX0004097809,1
TX0004097864,0
TX0004097871,0
TX0004097907,0
TX0004097921,0
TX0004097939,0
TX0004097948,0
TX0004097990,0
TX0004098015,0
TX0004098109,0
TX0004098112,0
TX0004098132,0
TX0004098145,0
TX0004098173,0
TX0004098198,0
TX0004098200,0
TX0004098316,0
TX0004098328,0
TX0004098331,0
TX0004098434,0
TX0004098485,0
TX0004098529,0
TX0004098558,0
TX0004098588,0
TX0004098658,0
TX0004098685,0
TX0004098736,0
TX0004098742,0
TX0004098784,0
TX0004098794,0
TX0004098797,0
TX0004098830,0
TX0004098836,0
TX0004098902,0
TX0004098922,0
TX0004099123,0
TX0004099129,0
TX0004099147,0
TX0004099178,0
TX0004099264,0
TX0004099371,0
TX0004099380,0
TX0004099407,0
TX0004099441,0
TX0004099524,0
TX0004099526,0
TX0004099548,0
TX0004099608,0
TX0004099644,0
TX0004099702,0
TX0004099759,0
TX0004099766,0
TX0004099783,0
TX0004099787,0
TX0004099793,0
TX0004099800,0
TX0004099809,0
TX0004099835,0
TX0004099899,0
TX0004099930,0
TX0004099940,0
TX0004099961,0
TX0004099979,0
TX0004100020,0
TX0004100064,0
TX0004100149,0
TX0004100195,0
TX0004100197,0
TX0004100263,0
TX0004100267,0
TX0004100275,0
TX0004100310,0
TX0004100374,0
TX0004100392,0
TX0004100468,0
TX0004100469,0
TX0004100490,0
TX0004100550,0
TX0004100589,0
TX0004100634,0
TX0004100647,0
TX0004100662,0
TX0004100795,0
TX0004100802,0
TX0004100864,0
TX0004100895,0
TX0004101070,0
TX0004101097,0
TX0004101117,0
TX0004101124,0
TX0004101139,0
TX0004101147,0
TX0004101164,0
TX0004101244,0
TX0004101267,0
TX0004101296,0
TX0004101350,0
TX0004101366,0
TX0004101417,0
TX0004101476,0
TX0004101486,0
TX0004101500,0
TX0004101517,0
TX0004101572,0
TX0004101579,0
TX0004101598,0
TX0004101608,0
TX0004101684,0
TX0004101693,0
TX0004101801,0
TX0004101821,0
TX0004101832,0
TX0004101836,0
TX0004101846,0
TX0004101847,0
TX0004101864,0
TX0004101879,0
TX0004101923,0
TX0004101950,0
TX0004102082,0
TX0004102135,0
TX0004102148,0
TX0004102161,0
TX0004102201,0
TX0004102222,0
TX0004102223,0
TX0004102311,0
TX0004102317,0
TX0004102337,0
TX0004102386,0
TX0004102422,0
TX0004102465,0
TX0004102478,0
TX0004102535,0
TX0004102598,0
TX0004102624,0
TX0004102639,0
TX0004102692,0
TX0004102700,0
TX0004102716,0
TX0004102717,0
TX0004102727,0
TX0004102748,0
TX0004102756,0
TX0004102781,0
TX0004102825,0
TX0004102826,0
TX0004102829,0
TX0004102840,0
TX0004102870,0
TX0004102895,0
TX0004102898,0
TX0004102910,0
TX0004102939,0
TX0004102971,0
TX0004103002,0
TX0004103011,0
TX0004103106,0
TX0004103115,0
TX0004103175,0
TX0004103188,0
TX0004103287,0
TX0004103331,0
TX0004103349,0
TX0004103410,0
TX0004103415,0
TX0004103418,0
TX0004103465,0
TX0004103481,0
TX0004103604,0
TX0004103622,0
TX0004103634,0
TX0004103655,0
TX0004103682,0
TX0004103716,0
TX0004103718,0
TX0004103721,0
TX0004103728,0
TX0004103732,0
TX0004103814,0
TX0004103836,0
TX0004103860,0
TX0004103873,0
TX0004103914,0
TX0004103959,0
TX0004103983,0
TX0004103996,0
TX0004104002,0
TX0004104012,0
TX0004104040,0
TX0004104099,0
TX0004104124,0
TX0004104139,0
TX0004104263,0
TX0004104268,0
TX0004104315,0
TX0004104331,0
TX0004104335,0
TX0004104364,0
TX0004104440,0
TX0004104449,0
TX0004104494,0
TX0004104530,0
TX0004104538,0
TX0004104566,0
TX0004104631,0
TX0004104638,0
TX0004104662,0
TX0004104668,0
TX0004104732,0
TX0004104751,0
TX0004104757,0
TX0004104798,0
TX0004104832,0
TX0004104859,0
TX0004104862,0
TX0004104905,0
TX0004104919,0
TX0004104959,0
TX0004104960,0
TX0004104969,0
TX0004104986,0
TX0004105001,0
TX0004105006,0
TX0004105021,0
TX0004105038,0
TX0004105078,0
TX0004105094,0
TX0004105131,0
TX0004105135,0
TX0004105137,0
TX0004105248,0
TX0004105249,0
TX0004105267,0
TX0004105271,0
TX0004105299,0
TX0004105332,0
TX0004105347,0
TX0004105350,0
TX0004105351,0
TX0004105366,0
TX0004105399,0
TX0004105452,0
TX0004105469,0
TX0004105470,0
TX0004105471,0
TX0004105502,0
TX0004105516,0
TX0004105548,0
TX0004105549,0
TX0004105641,0
TX0004105659,0
TX0004105662,0
TX0004105671,0
TX0004105766,0
TX0004105844,0
TX0004105919,0
TX0004105930,0
TX0004105957,0
TX0004105964,0
TX0004105978,0
TX0004106019,0
TX0004106034,0
TX0004106078,0
TX0004106096,0
TX0004106100,0
TX0004106101,0
TX0004106116,0
TX0004106134,0
TX0004106148,0
TX0004106168,0
TX0004106184,0
TX0004106250,0
TX0004106251,0
TX0004106253,0
TX0004106263,0
TX0004106283,0
TX0004106468,0
TX0004106515,0
TX0004106524,0
TX0004106525,0
TX0004106528,0
TX0004106559,0
TX0004106657,0
TX0004106660,0
TX0004106684,0
TX0004106750,0
TX0004106775,0
TX0004106781,0
TX0004106784,0
TX0004106798,0
TX0004106813,0
TX0004106833,0
TX0004106944,0
TX0004106945,0
TX0004106963,0
TX0004106971,0
TX0004107127,0
TX0004107138,0
TX0004107144,0
TX0004107175,0
TX0004107176,0
TX0004107203,0
TX0004107210,0
TX0004107248,0
TX0004107250,0
TX0004107303,0
TX0004107374,0
TX0004107390,0
TX0004107393,0
TX0004107398,0
TX0004107414,0
TX0004107415,0
TX0004107420,0
TX0004107470,0
TX0004107506,0
TX0004107558,0
TX0004107584,0
TX0004107596,0
TX0004107616,0
TX0004107631,0
TX0004107644,0
TX0004107661,0
TX0004107662,0
TX0004107664,0
TX0004107681,0
TX0004107736,0
TX0004107892,0
TX0004107922,0
TX0004107936,0
TX0004107943,0
TX0004107995,0
TX0004108018,0
TX0004108064,0
TX0004108066,0
TX0004108070,0
TX0004108099,0
TX0004108103,0
TX0004108104,0
TX0004108112,0
TX0004108115,0
TX0004108122,0
TX0004108185,0
TX0004108257,0
TX0004108258,0
TX0004108262,0
TX0004108315,0
TX0004108361,0
TX0004108368,0
TX0004108379,0
TX0004108402,0
TX0004108461,0
TX0004108462,0
TX0004108512,0
TX0004108518,0
TX0003906802,0
TX0003906803,1
TX0004098668,0
TX0004098686,0
TX0004098717,0
TX0004098727,0
TX0004098741,0
TX0004098783,0
TX0004098805,0
TX0004098854,0
TX0004098857,0
TX0004098919,0
TX0004098936,0
TX0004098984,0
TX0004099025,0
TX0004099048,0
TX0004099057,0
TX0004099067,0
TX0004099116,0
TX0004099132,0
TX0004099148,0
TX0004099196,0
TX0004099223,0
TX0004099225,0
TX0004099252,0
TX0004099254,0
TX0004099263,0
TX0004099369,0
TX0004099416,0
TX0004099453,0
TX0004099494,0
TX0004099511,0
TX0004099532,0
TX0004099533,0
TX0004099579,0
TX0004099677,0
TX0004099712,0
TX0004099719,0
TX0004099752,0
TX0004099762,0
TX0004099774,0
TX0004099779,0
TX0004099810,0
TX0004099813,0
TX0004099838,0
TX0004099841,0
TX0004099917,0
TX0004099925,0
TX0004099948,0
TX0004099959,0
TX0004099985,0
TX0004100002,0
TX0004100038,0
TX0004100050,0
TX0004100092,0
TX0004100094,0
TX0004100097,0
TX0004100121,0
TX0004100124,0
TX0004100131,0
TX0004100136,0
TX0004100179,0
TX0004100255,0
TX0004100271,0
TX0004100307,0
TX0004100309,0
TX0004100367,0
TX0004100399,0
TX0004100412,0
TX0004100417,0
TX0004100461,0
TX0004100569,0
TX0004100584,0
TX0004100587,0
TX0004100609,0
TX0004100612,0
TX0004100641,0
TX0004100745,0
TX0004100780,0
TX0004100808,0
TX0004100859,0
TX0004100892,0
TX0004100939,0
TX0004100947,0
TX0004100965,0
TX0004101066,0
TX0004101072,0
TX0004101077,0
TX0004101143,0
TX0004101169,0
TX0004101177,0
TX0004101197,0
TX0004101235,0
TX0004101295,0
TX0004101338,0
TX0004101378,0
TX0004101448,0
TX0004101464,0
TX0004101467,0
TX0004101496,0
TX0004101560,0
TX0004101584,0
TX0004101604,0
TX0004101620,0
TX0004101627,0
TX0004101640,0
TX0004101672,0
TX0004101674,0
TX0004101683,0
TX0004101732,0
TX0004101797,0
TX0004101803,0
TX0004101814,0
TX0004101865,0
TX0004101918,0
TX0004101924,0
TX0004101980,0
TX0004101994,0
TX0004102001,0
TX0004102030,0
TX0004102047,0
TX0004102048,0
TX0004102054,0
TX0004102056,0
TX0004102061,0
TX0004102102,0
TX0004102109,0
TX0004102115,0
TX0004102124,0
TX0004102133,0
TX0004102153,0
TX0004102215,0
TX0004102271,0
TX0004102287,0
TX0004102342,0
TX0004102449,0
TX0004102500,0
TX0004102501,0
TX0004102508,0
TX0004102529,0
TX0004102544,0
TX0004102554,0
TX0004102618,0
TX0004102623,0
TX0004102678,0
TX0004102766,0
TX0004102778,0
TX0004102786,0
TX0004102794,0
TX0004102798,0
TX0004102804,0
TX0004102811,0
TX0004102869,0
TX0004102879,0
TX0004102892,0
TX0004102897,0
TX0004102915,0
TX0004102943,0
TX0004103012,0
TX0004103015,0
TX0004103019,0
TX0004103020,0
TX0004103058,0
TX0004103059,0
TX0004103078,0
TX0004103128,0
TX0004103148,0
TX0004103150,0
TX0004103164,0
TX0004103285,0
TX0004103374,0
TX0004103388,0
TX0004103396,0
TX0004103412,0
TX0004103425,0
TX0004103461,0
TX0004103477,0
TX0004103501,0
TX0004103504,0
TX0004103522,0
TX0004103525,0
TX0004103601,0
TX0004103647,0
TX0004103686,0
TX0004103695,0
TX0004103796,0
TX0004103825,0
TX0004103834,0
TX0004103835,0
TX0004103855,0
TX0004103884,0
TX0004103909,0
TX0004103926,0
TX0004103965,0
TX0004104055,0
TX0004104128,0
TX0004104167,0
TX0004104210,0
TX0004104212,0
TX0004104223,0
TX0004104225,0
TX0004104232,0
TX0004104237,0
TX0004104249,0
TX0004104250,0
TX0004104292,0
TX0004104377,0
TX0004104386,0
TX0004104398,0
TX0004104411,0
TX0004104511,0
TX0004104537,0
TX0004104570,0
TX0004104576,0
TX0004104699,0
TX0004104700,0
TX0004104868,0
TX0004104884,0
TX0004104890,0
TX0004104943,0
TX0004104991,0
TX0004104998,0
TX0004105000,0
TX0004105014,0
TX0004105053,0
TX0004105144,0
TX0004105198,0
TX0004105199,0
TX0004105206,0
TX0004105207,0
TX0004105225,0
TX0004105238,0
TX0004105246,0
TX0004105247,0
TX0004105260,0
TX0004105261,0
TX0004105275,0
TX0004105344,0
TX0004105348,0
TX0004105360,0
TX0004105403,0
TX0004105412,0
TX0004105472,0
TX0004105518,0
TX0004105527,0
TX0004105575,0
TX0004105615,0
TX0004105633,0
TX0004105735,0
TX0004105848,0
TX0004105854,0
TX0004105912,0
TX0004105921,0
TX0004105966,0
TX0004105986,0
TX0004106021,0
TX0004106132,0
TX0004106147,0
TX0004106225,0
TX0004106229,0
TX0004106268,0
TX0004106304,0
TX0004106327,0
TX0004106330,0
TX0004106344,0
TX0004106440,0
TX0004106444,0
TX0004106498,0
TX0004106502,0
TX0004106517,0
TX0004106533,0
TX0004106539,0
TX0004106546,0
TX0004106554,0
TX0004106564,0
TX0004106596,0
TX0004106632,0
TX0004106671,0
TX0004106675,0
TX0004106702,0
TX0004106880,0
TX0004106881,0
TX0004106891,0
TX0004106964,0
TX0004106973,0
TX0004106991,0
TX0004107026,0
TX0004107035,0
TX0004107046,0
TX0004107090,0
TX0004107100,0
TX0004107101,0
TX0004107115,0
TX0004107153,0
TX0004107158,0
TX0004107168,0
TX0004107206,0
TX0004107268,0
TX0004107333,0
TX0004107344,0
TX0004107409,0
TX0004107562,0
TX0004107632,0
TX0004107703,0
TX0004107714,0
TX0004107726,0
TX0004107730,0
TX0004107750,0
TX0004107798,0
TX0004107825,0
TX0004107898,0
TX0004107899,0
TX0004107952,0
TX0004107960,0
TX0004107967,0
TX0004107971,0
TX0004107980,0
TX0004108040,0
TX0004108072,0
TX0004108090,0
TX0004108111,0
TX0004108143,0
TX0004108176,0
TX0004108269,0
TX0004108292,0
TX0004108318,0
TX0004108331,0
TX0004108369,0
TX0004108373,0
TX0004108396,0
TX0004108430,0
TX0004108460,0
TX0004108493,0
TX0004098669,0
TX0004098721,0
TX0004098730,0
TX0004098731,0
TX0004098758,0
TX0004098810,0
TX0004098851,0
TX0004098908,0
TX0004098973,0
TX0004098996,0
TX0004099049,0
TX0004099052,0
TX0004099146,0
TX0004099159,0
TX0004099242,0
TX0004099262,0
TX0004099287,0
TX0004099333,0
TX0004099444,0
TX0004099457,0
TX0004099471,0
TX0004099485,0
TX0004099496,0
TX0004099570,0
TX0004099574,0
TX0004099622,0
TX0004099711,0
TX0004099714,0
TX0004099777,0
TX0004099842,0
TX0004099891,0
TX0004099893,0
TX0004099928,0
TX0004099952,0
TX0004099955,0
TX0004099991,0
TX0004100027,0
TX0004100065,0
TX0004100118,0
TX0004100182,0
TX0004100268,0
TX0004100302,0
TX0004100351,0
TX0004100354,0
TX0004100385,0
TX0004100386,0
TX0004100406,0
TX0004100426,0
TX0004100476,0
TX0004100480,0
TX0004100505,0
TX0004100523,0
TX0004100534,0
TX0004100553,0
TX0004100618,0
TX0004100629,0
TX0004100654,0
TX0004100660,0
TX0004100683,0
TX0004100691,0
TX0004100696,0
TX0004100701,0
TX0004100728,0
TX0004100766,0
TX0004100770,0
TX0004100830,0
TX0004100866,0
TX0004100886,0
TX0004100888,0
TX0004100899,0
TX0004100917,0
TX0004100954,0
TX0004101027,0
TX0004101173,0
TX0004101185,0
TX0004101192,0
TX0004101256,0
TX0004101298,0
TX0004101325,0
TX0004101330,0
TX0004101407,0
TX0004101438,0
TX0004101442,0
TX0004101443,0
TX0004101474,0
TX0004101483,0
TX0004101498,0
TX0004101520,0
TX0004101545,0
TX0004101568,0
TX0004101633,0
TX0004101658,0
TX0004101663,0
TX0004101676,0
TX0004101682,0
TX0004101810,0
TX0004101839,0
TX0004101840,0
TX0004101908,0
TX0004101920,0
TX0004101922,0
TX0004101961,0
TX0004101964,0
TX0004101973,0
TX0004101998,0
TX0004101999,0
TX0004102011,0
TX0004102152,0
TX0004102218,0
TX0004102220,0
TX0004102240,0
TX0004102250,0
TX0004102274,0
TX0004102300,0
TX0004102301,0
TX0004102314,0
TX0004102336,0
TX0004102347,0
TX0004102379,0
TX0004102384,0
TX0004102411,0
TX0004102429,0
TX0004102484,0
TX0004102520,0
TX0004102555,0
TX0004102610,0
TX0004102632,0
TX0004102647,0
TX0004102656,0
TX0004102709,0
TX0004102772,0
TX0004102793,0
TX0004102827,0
TX0004102864,0
TX0004102868,0
TX0004102887,0
TX0004102888,0
TX0004102926,0
TX0004102995,0
TX0004103040,0
TX0004103069,0
TX0004103107,0
TX0004103116,0
TX0004103140,0
TX0004103145,0
TX0004103152,0
TX0004103162,0
TX0004103170,0
TX0004103189,0
TX0004103208,0
TX0004103246,0
TX0004103298,0
TX0004103304,0
TX0004103307,0
TX0004103348,0
TX0004103397,0
TX0004103413,0
TX0004103434,0
TX0004103454,0
TX0004103460,0
TX0004103463,0
TX0004103550,0
TX0004103660,0
TX0004103664,0
TX0004103683,0
TX0004103688,0
TX0004103731,0
TX0004103741,0
TX0004103818,0
TX0004103819,0
TX0004103843,0
TX0004103859,0
TX0004103937,0
TX0004103981,0
TX0004104032,0
TX0004104180,0
TX0004104199,0
TX0004104233,0
TX0004104261,0
TX0004104277,0
TX0004104310,0
TX0004104324,0
TX0004104333,0
TX0004104343,0
TX0004104363,0
TX0004104374,0
TX0004104409,0
TX0004104412,0
TX0004104417,0
TX0004104429,0
TX0004104441,0
TX0004104442,0
TX0004104448,0
TX0004104451,0
TX0004104533,0
TX0004104554,0
TX0004104574,0
TX0004104706,0
TX0004104790,0
TX0004104829,0
TX0004104874,0
TX0004104931,0
TX0004104935,0
TX0004104973,0
TX0004104974,0
TX0004105010,0
TX0004105106,0
TX0004105148,0
TX0004105161,0
TX0004105164,0
TX0004105173,0
TX0004105295,0
TX0004105300,0
TX0004105321,0
TX0004105324,0
TX0004105390,0
TX0004105395,0
TX0004105400,0
TX0004105428,0
TX0004105585,0
TX0004105589,0
TX0004105655,0
TX0004105695,0
TX0004105711,0
TX0004105770,0
TX0004105829,0
TX0004105849,0
TX0004105873,0
TX0004105889,0
TX0004105934,0
TX0004105977,0
TX0004105987,0
TX0004106043,0
TX0004106062,0
TX0004106107,0
TX0004106108,0
TX0004106140,0
TX0004106169,0
TX0004106192,0
TX0004106194,0
TX0004106198,0
TX0004106216,0
TX0004106235,0
TX0004106289,0
TX0004106332,0
TX0004106335,0
TX0004106363,0
TX0004106374,0
TX0004106376,0
TX0004106401,0
TX0004106405,0
TX0004106493,0
TX0004106536,0
TX0004106544,0
TX0004106545,0
TX0004106561,0
TX0004106604,0
TX0004106683,0
TX0004106803,0
TX0004106889,0
TX0004106899,0
TX0004106902,0
TX0004106941,0
TX0004106942,0
TX0004107014,0
TX0004107124,0
TX0004107150,0
TX0004107179,0
TX0004107254,0
TX0004107255,0
TX0004107299,0
TX0004107301,0
TX0004107317,0
TX0004107329,0
TX0004107339,0
TX0004107357,0
TX0004107377,0
TX0004107378,0
TX0004107381,0
TX0004107456,0
TX0004107476,0
TX0004107490,0
TX0004107513,0
TX0004107519,0
TX0004107556,0
TX0004107563,0
TX0004107595,0
TX0004107626,0
TX0004107638,0
TX0004107672,0
TX0004107692,0
TX0004107745,0
TX0004107746,0
TX0004107818,0
TX0004107840,0
TX0004107860,0
TX0004107983,0
TX0004108034,0
TX0004108084,0
TX0004108147,0
TX0004108153,0
TX0004108180,0
TX0004108197,0
TX0004108272,0
TX0004108391,0
TX0004108398,0
TX0004108410,0
TX0004108452,0
TX0004108455,0
TX0004108468,0
TX0004108499,0
TX0004108506,0
TX0004108511,0
TX0004108527,0
TX0004098713,0
TX0004098754,0
TX0004098775,0
TX0004098813,0
TX0004098828,0
TX0004098839,0
TX0004098855,0
TX0004098874,0
TX0004098918,0
TX0004098956,0
TX0004098999,0
TX0004099007,0
TX0004099015,0
TX0004099020,0
TX0004099030,0
TX0004099100,0
TX0004099170,0
TX0004099171,0
TX0004099172,0
TX0004099193,0
TX0004099204,0
TX0004099215,0
TX0004099261,0
TX0004099280,0
TX0004099302,0
TX0004099322,0
TX0004099345,0
TX0004099363,0
TX0004099405,0
TX0004099411,0
TX0004099483,0
TX0004099518,0
TX0004099538,0
TX0004099586,0
TX0004099588,0
TX0004099602,0
TX0004099611,0
TX0004099624,0
TX0004099637,0
TX0004099684,0
TX0004099685,0
TX0004099713,0
TX0004099724,0
TX0004099780,0
TX0004099805,0
TX0004099811,0
TX0004099816,0
TX0004099887,0
TX0004099913,0
TX0004099920,0
TX0004099936,0
TX0004099937,0
TX0004099938,0
TX0004099958,0
TX0004099982,0
TX0004100074,0
TX0004100115,0
TX0004100188,0
TX0004100194,0
TX0004100214,0
TX0004100237,0
TX0004100238,0
TX0004100241,0
TX0004100265,0
TX0004100313,0
TX0004100318,0
TX0004100326,0
TX0004100359,0
TX0004100362,0
TX0004100404,0
TX0004100422,0
TX0004100427,0
TX0004100434,0
TX0004100515,0
TX0004100522,0
TX0004100527,0
TX0004100565,0
TX0004100571,0
TX0004100579,0
TX0004100593,0
TX0004100631,0
TX0004100706,0
TX0004100750,0
TX0004100789,0
TX0004100791,0
TX0004100803,0
TX0004100930,0
TX0004100932,0
TX0004100952,0
TX0004101014,0
TX0004101042,0
TX0004101126,0
TX0004101144,0
TX0004101191,0
TX0004101224,0
TX0004101238,0
TX0004101264,0
TX0004101349,0
TX0004101367,0
TX0004101388,0
TX0004101420,0
TX0004101421,0
TX0004101462,0
TX0004101479,0
TX0004101594,0
TX0004101644,0
TX0004101648,0
TX0004101686,0
TX0004101726,0
TX0004101772,0
TX0004101790,0
TX0004101807,0
TX0004101884,0
TX0004101887,0
TX0004101926,0
TX0004101969,0
TX0004101975,0
TX0004101983,0
TX0004102158,0
TX0004102179,0
TX0004102192,0
TX0004102209,0
TX0004102233,0
TX0004102246,0
TX0004102326,0
TX0004102334,0
TX0004102364,0
TX0004102395,0
TX0004102402,0
TX0004102438,0
TX0004102446,0
TX0004102456,0
TX0004102495,0
TX0004102517,0
TX0004102606,0
TX0004102631,0
TX0004102669,0
TX0004102671,0
TX0004102681,0
TX0004102691,0
TX0004102699,0
TX0004102722,0
TX0004102728,0
TX0004102733,0
TX0004102813,0
TX0004102816,0
TX0004102842,0
TX0004102849,0
TX0004102865,0
TX0004102880,0
TX0004102948,0
TX0004102977,0
TX0004103001,0
TX0004103024,0
TX0004103038,0
TX0004103111,0
TX0004103201,0
TX0004103203,0
TX0004103214,0
TX0004103245,0
TX0004103256,0
TX0004103269,0
TX0004103471,0
TX0004103473,0
TX0004103482,0
TX0004103516,0
TX0004103579,0
TX0004103615,0
TX0004103717,0
TX0004103770,0
TX0004103772,0
TX0004103850,0
TX0004103871,0
TX0004103911,0
TX0004103931,0
TX0004104015,0
TX0004104110,0
TX0004104181,0
TX0004104190,0
TX0004104206,0
TX0004104280,0
TX0004104286,0
TX0004104294,0
TX0004104303,0
TX0004104311,0
TX0004104313,0
TX0004104314,0
TX0004104351,0
TX0004104421,0
TX0004104422,0
TX0004104446,0
TX0004104470,0
TX0004104503,0
TX0004104545,0
TX0004104575,0
TX0004104582,0
TX0004104600,0
TX0004104614,0
TX0004104622,0
TX0004104655,0
TX0004104656,0
TX0004104680,0
TX0004104705,0
TX0004104768,0
TX0004104807,0
TX0004104808,0
TX0004104809,0
TX0004104820,0
TX0004104858,0
TX0004104903,0
TX0004104915,0
TX0004104987,0
TX0004104988,0
TX0004105027,0
TX0004105076,0
TX0004105081,0
TX0004105089,0
TX0004105105,0
TX0004105117,0
TX0004105130,0
TX0004105178,0
TX0004105186,0
TX0004105192,0
TX0004105236,0
TX0004105309,0
TX0004105322,0
TX0004105325,0
TX0004105376,0
TX0004105421,0
TX0004105423,0
TX0004105440,0
TX0004105473,0
TX0004105501,0
TX0004105557,0
TX0004105590,0
TX0004105623,0
TX0004105627,0
TX0004105673,0
TX0004105704,0
TX0004105806,0
TX0004105835,0
TX0004105855,0
TX0004105867,0
TX0004105962,0
TX0004106047,0
TX0004106086,0
TX0004106187,0
TX0004106341,0
TX0004106354,0
TX0004106356,0
TX0004106365,0
TX0004106372,0
TX0004106391,0
TX0004106418,0
TX0004106420,0
TX0004106432,0
TX0004106434,0
TX0004106438,0
TX0004106516,0
TX0004106520,0
TX0004106552,0
TX0004106587,0
TX0004106588,0
TX0004106597,0
TX0004106600,0
TX0004106612,0
TX0004106623,0
TX0004106640,0
TX0004106679,0
TX0004106706,0
TX0004106728,0
TX0004106733,0
TX0004106746,0
TX0004106767,0
TX0004106866,0
TX0004106990,0
TX0004107070,0
TX0004107103,0
TX0004107182,0
TX0004107190,0
TX0004107295,0
TX0004107307,0
TX0004107315,0
TX0004107392,0
TX0004107553,0
TX0004107570,0
TX0004107599,0
TX0004107610,0
TX0004107617,0
TX0004107654,0
TX0004107699,0
TX0004107707,0
TX0004107735,0
TX0004107747,0
TX0004107761,0
TX0004107762,0
TX0004107801,0
TX0004107826,0
TX0004107827,0
TX0004107881,0
TX0004107905,0
TX0004107927,0
TX0004107956,0
TX0004107964,0
TX0004107985,0
TX0004107988,0
TX0004107989,0
TX0004108004,0
TX0004108027,0
TX0004108106,0
TX0004108146,0
TX0004108155,0
TX0004108170,0
TX0004108179,0
TX0004108198,0
TX0004108201,0
TX0004108320,0
TX0004108381,0
TX0004108441,0
TX0004108442,0
TX0003469198,0
TX0003469199,1
TX0004098651,0
TX0004098748,0
TX0004098767,0
TX0004098779,0
TX0004098802,0
TX0004098844,0
TX0004098888,0
TX0004098965,0
TX0004099002,0
TX0004099070,0
TX0004099072,0
TX0004099114,0
TX0004099121,0
TX0004099135,0
TX0004099166,0
TX0004099179,0
TX0004099180,0
TX0004099185,0
TX0004099211,0
TX0004099301,0
TX0004099355,0
TX0004099375,0
TX0004099397,0
TX0004099435,0
TX0004099452,0
TX0004099498,0
TX0004099525,0
TX0004099527,0
TX0004099557,0
TX0004099564,0
TX0004099567,0
TX0004099616,0
TX0004099721,0
TX0004099742,0
TX0004099765,0
TX0004099775,0
TX0004099843,0
TX0004099855,0
TX0004099890,0
TX0004099975,0
TX0004099995,0
TX0004099996,0
TX0004100102,0
TX0004100107,0
TX0004100110,0
TX0004100187,0
TX0004100204,0
TX0004100208,0
TX0004100248,0
TX0004100252,0
TX0004100366,0
TX0004100390,0
TX0004100486,0
TX0004100514,0
TX0004100518,0
TX0004100555,0
TX0004100586,0
TX0004100598,0
TX0004100689,0
TX0004100704,0
TX0004100739,0
TX0004100792,0
TX0004100797,0
TX0004100834,0
TX0004100872,0
TX0004100875,0
TX0004100951,0
TX0004100984,0
TX0004100989,0
TX0004101005,0
TX0004101049,0
TX0004101086,0
TX0004101089,0
TX0004101092,0
TX0004101113,0
TX0004101128,0
TX0004101170,0
TX0004101201,0
TX0004101227,0
TX0004101230,0
TX0004101234,0
TX0004101257,0
TX0004101292,0
TX0004101309,0
TX0004101352,0
TX0004101370,0
TX0004101379,0
TX0004101393,0
TX0004101395,0
TX0004101398,0
TX0004101408,0
TX0004101425,0
TX0004101435,0
TX0004101456,0
TX0004101475,0
TX0004101506,0
TX0004101552,0
TX0004101566,0
TX0004101573,0
TX0004101575,0
TX0004101578,0
TX0004101596,0
TX0004101624,0
TX0004101717,0
TX0004101799,0
TX0004101822,0
TX0004101837,0
TX0004101853,0
TX0004101886,0
TX0004101890,0
TX0004101894,0
TX0004101956,0
TX0004101972,0
TX0004102051,0
TX0004102052,0
TX0004102075,0
TX0004102078,0
TX0004102136,0
TX0004102138,0
TX0004102141,0
TX0004102210,0
TX0004102225,0
TX0004102238,0
TX0004102313,0
TX0004102315,0
TX0004102360,0
TX0004102388,0
TX0004102409,0
TX0004102415,0
TX0004102440,0
TX0004102514,0
TX0004102524,0
TX0004102565,0
TX0004102581,0
TX0004102616,0
TX0004102661,0
TX0004102764,0
TX0004102773,0
TX0004102795,0
TX0004102820,0
TX0004102906,0
TX0004102911,0
TX0004102935,0
TX0004102941,0
TX0004103022,0
TX0004103080,0
TX0004103105,0
TX0004103112,0
TX0004103166,0
TX0004103179,0
TX0004103190,0
TX0004103243,0
TX0004103248,0
TX0004103251,0
TX0004103302,0
TX0004103311,0
TX0004103325,0
TX0004103351,0
TX0004103406,0
TX0004103423,0
TX0004103437,0
TX0004103479,0
TX0004103513,0
TX0004103532,0
TX0004103572,0
TX0004103691,0
TX0004103748,0
TX0004103786,0
TX0004103851,0
TX0004103887,0
TX0004103898,0
TX0004103930,0
TX0004103980,0
TX0004103993,0
TX0004104029,0
TX0004104044,0
TX0004104072,0
TX0004104080,0
TX0004104085,0
TX0004104101,0
TX0004104116,0
TX0004104130,0
TX0004104141,0
TX0004104172,0
TX0004104175,0
TX0004104187,0
TX0004104195,0
TX0004104227,0
TX0004104234,0
TX0004104239,0
TX0004104297,0
TX0004104309,0
TX0004104332,0
TX0004104336,0
TX0004104348,0
TX0004104385,0
TX0004104501,0
TX0004104514,0
TX0004104536,0
TX0004104539,0
TX0004104551,0
TX0004104568,0
TX0004104598,0
TX0004104601,0
TX0004104634,0
TX0004104658,0
TX0004104710,0
TX0004104711,0
TX0004104725,0
TX0004104758,0
TX0004104803,0
TX0004104806,0
TX0004104833,0
TX0004104840,0
TX0004104869,0
TX0004104877,0
TX0004104909,0
TX0004104979,0
TX0004104984,0
TX0004105028,0
TX0004105031,0
TX0004105048,0
TX0004105136,0
TX0004105163,0
TX0004105221,0
TX0004105235,0
TX0004105256,0
TX0004105259,0
TX0004105282,0
TX0004105293,0
TX0004105359,0
TX0004105367,0
TX0004105380,0
TX0004105396,0
TX0004105405,0
TX0004105406,0
TX0004105413,0
TX0004105433,0
TX0004105476,0
TX0004105480,0
TX0004105486,0
TX0004105488,0
TX0004105533,0
TX0004105534,0
TX0004105535,0
TX0004105537,0
TX0004105544,0
TX0004105559,0
TX0004105637,0
TX0004105646,0
TX0004105663,0
TX0004105690,0
TX0004105707,0
TX0004105719,0
TX0004105742,0
TX0004105791,0
TX0004105794,0
TX0004105932,0
TX0004105970,0
TX0004106032,0
TX0004106035,0
TX0004106070,0
TX0004106093,0
TX0004106095,0
TX0004106127,0
TX0004106179,0
TX0004106182,0
TX0004106185,0
TX0004106205,0
TX0004106224,0
TX0004106231,0
TX0004106336,0
TX0004106353,0
TX0004106445,0
TX0004106489,0
TX0004106501,0
TX0004106509,0
TX0004106578,0
TX0004106617,0
TX0004106649,0
TX0004106688,0
TX0004106692,0
TX0004106693,0
TX0004106806,0
TX0004106825,0
TX0004106855,0
TX0004106871,0
TX0004106916,0
TX0004106980,0
TX0004107012,0
TX0004107042,0
TX0004107057,0
TX0004107108,0
TX0004107111,0
TX0004107122,0
TX0004107191,0
TX0004107200,0
TX0004107215,0
TX0004107253,0
TX0004107289,0
TX0004107290,0
TX0004107309,0
TX0004107320,0
TX0004107325,0
TX0004107354,0
TX0004107474,0
TX0004107503,0
TX0004107539,0
TX0004107543,0
TX0004107554,0
TX0004107568,0
TX0004107591,0
TX0004107627,0
TX0004107751,0
TX0004107752,0
TX0004107779,0
TX0004107796,0
TX0004107810,0
TX0004107865,0
TX0004107925,0
TX0004107965,0
TX0004108000,0
TX0004108021,0
TX0004108130,0
TX0004108163,0
TX0004108223,0
TX0004108230,0
TX0004108235,0
TX0004108244,0
TX0004108275,0
TX0004108279,0
TX0004108309,0
TX0004108346,0
TX0004108397,0
TX0004108436,0
TX0004108482,0
TX0004108525,0
TX0004108529,0
TX0004098649,0
TX0004098664,0
TX0004098684,0
TX0004098700,0
TX0004098726,0
TX0004098778,0
TX0004098782,0
TX0004098795,0
TX0004098800,0
TX0004098812,0
TX0004098872,0
TX0004098943,0
TX0004098953,0
TX0004098954,0
TX0004098970,0
TX0004098975,0
TX0004099024,0
TX0004099092,0
TX0004099095,0
TX0004099145,0
TX0004099162,0
TX0004099169,0
TX0004099269,0
TX0004099275,0
TX0004099289,0
TX0004099298,0
TX0004099330,0
TX0004099337,0
TX0004099351,0
TX0004099401,0
TX0004099409,0
TX0004099414,0
TX0004099420,0
TX0004099421,0
TX0004099436,0
TX0004099461,0
TX0004099516,0
TX0004099529,0
TX0004099546,0
TX0004099576,0
TX0004099603,0
TX0004099614,0
TX0004099631,0
TX0004099647,0
TX0004099650,0
TX0004099665,0
TX0004099694,0
TX0004099710,0
TX0004099740,0
TX0004099791,0
TX0004099794,0
TX0004099858,0
TX0004099865,0
TX0004099875,0
TX0004099906,0
TX0004099909,0
TX0004099941,0
TX0004100052,0
TX0004100088,0
TX0004100224,0
TX0004100230,0
TX0004100295,0
TX0004100335,0
TX0004100445,0
TX0004100459,0
TX0004100498,0
TX0004100513,0
TX0004100528,0
TX0004100562,0
TX0004100563,0
TX0004100564,0
TX0004100597,0
TX0004100639,0
TX0004100686,0
TX0004100737,0
TX0004100752,0
TX0004100768,0
TX0004100788,0
TX0004100814,0
TX0004100855,0
TX0004100857,0
TX0004100858,0
TX0004100898,0
TX0004100910,0
TX0004100988,0
TX0004100991,0
TX0004101025,0
TX0004101034,0
TX0004101076,0
TX0004101109,0
TX0004101110,0
TX0004101120,0
TX0004101121,0
TX0004101123,0
TX0004101160,0
TX0004101193,0
TX0004101213,0
TX0004101274,0
TX0004101283,0
TX0004101300,0
TX0004101400,0
TX0004101453,0
TX0004101484,0
TX0004101516,0
TX0004101527,0
TX0004101528,0
TX0004101543,0
TX0004101613,0
TX0004101721,0
TX0004101730,0
TX0004101742,0
TX0004101752,0
TX0004101770,0
TX0004101781,0
TX0004101855,0
TX0004101874,0
TX0004101893,0
TX0004101897,0
TX0004101948,0
TX0004102072,0
TX0004102074,0
TX0004102196,0
TX0004102216,0
TX0004102264,0
TX0004102295,0
TX0004102312,0
TX0004102316,0
TX0004102325,0
TX0004102333,0
TX0004102354,0
TX0004102375,0
TX0004102439,0
TX0004102468,0
TX0004102480,0
TX0004102505,0
TX0004102551,0
TX0004102685,0
TX0004102706,0
TX0004102750,0
TX0004102771,0
TX0004102776,0
TX0004102789,0
TX0004102803,0
TX0004102856,0
TX0004102937,0
TX0004102940,0
TX0004102954,0
TX0004102974,0
TX0004103013,0
TX0004103033,0
TX0004103036,0
TX0004103042,0
TX0004103064,0
TX0004103066,0
TX0004103085,0
TX0004103090,0
TX0004103126,0
TX0004103138,0
TX0004103259,0
TX0004103306,0
TX0004103322,0
TX0004103360,0
TX0004103367,0
TX0004103408,0
TX0004103414,0
TX0004103430,0
TX0004103464,0
TX0004103474,0
TX0004103500,0
TX0004103510,0
TX0004103545,0
TX0004103557,0
TX0004103560,0
TX0004103591,0
TX0004103676,0
TX0004103693,0
TX0004103694,0
TX0004103745,0
TX0004103762,0
TX0004103794,0
TX0004103800,0
TX0004103808,0
TX0004103822,0
TX0004103833,0
TX0004103883,0
TX0004104000,0
TX0004104046,0
TX0004104050,0
TX0004104053,0
TX0004104121,0
TX0004104122,0
TX0004104169,0
TX0004104174,0
TX0004104186,0
TX0004104201,0
TX0004104553,0
TX0004104584,0
TX0004104591,0
TX0004104609,0
TX0004104617,0
TX0004104619,0
TX0004104649,0
TX0004104650,0
TX0004104683,0
TX0004104746,0
TX0004104781,0
TX0004104796,0
TX0004104818,0
TX0004104848,0
TX0004104886,0
TX0004104888,0
TX0004104893,0
TX0004104901,0
TX0004104914,0
TX0004104916,0
TX0004104936,0
TX0004104941,0
TX0004104968,0
TX0004105035,0
TX0004105045,0
TX0004105077,0
TX0004105099,0
TX0004105100,0
TX0004105120,0
TX0004105203,0
TX0004105219,0
TX0004105250,0
TX0004105251,0
TX0004105269,0
TX0004105277,0
TX0004105294,0
TX0004105345,0
TX0004105354,0
TX0004105356,0
TX0004105370,0
TX0004105425,0
TX0004105432,0
TX0004105447,0
TX0004105450,0
TX0004105506,0
TX0004105536,0
TX0004105616,0
TX0004105624,0
TX0004105639,0
TX0004105642,0
TX0004105693,0
TX0004105774,0
TX0004105816,0
TX0004105822,0
TX0004105836,0
TX0004105843,0
TX0004105870,0
TX0004105901,0
TX0004105904,0
TX0004105928,0
TX0004105942,0
TX0004105959,0
TX0004105961,0
TX0004106045,0
TX0004106059,0
TX0004106069,0
TX0004106089,0
TX0004106098,0
TX0004106099,0
TX0004106109,0
TX0004106138,0
TX0004106150,0
TX0004106176,0
TX0004106188,0
TX0004106243,0
TX0004106255,0
TX0004106384,0
TX0004106429,0
TX0004106436,0
TX0004106452,0
TX0004106490,0
TX0004106499,0
TX0004106510,0
TX0004106518,0
TX0004106519,0
TX0004106538,0
TX0004106581,0
TX0004106582,0
TX0004106585,0
TX0004106586,0
TX0004106648,0
TX0004106696,0
TX0004106739,0
TX0004106770,0
TX0004106790,0
TX0004106887,0
TX0004106900,0
TX0004106905,0
TX0004106909,0
TX0004106937,0
TX0004106960,0
TX0004106983,0
TX0004106987,0
TX0004107020,0
TX0004107066,0
TX0004107097,0
TX0004107218,0
TX0004107264,0
TX0004107292,0
TX0004107305,0
TX0004107321,0
TX0004107346,0
TX0004107446,0
TX0004107477,0
TX0004107502,0
TX0004107507,0
TX0004107536,0
TX0004107689,0
TX0004107727,0
TX0004107737,0
TX0004107780,0
TX0004107786,0
TX0004107799,0
TX0004107803,0
TX0004107808,0
TX0004107862,0
TX0004107869,0
TX0004107946,0
TX0004107962,0
TX0004107968,0
TX0004107975,0
TX0004108002,0
TX0004108038,0
TX0004108113,0
TX0004108175,0
TX0004108203,0
TX0004108215,0
TX0004108255,0
TX0004108261,0
TX0004108307,0
TX0004108426,0
TX0004108428,0
TX0004108448,0
TX0004098652,0
TX0004098655,0
TX0004098699,0
TX0004098709,0
TX0004098712,0
TX0004098719,0
TX0004098774,0
TX0004098776,0
TX0004098785,0
TX0004098791,0
TX0004098837,0
TX0004098862,0
TX0004098892,0
TX0004098989,0
TX0004098991,0
TX0004099101,0
TX0004099133,0
TX0004099144,0
TX0004099177,0
TX0004099201,0
TX0004099228,0
TX0004099281,0
TX0004099341,0
TX0004099364,0
TX0004099368,0
TX0004099399,0
TX0004099475,0
TX0004099509,0
TX0004099512,0
TX0004099558,0
TX0004099609,0
TX0004099646,0
TX0004099654,0
TX0004099717,0
TX0004099730,0
TX0004099736,0
TX0004099741,0
TX0004099798,0
TX0004099801,0
TX0004099822,0
TX0004099840,0
TX0004099861,0
TX0004099880,0
TX0004100042,0
TX0004100044,0
TX0004100099,0
TX0004100106,0
TX0004100117,0
TX0004100163,0
TX0004100173,0
TX0004100183,0
TX0004100196,0
TX0004100223,0
TX0004100227,0
TX0004100266,0
TX0004100317,0
TX0004100324,0
TX0004100375,0
TX0004100389,0
TX0004100391,0
TX0004100423,0
TX0004100428,0
TX0004100431,0
TX0004100479,0
TX0004100509,0
TX0004100643,0
TX0004100676,0
TX0004100702,0
TX0004100720,0
TX0004100747,0
TX0004100798,0
TX0004100810,0
TX0004100813,0
TX0004100840,0
TX0004100925,0
TX0004100931,0
TX0004100994,0
TX0004100997,0
TX0004101002,0
TX0004101032,0
TX0004101048,0
TX0004101087,0
TX0004101115,0
TX0004101183,0
TX0004101221,0
TX0004101252,0
TX0004101263,0
TX0004101304,0
TX0004101326,0
TX0004101375,0
TX0004101422,0
TX0004101481,0
TX0004101525,0
TX0004101531,0
TX0004101591,0
TX0004101599,0
TX0004101635,0
TX0004101654,0
TX0004101692,0
TX0004101747,0
TX0004101771,0
TX0004101773,0
TX0004101804,0
TX0004101812,0
TX0004101866,0
TX0004101868,0
TX0004101965,0
TX0004101977,0
TX0004101984,0
TX0004102032,0
TX0004102035,0
TX0004102066,0
TX0004102083,0
TX0004102101,0
TX0004102180,0
TX0004102213,0
TX0004102285,0
TX0004102330,0
TX0004102350,0
TX0004102378,0
TX0004102393,0
TX0004102398,0
TX0004102399,0
TX0004102421,0
TX0004102432,0
TX0004102532,0
TX0004102545,0
TX0004102586,0
TX0004102595,0
TX0004102608,0
TX0004102626,0
TX0004102629,0
TX0004102675,0
TX0004102682,0
TX0004102730,0
TX0004102731,0
TX0004102765,0
TX0004102777,0
TX0004102800,0
TX0004102814,0
TX0004102886,0
TX0004103006,0
TX0004103014,0
TX0004103060,0
TX0004103061,0
TX0004103076,0
TX0004103144,0
TX0004103213,0
TX0004103266,0
TX0004103305,0
TX0004103313,0
TX0004103332,0
TX0004103357,0
TX0004103378,0
TX0004103417,0
TX0004103495,0
TX0004103534,0
TX0004103571,0
TX0004103590,0
TX0004103636,0
TX0004103690,0
TX0004103701,0
TX0004103702,0
TX0004103724,0
TX0004103776,0
TX0004103792,0
TX0004103811,0
TX0004103837,0
TX0004103868,0
TX0004103899,0
TX0004103910,0
TX0004103924,0
TX0004103929,0
TX0004104001,0
TX0004104013,0
TX0004104018,0
TX0004104033,0
TX0004104064,0
TX0004104088,0
TX0004104111,0
TX0004104117,0
TX0004104136,0
TX0004104176,0
TX0004104259,0
TX0004104375,0
TX0004104434,0
TX0004104466,0
TX0004104474,0
TX0004104480,0
TX0004104560,0
TX0004104572,0
TX0004104675,0
TX0004104689,0
TX0004104724,0
TX0004104728,0
TX0004104748,0
TX0004104749,0
TX0004104770,0
TX0004104812,0
TX0004104838,0
TX0004104839,0
TX0004104846,0
TX0004105022,0
TX0004105049,0
TX0004105054,0
TX0004105068,0
TX0004105102,0
TX0004105103,0
TX0004105152,0
TX0004105157,0
TX0004105242,0
TX0004105243,0
TX0004105287,0
TX0004105353,0
TX0004105388,0
TX0004105426,0
TX0004105511,0
TX0004105556,0
TX0004105558,0
TX0004105610,0
TX0004105635,0
TX0004105643,0
TX0004105706,0
TX0004105731,0
TX0004105777,0
TX0004105798,0
TX0004105833,0
TX0004105895,0
TX0004105947,0
TX0004105968,0
TX0004105983,0
TX0004105999,0
TX0004106012,0
TX0004106022,0
TX0004106044,0
TX0004106079,0
TX0004106085,0
TX0004106114,0
TX0004106118,0
TX0004106119,0
TX0004106166,0
TX0004106257,0
TX0004106275,0
TX0004106294,0
TX0004106303,0
TX0004106310,0
TX0004106314,0
TX0004106331,0
TX0004106368,0
TX0004106394,0
TX0004106439,0
TX0004106574,0
TX0004106594,0
TX0004106631,0
TX0004106635,0
TX0004106669,0
TX0004106685,0
TX0004106694,0
TX0004106714,0
TX0004106715,0
TX0004106740,0
TX0004106743,0
TX0004106759,0
TX0004106851,0
TX0004106852,0
TX0004106861,0
TX0004106867,0
TX0004106890,0
TX0004106948,0
TX0004106982,0
TX0004106984,0
TX0004107000,0
TX0004107002,0
TX0004107098,0
TX0004107132,0
TX0004107159,0
TX0004107170,0
TX0004107174,0
TX0004107183,0
TX0004107213,0
TX0004107347,0
TX0004107351,0
TX0004107410,0
TX0004107412,0
TX0004107425,0
TX0004107427,0
TX0004107434,0
TX0004107440,0
TX0004107455,0
TX0004107646,0
TX0004107682,0
TX0004107683,0
TX0004107684,0
TX0004107702,0
TX0004107712,0
TX0004107788,0
TX0004107870,0
TX0004107887,0
TX0004107906,0
TX0004107911,0
TX0004107942,0
TX0004107970,0
TX0004108037,0
TX0004108041,0
TX0004108061,0
TX0004108126,0
TX0004108177,0
TX0004108242,0
TX0004108271,0
TX0004108299,0
TX0004108300,0
TX0004108336,0
TX0004108359,0
TX0004108432,0
TX0004108508,0
TX0004098657,0
TX0004098697,0
TX0004098739,0
TX0004098745,0
TX0004098827,0
TX0004098866,0
TX0004098884,0
TX0004098898,0
TX0004098949,0
TX0004099019,0
TX0004099026,0
TX0004099110,0
TX0004099115,0
TX0004099120,0
TX0004099137,0
TX0004099182,0
TX0004099191,0
TX0004099221,0
TX0004099314,0
TX0004099404,0
TX0004099449,0
TX0004099456,0
TX0004099462,0
TX0004099552,0
TX0004099597,0
TX0004099626,0
TX0004099660,0
TX0004099737,0
TX0004099749,0
TX0004099781,0
TX0004099849,0
TX0004099859,0
TX0004099860,0
TX0004099866,0
TX0004099872,0
TX0004099903,0
TX0004099905,0
TX0004099926,0
TX0004099945,0
TX0004099964,0
TX0004099974,0
TX0004099990,0
TX0004100022,0
TX0004100057,0
TX0004100058,0
TX0004100156,0
TX0004100217,0
TX0004100220,0
TX0004100350,0
TX0004100448,0
TX0004100458,0
TX0004100492,0
TX0004100494,0
TX0004100497,0
TX0004100572,0
TX0004100600,0
TX0004100658,0
TX0004100692,0
TX0004100732,0
TX0004100767,0
TX0004100852,0
TX0004100869,0
TX0004100871,0
TX0004100889,0
TX0004100937,0
TX0004100964,0
TX0004100974,0
TX0004100995,0
TX0004101096,0
TX0004101151,0
TX0004101204,0
TX0004101216,0
TX0004101293,0
TX0004101299,0
TX0004101323,0
TX0004101332,0
TX0004101334,0
TX0004101357,0
TX0004101463,0
TX0004101497,0
TX0004101501,0
TX0004101514,0
TX0004101536,0
TX0004101557,0
TX0004101587,0
TX0004101680,0
TX0004101704,0
TX0004101727,0
TX0004101731,0
TX0004101749,0
TX0004101791,0
TX0004101795,0
TX0004101974,0
TX0004102023,0
TX0004102077,0
TX0004102086,0
TX0004102114,0
TX0004102155,0
TX0004102193,0
TX0004102200,0
TX0004102267,0
TX0004102283,0
TX0004102349,0
TX0004102358,0
TX0004102367,0
TX0004102423,0
TX0004102436,0
TX0004102487,0
TX0004102493,0
TX0004102534,0
TX0004102552,0
TX0004102561,0
TX0004102567,0
TX0004102593,0
TX0004102619,0
TX0004102620,0
TX0004102670,0
TX0004102683,0
TX0004102701,0
TX0004102850,0
TX0004102862,0
TX0004102902,0
TX0004102955,0
TX0004102972,0
TX0004102987,0
TX0004102989,0
TX0004103016,0
TX0004103025,0
TX0004103035,0
TX0004103045,0
TX0004103056,0
TX0004103057,0
TX0004103082,0
TX0004103084,0
TX0004103124,0
TX0004103137,0
TX0004103174,0
TX0004103177,0
TX0004103204,0
TX0004103216,0
TX0004103227,0
TX0004103237,0
TX0004103274,0
TX0004103277,0
TX0004103368,0
TX0004103435,0
TX0004103466,0
TX0004103467,0
TX0004103499,0
TX0004103518,0
TX0004103519,0
TX0004103578,0
TX0004103625,0
TX0004103642,0
TX0004103649,0
TX0004103672,0
TX0004103673,0
TX0004103720,0
TX0004103746,0
TX0004103751,0
TX0004103755,0
TX0004103771,0
TX0004103788,0
TX0004103827,0
TX0004103829,0
TX0004103857,0
TX0004103885,0
TX0004103941,0
TX0004103953,0
TX0004103997,0
TX0004104089,0
TX0004104090,0
TX0004104171,0
TX0004104211,0
TX0004104247,0
TX0004104248,0
TX0004104256,0
TX0004104298,0
TX0004104355,0
TX0004104373,0
TX0004104399,0
TX0004104435,0
TX0004104484,0
TX0004104508,0
TX0004104532,0
TX0004104548,0
TX0004104577,0
TX0004104583,0
TX0004104594,0
TX0004104599,0
TX0004104612,0
TX0004104613,0
TX0004104665,0
TX0004104679,0
TX0004104691,0
TX0004104777,0
TX0004104778,0
TX0004104817,0
TX0004104850,0
TX0004104907,0
TX0004104928,0
TX0004104942,0
TX0004104945,0
TX0004104948,0
TX0004105002,0
TX0004105036,0
TX0004105147,0
TX0004105169,0
TX0004105220,0
TX0004105226,0
TX0004105357,0
TX0004105381,0
TX0004105383,0
TX0004105438,0
TX0004105451,0
TX0004105453,0
TX0004105545,0
TX0004105573,0
TX0004105580,0
TX0004105614,0
TX0004105658,0
TX0004105661,0
TX0004105694,0
TX0004105730,0
TX0004105831,0
TX0004105884,0
TX0004105958,0
TX0004106036,0
TX0004106064,0
TX0004106083,0
TX0004106090,0
TX0004106105,0
TX0004106133,0
TX0004106162,0
TX0004106189,0
TX0004106197,0
TX0004106211,0
TX0004106219,0
TX0004106239,0
TX0004106260,0
TX0004106279,0
TX0004106337,0
TX0004106388,0
TX0004106407,0
TX0004106427,0
TX0004106472,0
TX0004106487,0
TX0004106542,0
TX0004106553,0
TX0004106655,0
TX0004106690,0
TX0004106726,0
TX0004106727,0
TX0004106737,0
TX0004106742,0
TX0004106831,0
TX0004106893,0
TX0004106938,0
TX0004106992,0
TX0004107028,0
TX0004107061,0
TX0004107094,0
TX0004107134,0
TX0004107252,0
TX0004107279,0
TX0004107282,0
TX0004107286,0
TX0004107338,0
TX0004107349,0
TX0004107396,0
TX0004107402,0
TX0004107464,0
TX0004107510,0
TX0004107592,0
TX0004107604,0
TX0004107628,0
TX0004107642,0
TX0004107675,0
TX0004107715,0
TX0004107716,0
TX0004107733,0
TX0004107778,0
TX0004107863,0
TX0004107914,0
TX0004107918,0
TX0004108033,0
TX0004108053,0
TX0004108096,0
TX0004108101,0
TX0004108124,0
TX0004108142,0
TX0004108167,0
TX0004108173,0
TX0004108214,0
TX0004108227,0
TX0004108308,0
TX0004108313,0
TX0004108323,0
TX0004108330,0
TX0004108333,0
TX0004108339,0
TX0004108435,0
TX0004108443,0
TX0004108469,0
TX0004108504,0
TX0003863644,0
TX0003863645,1
TX0004098663,0
TX0004098796,0
TX0004098817,0
TX0004098849,0
TX0004098870,0
TX0004098881,0
TX0004098915,0
TX0004098937,0
TX0004098950,0
TX0004099042,0
TX0004099054,0
TX0004099078,0
TX0004099089,0
TX0004099104,0
TX0004099150,0
TX0004099154,0
TX0004099164,0
TX0004099174,0
TX0004099285,0
TX0004099296,0
TX0004099381,0
TX0004099389,0
TX0004099406,0
TX0004099422,0
TX0004099431,0
TX0004099443,0
TX0004099463,0
TX0004099484,0
TX0004099520,0
TX0004099590,0
TX0004099610,0
TX0004099615,0
TX0004099630,0
TX0004099641,0
TX0004099649,0
TX0004099705,0
TX0004099708,0
TX0004099734,0
TX0004099739,0
TX0004099776,0
TX0004099792,0
TX0004099885,0
TX0004099908,0
TX0004099923,0
TX0004099929,0
TX0004099933,0
TX0004099971,0
TX0004100006,0
TX0004100011,0
TX0004100116,0
TX0004100158,0
TX0004100172,0
TX0004100198,0
TX0004100231,0
TX0004100243,0
TX0004100244,0
TX0004100289,0
TX0004100294,0
TX0004100306,0
TX0004100457,0
TX0004100506,0
TX0004100524,0
TX0004100529,1
TX0004100530,0
TX0004100544,0
TX0004100575,0
TX0004100604,0
TX0004100608,0
TX0004100610,0
TX0004100616,0
TX0004100667,0
TX0004100669,0
TX0004100671,0
TX0004100699,0
TX0004100741,0
TX0004100746,0
TX0004100765,0
TX0004100796,0
TX0004100807,0
TX0004100812,0
TX0004100841,0
TX0004100862,0
TX0004100891,0
TX0004100903,0
TX0004100926,0
TX0004100944,0
TX0004100953,0
TX0004100983,0
TX0004101006,0
TX0004101013,0
TX0004101023,0
TX0004101029,0
TX0004101119,0
TX0004101142,0
TX0004101187,0
TX0004101188,0
TX0004101226,0
TX0004101329,0
TX0004101337,0
TX0004101414,0
TX0004101576,0
TX0004101582,0
TX0004101583,0
TX0004101605,0
TX0004101607,0
TX0004101616,0
TX0004101619,0
TX0004101667,0
TX0004101685,0
TX0004101703,0
TX0004101719,0
TX0004101744,0
TX0004101758,0
TX0004101768,0
TX0004101769,0
TX0004101785,0
TX0004101860,0
TX0004101873,0
TX0004101921,0
TX0004101927,0
TX0004101957,0
TX0004101966,0
TX0004102006,0
TX0004102012,0
TX0004102117,0
TX0004102118,0
TX0004102120,0
TX0004102162,0
TX0004102184,0
TX0004102203,0
TX0004102205,0
TX0004102237,0
TX0004102239,0
TX0004102258,0
TX0004102263,0
TX0004102265,0
TX0004102286,0
TX0004102352,0
TX0004102363,0
TX0004102431,0
TX0004102447,0
TX0004102474,0
TX0004102512,0
TX0004102522,0
TX0004102556,0
TX0004102563,0
TX0004102636,0
TX0004102644,0
TX0004102694,0
TX0004102697,0
TX0004102698,0
TX0004102752,0
TX0004102807,0
TX0004102848,0
TX0004102899,0
TX0004102900,0
TX0004102930,0
TX0004102934,0
TX0004103023,0
TX0004103037,0
TX0004103067,0
TX0004103070,0
TX0004103071,0
TX0004103123,0
TX0004103143,0
TX0004103176,0
TX0004103180,0
TX0004103187,0
TX0004103223,0
TX0004103232,0
TX0004103289,0
TX0004103290,0
TX0004103303,0
TX0004103327,0
TX0004103399,0
TX0004103401,0
TX0004103404,0
TX0004103420,0
TX0004103443,0
TX0004103489,0
TX0004103511,0
TX0004103570,0
TX0004103618,0
TX0004103650,0
TX0004103709,0
TX0004103710,0
TX0004103711,0
TX0004103798,0
TX0004103854,0
TX0004103866,0
TX0004103879,0
TX0004103918,0
TX0004103961,0
TX0004103992,0
TX0004104017,0
TX0004104087,0
TX0004104102,0
TX0004104103,0
TX0004104112,0
TX0004104132,0
TX0004104146,0
TX0004104196,0
TX0004104200,0
TX0004104326,0
TX0004104345,0
TX0004104359,0
TX0004104369,0
TX0004104392,0
TX0004104423,0
TX0004104473,0
TX0004104549,0
TX0004104562,0
TX0004104618,0
TX0004104630,0
TX0004104652,0
TX0004104687,0
TX0004104688,0
TX0004104731,0
TX0004104764,0
TX0004104795,0
TX0004104825,0
TX0004104836,0
TX0004104842,0
TX0004104861,0
TX0004104875,0
TX0004104955,0
TX0004104956,0
TX0004105037,0
TX0004105087,0
TX0004105092,0
TX0004105155,0
TX0004105156,0
TX0004105175,0
TX0004105205,0
TX0004105237,0
TX0004105244,0
TX0004105245,0
TX0004105303,0
TX0004105317,0
TX0004105442,0
TX0004105456,0
TX0004105481,0
TX0004105541,0
TX0004105542,0
TX0004105551,0
TX0004105562,0
TX0004105584,0
TX0004105600,0
TX0004105604,0
TX0004105608,0
TX0004105644,0
TX0004105698,0
TX0004105699,0
TX0004105700,0
TX0004105716,0
TX0004105744,0
TX0004105745,0
TX0004105767,0
TX0004105785,0
TX0004105808,0
TX0004105841,0
TX0004105900,0
TX0004105908,0
TX0004105927,0
TX0004105931,0
TX0004105951,0
TX0004105956,0
TX0004105967,0
TX0004105991,0
TX0004106009,0
TX0004106075,0
TX0004106084,0
TX0004106135,0
TX0004106141,0
TX0004106171,0
TX0004106262,0
TX0004106293,0
TX0004106296,0
TX0004106362,0
TX0004106383,0
TX0004106413,0
TX0004106415,0
TX0004106481,0
TX0004106514,0
TX0004106532,0
TX0004106537,0
TX0004106558,0
TX0004106599,0
TX0004106607,0
TX0004106608,0
TX0004106633,0
TX0004106639,0
TX0004106656,0
TX0004106687,0
TX0004106700,0
TX0004106757,0
TX0004106791,0
TX0004106821,0
TX0004106841,0
TX0004106860,0
TX0004106876,0
TX0004106921,0
TX0004106962,0
TX0004106972,0
TX0004106997,0
TX0004107022,0
TX0004107047,0
TX0004107048,0
TX0004107058,0
TX0004107063,0
TX0004107091,0
TX0004107131,0
TX0004107146,0
TX0004107169,0
TX0004107195,0
TX0004107196,0
TX0004107327,0
TX0004107330,0
TX0004107355,0
TX0004107373,0
TX0004107382,0
TX0004107383,0
TX0004107385,0
TX0004107432,0
TX0004107439,0
TX0004107447,0
TX0004107471,0
TX0004107473,0
TX0004107480,0
TX0004107516,0
TX0004107587,0
TX0004107608,0
TX0004107759,0
TX0004107760,0
TX0004107804,0
TX0004107845,0
TX0004107850,0
TX0004107864,0
TX0004107867,0
TX0004107888,0
TX0004107993,1
TX0004108022,0
TX0004108043,0
TX0004108074,0
TX0004108088,0
TX0004108092,0
TX0004108123,0
TX0004108148,0
TX0004108159,0
TX0004108191,0
TX0004108207,0
TX0004108208,0
TX0004108254,0
TX0004108263,0
TX0004108298,0
TX0004108328,0
TX0004108345,0
TX0004108372,0
TX0004108377,0
TX0004108447,0
TX0004108449,0
TX0004108456,0
TX0004108474,0
TX0004108483,0
TX0004108496,0
TX0004098680,0
TX0004098770,0
TX0004098823,0
TX0004098824,0
TX0004098847,0
TX0004098873,0
TX0004098880,0
TX0004098931,0
TX0004098974,0
TX0004098977,0
TX0004098979,0
TX0004099000,0
TX0004099018,0
TX0004099037,0
TX0004099065,0
TX0004099069,0
TX0004099076,0
TX0004099081,0
TX0004099176,0
TX0004099187,0
TX0004099291,0
TX0004099293,0
TX0004099317,0
TX0004099318,0
TX0004099334,0
TX0004099383,0
TX0004099450,0
TX0004099455,0
TX0004099519,0
TX0004099521,0
TX0004099523,0
TX0004099560,0
TX0004099575,0
TX0004099613,0
TX0004099623,0
TX0004099640,0
TX0004099669,0
TX0004099746,0
TX0004099753,0
TX0004099772,0
TX0004099808,0
TX0004099817,0
TX0004099881,0
TX0004099922,0
TX0004099963,0
TX0004100031,0
TX0004100059,0
TX0004100062,0
TX0004100084,0
TX0004100178,0
TX0004100218,0
TX0004100264,0
TX0004100269,0
TX0004100355,0
TX0004100377,0
TX0004100436,0
TX0004100446,0
TX0004100447,0
TX0004100484,0
TX0004100546,0
TX0004100567,0
TX0004100640,0
TX0004100687,0
TX0004100723,0
TX0004100740,0
TX0004100760,0
TX0004100781,0
TX0004100782,0
TX0004100837,0
TX0004100846,0
TX0004100904,0
TX0004100935,0
TX0004100946,0
TX0004100969,0
TX0004100976,0
TX0004100979,0
TX0004101024,0
TX0004101053,0
TX0004101064,0
TX0004101150,0
TX0004101162,0
TX0004101290,0
TX0004101347,0
TX0004101376,0
TX0004101386,0
TX0004101389,0
TX0004101488,0
TX0004101537,0
TX0004101544,0
TX0004101546,0
TX0004101570,0
TX0004101656,0
TX0004101698,0
TX0004101723,0
TX0004101737,0
TX0004101741,0
TX0004101750,0
TX0004101760,0
TX0004101843,0
TX0004101858,0
TX0004101885,0
TX0004101915,0
TX0004101935,0
TX0004101954,0
TX0004101971,0
TX0004101993,0
TX0004102036,0
TX0004102037,0
TX0004102044,0
TX0004102157,0
TX0004102228,0
TX0004102329,0
TX0004102419,0
TX0004102420,0
TX0004102471,0
TX0004102491,0
TX0004102497,0
TX0004102523,0
TX0004102538,0
TX0004102562,0
TX0004102569,0
TX0004102570,0
TX0004102576,0
TX0004102585,0
TX0004102611,0
TX0004102650,0
TX0004102652,0
TX0004102655,0
TX0004102676,0
TX0004102767,0
TX0004102792,0
TX0004102809,0
TX0004102817,0
TX0004102839,0
TX0004102841,0
TX0004102846,0
TX0004102946,0
TX0004102998,0
TX0004103005,0
TX0004103050,0
TX0004103073,0
TX0004103074,0
TX0004103098,0
TX0004103109,0
TX0004103129,0
TX0004103154,0
TX0004103181,0
TX0004103193,0
TX0004103194,0
TX0004103202,0
TX0004103206,0
TX0004103207,0
TX0004103233,0
TX0004103258,0
TX0004103297,0
TX0004103358,0
TX0004103365,0
TX0004103384,0
TX0004103416,0
TX0004103424,0
TX0004103429,0
TX0004103496,0
TX0004103536,0
TX0004103544,0
TX0004103668,0
TX0004103714,0
TX0004103723,0
TX0004103875,0
TX0004103920,0
TX0004103995,0
TX0004104051,0
TX0004104148,0
TX0004104185,0
TX0004104209,0
TX0004104220,0
TX0004104350,0
TX0004104376,0
TX0004104378,0
TX0004104405,0
TX0004104498,0
TX0004104517,0
TX0004104520,0
TX0004104521,0
TX0004104567,0
TX0004104595,0
TX0004104615,0
TX0004104641,0
TX0004104651,0
TX0004104653,0
TX0004104718,0
TX0004104727,0
TX0004104800,0
TX0004104822,0
TX0004104831,0
TX0004104912,0
TX0004104950,0
TX0004104971,0
TX0004105056,0
TX0004105132,0
TX0004105213,0
TX0004105264,0
TX0004105343,0
TX0004105391,0
TX0004105417,0
TX0004105478,0
TX0004105479,0
TX0004105572,0
TX0004105622,0
TX0004105677,0
TX0004105701,0
TX0004105705,0
TX0004105710,0
TX0004105714,0
TX0004105782,0
TX0004105799,0
TX0004105810,0
TX0004105838,0
TX0004105851,0
TX0004105859,0
TX0004105989,0
TX0004106028,0
TX0004106030,0
TX0004106061,0
TX0004106074,0
TX0004106082,0
TX0004106154,0
TX0004106178,0
TX0004106214,0
TX0004106227,0
TX0004106328,0
TX0004106366,0
TX0004106382,0
TX0004106410,0
TX0004106451,0
TX0004106470,0
TX0004106475,0
TX0004106480,0
TX0004106500,0
TX0004106577,0
TX0004106609,0
TX0004106680,0
TX0004106695,0
TX0004106716,0
TX0004106717,0
TX0004106722,0
TX0004106773,0
TX0004106802,0
TX0004106808,0
TX0004106840,0
TX0004106869,0
TX0004106940,0
TX0004106951,0
TX0004106965,0
TX0004106981,0
TX0004107009,0
TX0004107029,0
TX0004107078,0
TX0004107109,0
TX0004107112,0
TX0004107135,0
TX0004107177,0
TX0004107178,0
TX0004107189,0
TX0004107245,0
TX0004107275,0
TX0004107281,0
TX0004107294,0
TX0004107311,0
TX0004107423,0
TX0004107467,0
TX0004107485,0
TX0004107512,0
TX0004107518,0
TX0004107530,0
TX0004107565,0
TX0004107576,0
TX0004107577,0
TX0004107590,0
TX0004107605,0
TX0004107607,0
TX0004107633,0
TX0004107674,0
TX0004107695,0
TX0004107710,0
TX0004107722,0
TX0004107749,0
TX0004107768,0
TX0004107770,0
TX0004107839,0
TX0004107854,0
TX0004107871,0
TX0004107874,0
TX0004107876,0
TX0004107921,0
TX0004107926,0
TX0004108017,0
TX0004108039,0
TX0004108051,0
TX0004108065,0
TX0004108067,0
TX0004108075,0
TX0004108085,0
TX0004108089,0
TX0004108116,0
TX0004108158,0
TX0004108164,0
TX0004108205,0
TX0004108243,0
TX0004108355,0
TX0004108357,0
TX0004108366,0
TX0004108367,0
TX0004108375,0
TX0004108376,0
TX0004108380,0
TX0004108403,0
TX0004108411,0
TX0004108444,0
TX0004108492,0
TX0004108521,0
TX0004098659,0
TX0004098665,0
TX0004098698,0
TX0004098724,0
TX0004098757,0
TX0004098762,0
TX0004098834,0
TX0004098868,0
TX0004098904,0
TX0004098938,0
TX0004098955,0
TX0004098976,0
TX0004099043,0
TX0004099046,0
TX0004099062,0
TX0004099093,0
TX0004099111,0
TX0004099165,0
TX0004099184,0
TX0004099199,0
TX0004099206,0
TX0004099216,0
TX0004099244,0
TX0004099277,0
TX0004099340,0
TX0004099346,0
TX0004099366,0
TX0004099391,0
TX0004099454,0
TX0004099507,0
TX0004099514,0
TX0004099545,0
TX0004099556,0
TX0004099627,0
TX0004099634,0
TX0004099716,0
TX0004099750,0
TX0004099757,0
TX0004099758,0
TX0004099784,0
TX0004099807,0
TX0004099833,0
TX0004099836,0
TX0004099919,0
TX0004099927,0
TX0004099992,0
TX0004100035,0
TX0004100091,0
TX0004100101,0
TX0004100114,0
TX0004100122,0
TX0004100277,0
TX0004100279,0
TX0004100402,0
TX0004100430,0
TX0004100607,0
TX0004100621,0
TX0004100681,0
TX0004100724,0
TX0004100725,0
TX0004100748,0
TX0004100836,0
TX0004100906,0
TX0004100908,0
TX0004100948,0
TX0004100957,0
TX0004100987,0
TX0004101108,0
TX0004101217,0
TX0004101251,0
TX0004101268,0
TX0004101273,0
TX0004101285,0
TX0004101360,0
TX0004101371,0
TX0004101469,0
TX0004101487,0
TX0004101522,0
TX0004101610,0
TX0004101611,0
TX0004101766,0
TX0004101767,0
TX0004101844,0
TX0004101848,0
TX0004101867,0
TX0004101870,0
TX0004101881,0
TX0004101898,0
TX0004101910,0
TX0004101913,0
TX0004102004,0
TX0004102014,0
TX0004102020,0
TX0004102027,0
TX0004102034,0
TX0004102079,0
TX0004102126,0
TX0004102134,0
TX0004102154,0
TX0004102195,0
TX0004102219,0
TX0004102243,0
TX0004102320,0
TX0004102366,0
TX0004102416,0
TX0004102433,0
TX0004102494,0
TX0004102510,0
TX0004102549,0
TX0004102622,0
TX0004102715,0
TX0004102719,0
TX0004102745,0
TX0004102857,0
TX0004102881,0
TX0004102896,0
TX0004102909,0
TX0004102912,0
TX0004102953,0
TX0004102988,0
TX0004103043,0
TX0004103088,0
TX0004103108,0
TX0004103134,0
TX0004103141,0
TX0004103167,0
TX0004103200,0
TX0004103219,0
TX0004103221,0
TX0004103257,0
TX0004103260,0
TX0004103271,0
TX0004103299,0
TX0004103309,0
TX0004103337,0
TX0004103371,0
TX0004103385,0
TX0004103386,0
TX0004103391,0
TX0004103392,0
TX0004103394,0
TX0004103402,0
TX0004103427,0
TX0004103440,0
TX0004103448,0
TX0004103533,0
TX0004103542,0
TX0004103549,0
TX0004103592,0
TX0004103632,0
TX0004103643,0
TX0004103681,0
TX0004103736,0
TX0004103739,0
TX0004103760,0
TX0004103779,0
TX0004103888,0
TX0004103955,0
TX0004103957,0
TX0004103978,0
TX0004104019,0
TX0004104104,0
TX0004104133,0
TX0004104143,0
TX0004104183,0
TX0004104203,0
TX0004104229,0
TX0004104244,0
TX0004104253,0
TX0004104318,0
TX0004104319,0
TX0004104322,0
TX0004104344,0
TX0004104346,0
TX0004104414,0
TX0004104415,0
TX0004104433,0
TX0004104443,0
TX0004104462,0
TX0004104499,0
TX0004104564,0
TX0004104590,0
TX0004104620,0
TX0004104640,0
TX0004104723,0
TX0004104810,0
TX0004104811,0
TX0004104827,0
TX0004104845,0
TX0004104930,0
TX0004104989,0
TX0004105046,0
TX0004105051,0
TX0004105065,0
TX0004105066,0
TX0004105073,0
TX0004105126,0
TX0004105202,0
TX0004105212,0
TX0004105276,0
TX0004105280,0
TX0004105288,0
TX0004105304,0
TX0004105342,0
TX0004105389,0
TX0004105397,0
TX0004105411,0
TX0004105462,0
TX0004105474,0
TX0004105503,0
TX0004105547,0
TX0004105561,0
TX0004105617,0
TX0004105649,0
TX0004105689,0
TX0004105692,0
TX0004105724,0
TX0004105725,0
TX0004105728,0
TX0004105753,0
TX0004105754,0
TX0004105756,0
TX0004105758,0
TX0004105761,0
TX0004105773,0
TX0004105780,0
TX0004105842,0
TX0004105892,0
TX0004105899,0
TX0004105943,0
TX0004105944,0
TX0004105979,0
TX0004105995,0
TX0004106066,0
TX0004106111,0
TX0004106129,0
TX0004106145,0
TX0004106167,0
TX0004106212,0
TX0004106222,0
TX0004106236,0
TX0004106247,0
TX0004106316,0
TX0004106317,0
TX0004106318,0
TX0004106357,0
TX0004106359,0
TX0004106367,0
TX0004106386,0
TX0004106390,0
TX0004106411,0
TX0004106443,0
TX0004106458,0
TX0004106476,0
TX0004106482,0
TX0004106511,0
TX0004106531,0
TX0004106590,0
TX0004106613,0
TX0004106619,0
TX0004106621,0
TX0004106652,0
TX0004106654,0
TX0004106666,0
TX0004106721,0
TX0004106766,0
TX0004106768,0
TX0004106783,0
TX0004106845,0
TX0004106846,0
TX0004106857,0
TX0004106870,0
TX0004106874,0
TX0004106875,0
TX0004106882,0
TX0004106968,0
TX0004107010,0
TX0004107015,0
TX0004107032,0
TX0004107050,0
TX0004107054,0
TX0004107119,0
TX0004107123,0
TX0004107244,0
TX0004107314,0
TX0004107337,0
TX0004107341,0
TX0004107394,0
TX0004107462,0
TX0004107515,0
TX0004107531,0
TX0004107544,0
TX0004107574,0
TX0004107575,0
TX0004107586,0
TX0004107621,0
TX0004107625,0
TX0004107635,0
TX0004107658,0
TX0004107663,0
TX0004107668,0
TX0004107687,0
TX0004107690,0
TX0004107738,0
TX0004107748,0
TX0004107754,0
TX0004107806,0
TX0004107843,0
TX0004107851,0
TX0004107857,0
TX0004107928,0
TX0004107931,0
TX0004107979,0
TX0004107984,0
TX0004107990,0
TX0004108010,0
TX0004108014,0
TX0004108042,0
TX0004108047,0
TX0004108102,0
TX0004108125,0
TX0004108174,0
TX0004108192,0
TX0004108278,0
TX0004108341,0
TX0004108343,0
TX0004108387,0
TX0004108390,0
TX0004108416,0
TX0004108475,0
TX0004108524,0
TX0002864762,1
TX0004098654,0
TX0004098696,0
TX0004098703,0
TX0004098743,0
TX0004098763,0
TX0004098883,0
TX0004098909,0
TX0004098910,0
TX0004098947,0
TX0004098963,0
TX0004098964,0
TX0004098980,0
TX0004098986,0
TX0004099130,0
TX0004099217,0
TX0004099241,0
TX0004099353,0
TX0004099359,0
TX0004099360,0
TX0004099392,0
TX0004099439,0
TX0004099447,0
TX0004099470,0
TX0004099478,0
TX0004099490,0
TX0004099500,0
TX0004099503,0
TX0004099508,0
TX0004099530,0
TX0004099568,0
TX0004099587,0
TX0004099638,0
TX0004099648,0
TX0004099680,0
TX0004099722,0
TX0004099786,0
TX0004099814,0
TX0004099828,0
TX0004099874,0
TX0004099888,0
TX0004099947,0
TX0004099980,0
TX0004099984,0
TX0004100001,0
TX0004100016,0
TX0004100017,0
TX0004100028,0
TX0004100047,0
TX0004100063,0
TX0004100108,0
TX0004100139,0
TX0004100146,0
TX0004100157,0
TX0004100174,0
TX0004100229,0
TX0004100270,0
TX0004100299,0
TX0004100303,0
TX0004100327,0
TX0004100365,0
TX0004100415,0
TX0004100464,0
TX0004100519,0
TX0004100535,0
TX0004100551,0
TX0004100580,0
TX0004100590,0
TX0004100638,0
TX0004100659,0
TX0004100665,0
TX0004100707,0
TX0004100729,0
TX0004100753,0
TX0004100758,0
TX0004100772,0
TX0004100793,0
TX0004100847,0
TX0004100868,0
TX0004100919,0
TX0004100963,0
TX0004100966,0
TX0004100982,0
TX0004101059,0
TX0004101078,0
TX0004101088,0
TX0004101111,0
TX0004101133,0
TX0004101208,0
TX0004101312,0
TX0004101324,0
TX0004101343,0
TX0004101402,0
TX0004101427,0
TX0004101511,0
TX0004101513,0
TX0004101595,0
TX0004101634,0
TX0004101652,0
TX0004101673,0
TX0004101695,0
TX0004101738,0
TX0004101783,0
TX0004101784,0
TX0004101818,0
TX0004101851,0
TX0004101852,0
TX0004101856,0
TX0004101877,0
TX0004101930,0
TX0004101952,0
TX0004101953,0
TX0004101955,0
TX0004101995,0
TX0004102003,0
TX0004102022,0
TX0004102059,0
TX0004102088,0
TX0004102187,0
TX0004102224,0
TX0004102252,0
TX0004102253,0
TX0004102346,0
TX0004102406,0
TX0004102407,0
TX0004102453,0
TX0004102457,0
TX0004102557,0
TX0004102571,0
TX0004102572,0
TX0004102588,0
TX0004102617,0
TX0004102621,0
TX0004102628,0
TX0004102648,0
TX0004102744,0
TX0004102774,0
TX0004102801,0
TX0004102821,0
TX0004102833,0
TX0004102834,0
TX0004102876,0
TX0004102878,0
TX0004102933,0
TX0004102986,0
TX0004103007,0
TX0004103028,0
TX0004103034,0
TX0004103092,0
TX0004103100,0
TX0004103120,0
TX0004103132,0
TX0004103142,0
TX0004103196,0
TX0004103320,0
TX0004103400,0
TX0004103419,0
TX0004103422,0
TX0004103428,0
TX0004103453,0
TX0004103458,0
TX0004103490,0
TX0004103497,0
TX0004103503,0
TX0004103527,0
TX0004103566,0
TX0004103573,0
TX0004103629,0
TX0004103644,0
TX0004103645,0
TX0004103646,0
TX0004103651,0
TX0004103654,0
TX0004103677,0
TX0004103679,0
TX0004103713,0
TX0004103729,0
TX0004103782,0
TX0004103810,0
TX0004103812,0
TX0004103828,0
TX0004103897,0
TX0004103916,0
TX0004103922,0
TX0004103991,0
TX0004104011,0
TX0004104021,0
TX0004104076,0
TX0004104097,0
TX0004104138,0
TX0004104140,0
TX0004104161,0
TX0004104162,0
TX0004104202,0
TX0004104254,0
TX0004104265,0
TX0004104281,0
TX0004104293,0
TX0004104316,0
TX0004104389,0
TX0004104413,0
TX0004104427,0
TX0004104436,0
TX0004104453,0
TX0004104477,0
TX0004104481,0
TX0004104504,0
TX0004104509,0
TX0004104512,0
TX0004104518,0
TX0004104531,0
TX0004104541,0
TX0004104546,0
TX0004104552,0
TX0004104569,0
TX0004104586,0
TX0004104637,0
TX0004104667,0
TX0004104674,0
TX0004104698,0
TX0004104716,0
TX0004104721,0
TX0004104737,0
TX0004104755,0
TX0004104763,0
TX0004104782,0
TX0004104799,0
TX0004104824,0
TX0004104835,0
TX0004104878,0
TX0004104883,0
TX0004104980,0
TX0004105009,0
TX0004105025,0
TX0004105040,0
TX0004105061,0
TX0004105124,0
TX0004105127,0
TX0004105184,0
TX0004105195,0
TX0004105197,0
TX0004105262,0
TX0004105265,0
TX0004105270,0
TX0004105286,0
TX0004105292,0
TX0004105301,0
TX0004105358,0
TX0004105377,0
TX0004105431,0
TX0004105461,0
TX0004105496,0
TX0004105499,0
TX0004105553,0
TX0004105597,0
TX0004105607,0
TX0004105611,0
TX0004105660,0
TX0004105668,0
TX0004105681,0
TX0004105682,0
TX0004105691,0
TX0004105752,0
TX0004105757,0
TX0004105820,0
TX0004105869,0
TX0004105896,0
TX0004105915,0
TX0004106011,0
TX0004106054,0
TX0004106055,0
TX0004106067,0
TX0004106149,0
TX0004106160,0
TX0004106183,0
TX0004106186,0
TX0004106201,0
TX0004106209,0
TX0004106234,0
TX0004106252,0
TX0004106269,0
TX0004106286,0
TX0004106313,0
TX0004106399,0
TX0004106416,0
TX0004106464,0
TX0004106474,0
TX0004106522,0
TX0004106603,0
TX0004106667,0
TX0004106686,0
TX0004106761,0
TX0004106819,0
TX0004106826,0
TX0004106850,0
TX0004106854,0
TX0004106862,0
TX0004106877,0
TX0004106949,0
TX0004106950,0
TX0004107021,0
TX0004107053,0
TX0004107069,0
TX0004107072,0
TX0004107095,0
TX0004107162,0
TX0004107198,0
TX0004107209,0
TX0004107221,0
TX0004107230,0
TX0004107237,0
TX0004107262,0
TX0004107284,0
TX0004107291,0
TX0004107326,0
TX0004107340,0
TX0004107372,0
TX0004107436,0
TX0004107491,0
TX0004107498,0
TX0004107559,0
TX0004107606,0
TX0004107659,0
TX0004107660,0
TX0004107669,0
TX0004107676,0
TX0004107680,0
TX0004107740,0
TX0004107771,0
TX0004107807,0
TX0004107838,0
TX0004107873,0
TX0004107877,0
TX0004107880,0
TX0004107894,0
TX0004107915,0
TX0004107950,0
TX0004107977,0
TX0004108007,0
TX0004108025,0
TX0004108137,0
TX0004108150,0
TX0004108165,0
TX0004108226,0
TX0004108246,0
TX0004108247,0
TX0004108264,0
TX0004108304,0
TX0004108305,0
TX0004108316,0
TX0004108342,0
TX0004108394,0
TX0004108407,0
TX0004108433,0
TX0004108490,0
TX0004098692,0
TX0004098734,0
TX0004098738,0
TX0004098799,0
TX0004098835,0
TX0004098838,0
TX0004098848,0
TX0004098875,0
TX0004098889,0
TX0004098927,0
TX0004098929,0
TX0004098946,0
TX0004098993,0
TX0004099013,0
TX0004099045,0
TX0004099058,0
TX0004099186,0
TX0004099234,0
TX0004099243,0
TX0004099257,0
TX0004099267,0
TX0004099268,0
TX0004099273,0
TX0004099295,0
TX0004099312,0
TX0004099316,0
TX0004099349,0
TX0004099445,0
TX0004099448,0
TX0004099487,0
TX0004099495,0
TX0004099534,0
TX0004099541,0
TX0004099600,0
TX0004099642,0
TX0004099663,0
TX0004099690,0
TX0004099691,0
TX0004099900,0
TX0004100007,0
TX0004100019,0
TX0004100125,0
TX0004100185,0
TX0004100202,0
TX0004100221,0
TX0004100256,0
TX0004100261,0
TX0004100273,0
TX0004100315,0
TX0004100330,0
TX0004100331,0
TX0004100342,0
TX0004100452,0
TX0004100495,0
TX0004100502,0
TX0004100526,0
TX0004100542,0
TX0004100557,0
TX0004100611,0
TX0004100614,0
TX0004100615,0
TX0004100679,0
TX0004100690,0
TX0004100714,0
TX0004100757,0
TX0004100764,0
TX0004100773,0
TX0004100784,0
TX0004100800,0
TX0004100821,0
TX0004100874,0
TX0004100880,0
TX0004100881,0
TX0004100950,0
TX0004100960,0
TX0004101011,0
TX0004101035,0
TX0004101052,0
TX0004101080,0
TX0004101090,0
TX0004101094,0
TX0004101098,0
TX0004101156,0
TX0004101157,0
TX0004101165,0
TX0004101181,0
TX0004101202,0
TX0004101219,0
TX0004101231,0
TX0004101254,0
TX0004101313,0
TX0004101317,0
TX0004101335,0
TX0004101426,0
TX0004101466,0
TX0004101502,0
TX0004101618,0
TX0004101629,0
TX0004101645,0
TX0004101651,0
TX0004101662,0
TX0004101761,0
TX0004101776,0
TX0004101780,0
TX0004101798,0
TX0004101833,0
TX0004101850,0
TX0004101875,0
TX0004101904,0
TX0004101905,0
TX0004101928,0
TX0004101931,0
TX0004101940,0
TX0004101979,0
TX0004101985,0
TX0004101996,0
TX0004102031,0
TX0004102084,0
TX0004102107,0
TX0004102194,0
TX0004102197,0
TX0004102202,0
TX0004102249,0
TX0004102288,0
TX0004102310,0
TX0004102318,0
TX0004102450,0
TX0004102506,0
TX0004102546,0
TX0004102574,0
TX0004102643,0
TX0004102663,0
TX0004102673,0
TX0004102679,0
TX0004102720,0
TX0004102729,0
TX0004102747,0
TX0004102768,0
TX0004102835,0
TX0004102851,0
TX0004102861,0
TX0004102931,0
TX0004102938,0
TX0004102990,0
TX0004103008,0
TX0004103063,0
TX0004103079,0
TX0004103149,0
TX0004103183,0
TX0004103184,0
TX0004103210,0
TX0004103218,0
TX0004103222,0
TX0004103240,0
TX0004103264,0
TX0004103265,0
TX0004103267,0
TX0004103300,0
TX0004103315,0
TX0004103318,0
TX0004103326,0
TX0004103341,0
TX0004103345,0
TX0004103438,0
TX0004103442,0
TX0004103457,0
TX0004103491,0
TX0004103520,0
TX0004103568,0
TX0004103609,0
TX0004103624,0
TX0004103637,0
TX0004103657,0
TX0004103765,0
TX0004103803,0
TX0004103862,0
TX0004103863,0
TX0004103960,0
TX0004103988,0
TX0004104006,0
TX0004104007,0
TX0004104024,0
TX0004104036,0
TX0004104048,0
TX0004104062,0
TX0004104084,0
TX0004104100,0
TX0004104109,0
TX0004104149,0
TX0004104159,0
TX0004104177,0
TX0004104188,0
TX0004104242,0
TX0004104283,0
TX0004104287,0
TX0004104360,0
TX0004104380,0
TX0004104450,0
TX0004104461,0
TX0004104464,0
TX0004104489,0
TX0004104496,0
TX0004104497,0
TX0004104507,0
TX0004104592,0
TX0004104602,0
TX0004104603,0
TX0004104605,0
TX0004104685,0
TX0004104686,0
TX0004104697,0
TX0004104701,0
TX0004104719,0
TX0004104736,0
TX0004104739,0
TX0004104747,0
TX0004104760,0
TX0004104830,0
TX0004104892,0
TX0004104951,0
TX0004104982,0
TX0004105016,0
TX0004105064,0
TX0004105090,0
TX0004105151,0
TX0004105162,0
TX0004105191,0
TX0004105201,0
TX0004105233,0
TX0004105255,0
TX0004105281,0
TX0004105337,0
TX0004105384,0
TX0004105464,0
TX0004105489,0
TX0004105492,0
TX0004105510,0
TX0004105512,0
TX0004105524,0
TX0004105530,0
TX0004105571,0
TX0004105601,0
TX0004105675,0
TX0004105678,0
TX0004105726,0
TX0004105727,0
TX0004105741,0
TX0004105749,0
TX0004105769,0
TX0004105825,0
TX0004105832,0
TX0004105837,0
TX0004105847,0
TX0004105863,0
TX0004105871,0
TX0004105974,0
TX0004106017,0
TX0004106024,0
TX0004106031,0
TX0004106060,0
TX0004106193,0
TX0004106208,0
TX0004106256,0
TX0004106297,0
TX0004106300,0
TX0004106323,0
TX0004106340,0
TX0004106373,0
TX0004106375,0
TX0004106379,0
TX0004106409,0
TX0004106437,0
TX0004106449,0
TX0004106565,0
TX0004106626,0
TX0004106636,0
TX0004106668,0
TX0004106670,0
TX0004106713,0
TX0004106729,0
TX0004106793,0
TX0004106878,0
TX0004106879,0
TX0004106884,0
TX0004106939,0
TX0004106977,0
TX0004106978,0
TX0004107073,0
TX0004107194,0
TX0004107212,0
TX0004107224,0
TX0004107235,0
TX0004107296,0
TX0004107332,0
TX0004107407,0
TX0004107411,0
TX0004107433,0
TX0004107497,0
TX0004107505,0
TX0004107524,0
TX0004107534,0
TX0004107578,0
TX0004107579,0
TX0004107634,0
TX0004107723,0
TX0004107741,0
TX0004107766,0
TX0004107789,0
TX0004107821,0
TX0004107846,0
TX0004107852,0
TX0004107858,0
TX0004107902,0
TX0004107920,0
TX0004108016,0
TX0004108019,0
TX0004108078,0
TX0004108079,0
TX0004108110,0
TX0004108136,0
TX0004108157,0
TX0004108216,0
TX0004108225,0
TX0004108245,0
TX0004108311,0
TX0004108329,0
TX0004108353,0
TX0004108354,0
TX0004108388,0
TX0004108413,0
TX0004108476,0
TX0004108489,0
TX0004108503,0
TX0004108523,0
TX0004098693,0
TX0004098710,0
TX0004098716,0
TX0004098737,0
TX0004098760,0
TX0004098808,0
TX0004098878,0
TX0004098879,0
TX0004098905,0
TX0004098944,0
TX0004098982,0
TX0004098998,0
TX0004099004,0
TX0004099034,0
TX0004099047,0
TX0004099055,0
TX0004099074,0
TX0004099108,0
TX0004099210,0
TX0004099213,0
TX0004099222,0
TX0004099224,0
TX0004099260,0
TX0004099310,0
TX0004099319,0
TX0004099331,0
TX0004099373,0
TX0004099428,0
TX0004099577,0
TX0004099578,0
TX0004099595,0
TX0004099598,0
TX0004099599,0
TX0004099604,0
TX0004099612,0
TX0004099625,0
TX0004099628,0
TX0004099659,0
TX0004099701,0
TX0004099703,0
TX0004099733,0
TX0004099769,0
TX0004099770,0
TX0004099821,0
TX0004099882,0
TX0004099901,0
TX0004099931,0
TX0004099969,0
TX0004099986,0
TX0004100033,0
TX0004100036,0
TX0004100128,0
TX0004100201,0
TX0004100235,0
TX0004100251,0
TX0004100287,0
TX0004100293,0
TX0004100332,0
TX0004100345,0
TX0004100348,0
TX0004100368,0
TX0004100381,0
TX0004100384,0
TX0004100393,0
TX0004100419,0
TX0004100453,0
TX0004100496,0
TX0004100507,0
TX0004100537,0
TX0004100595,0
TX0004100632,0
TX0004100633,0
TX0004100661,0
TX0004100685,0
TX0004100762,0
TX0004100799,0
TX0004100842,0
TX0004100912,0
TX0004100934,0
TX0004101010,0
TX0004101036,0
TX0004101043,0
TX0004101083,0
TX0004101103,0
TX0004101135,0
TX0004101141,0
TX0004101145,0
TX0004101158,0
TX0004101186,0
TX0004101203,0
TX0004101207,0
TX0004101209,0
TX0004101246,0
TX0004101259,0
TX0004101297,0
TX0004101307,0
TX0004101310,0
TX0004101321,0
TX0004101327,0
TX0004101342,0
TX0004101351,0
TX0004101354,0
TX0004101368,0
TX0004101380,0
TX0004101429,0
TX0004101445,0
TX0004101510,0
TX0004101526,0
TX0004101533,0
TX0004101714,0
TX0004101720,0
TX0004101740,0
TX0004101748,0
TX0004101763,0
TX0004101878,0
TX0004101891,0
TX0004101925,0
TX0004101939,0
TX0004101963,0
TX0004101991,0
TX0004102041,0
TX0004102049,0
TX0004102050,0
TX0004102067,0
TX0004102100,0
TX0004102251,0
TX0004102254,0
TX0004102272,0
TX0004102281,0
TX0004102361,0
TX0004102452,0
TX0004102467,0
TX0004102489,0
TX0004102507,0
TX0004102511,0
TX0004102516,0
TX0004102530,0
TX0004102541,0
TX0004102590,0
TX0004102649,0
TX0004102672,0
TX0004102702,0
TX0004102755,0
TX0004102763,0
TX0004102788,0
TX0004102812,0
TX0004102874,0
TX0004102882,0
TX0004102908,0
TX0004102919,0
TX0004102922,0
TX0004102923,0
TX0004102932,0
TX0004102936,0
TX0004102947,0
TX0004103093,0
TX0004103095,0
TX0004103104,0
TX0004103130,0
TX0004103165,0
TX0004103173,0
TX0004103195,0
TX0004103220,0
TX0004103249,0
TX0004103275,0
TX0004103310,0
TX0004103319,0
TX0004103334,0
TX0004103347,0
TX0004103361,0
TX0004103469,0
TX0004103484,0
TX0004103493,0
TX0004103529,0
TX0004103559,0
TX0004103564,0
TX0004103595,0
TX0004103606,0
TX0004103614,0
TX0004103685,0
TX0004103692,0
TX0004103768,0
TX0004103775,0
TX0004103802,0
TX0004103845,0
TX0004103846,0
TX0004103874,0
TX0004103900,0
TX0004103927,0
TX0004103928,0
TX0004103939,0
TX0004104039,0
TX0004104045,0
TX0004104049,0
TX0004104092,0
TX0004104123,0
TX0004104155,0
TX0004104165,0
TX0004104179,0
TX0004104184,0
TX0004104219,0
TX0004104358,0
TX0004104366,0
TX0004104367,0
TX0004104432,0
TX0004104465,0
TX0004104487,0
TX0004104488,0
TX0004104534,0
TX0004104543,0
TX0004104544,0
TX0004104559,0
TX0004104626,0
TX0004104708,0
TX0004104712,0
TX0004104717,0
TX0004104756,0
TX0004104775,0
TX0004104776,0
TX0004104783,0
TX0004104787,0
TX0004104789,0
TX0004104826,0
TX0004104934,0
TX0004104937,0
TX0004104946,0
TX0004104961,0
TX0004104962,0
TX0004104978,0
TX0004105101,0
TX0004105111,0
TX0004105123,0
TX0004105160,0
TX0004105187,0
TX0004105188,0
TX0004105215,0
TX0004105289,0
TX0004105314,0
TX0004105316,0
TX0004105422,0
TX0004105494,0
TX0004105498,0
TX0004105509,0
TX0004105532,0
TX0004105592,0
TX0004105645,0
TX0004105674,0
TX0004105764,0
TX0004105824,0
TX0004105830,0
TX0004105879,0
TX0004105885,0
TX0004105893,0
TX0004105898,0
TX0004105909,0
TX0004105924,0
TX0004105963,0
TX0004105971,0
TX0004105996,0
TX0004106063,0
TX0004106088,0
TX0004106103,0
TX0004106146,0
TX0004106226,0
TX0004106230,0
TX0004106249,0
TX0004106287,0
TX0004106292,0
TX0004106301,0
TX0004106320,0
TX0004106380,0
TX0004106397,0
TX0004106419,0
TX0004106435,0
TX0004106448,0
TX0004106450,0
TX0004106459,0
TX0004106473,0
TX0004106479,0
TX0004106513,0
TX0004106523,0
TX0004106569,0
TX0004106595,0
TX0004106637,0
TX0004106650,0
TX0004106720,0
TX0004106747,0
TX0004106756,0
TX0004106762,0
TX0004106785,0
TX0004106812,0
TX0004106830,0
TX0004106843,0
TX0004106908,0
TX0004106912,0
TX0004106915,0
TX0004107037,0
TX0004107147,0
TX0004107184,0
TX0004107186,0
TX0004107359,0
TX0004107361,0
TX0004107370,0
TX0004107380,0
TX0004107387,0
TX0004107389,0
TX0004107417,0
TX0004107466,0
TX0004107522,0
TX0004107546,0
TX0004107547,0
TX0004107572,0
TX0004107593,0
TX0004107600,0
TX0004107611,0
TX0004107711,0
TX0004107781,0
TX0004107811,0
TX0004107819,0
TX0004107866,0
TX0004107891,0
TX0004107893,0
TX0004107919,0
TX0004107930,0
TX0004107969,0
TX0004108013,0
TX0004108081,0
TX0004108082,0
TX0004108127,0
TX0004108132,0
TX0004108182,0
TX0004108193,0
TX0004108224,0
TX0004108229,0
TX0004108248,0
TX0004108277,0
TX0004108295,0
TX0004108358,0
TX0004108392,0
TX0004108408,0
TX0004108409,0
TX0004108429,0
TX0004108439,0
TX0004108467,0
TX0004098681,0
TX0004098691,0
TX0004098735,0
TX0004098747,0
TX0004098853,0
TX0004098858,0
TX0004098890,0
TX0004098912,0
TX0004099005,0
TX0004099083,0
TX0004099128,0
TX0004099158,0
TX0004099195,0
TX0004099231,0
TX0004099282,0
TX0004099328,0
TX0004099344,0
TX0004099394,0
TX0004099415,0
TX0004099430,0
TX0004099468,0
TX0004099473,0
TX0004099480,0
TX0004099536,0
TX0004099544,0
TX0004099555,0
TX0004099592,0
TX0004099594,0
TX0004099666,0
TX0004099683,0
TX0004099696,0
TX0004099726,0
TX0004099744,0
TX0004099745,0
TX0004099844,0
TX0004099846,0
TX0004099848,0
TX0004099878,0
TX0004099911,0
TX0004099924,0
TX0004099932,0
TX0004099943,0
TX0004099968,0
TX0004099981,0
TX0004100000,0
TX0004100012,0
TX0004100023,0
TX0004100048,0
TX0004100060,0
TX0004100080,0
TX0004100087,0
TX0004100095,0
TX0004100145,0
TX0004100161,0
TX0004100190,0
TX0004100200,0
TX0004100236,0
TX0004100278,0
TX0004100319,0
TX0004100323,0
TX0004100344,0
TX0004100360,0
TX0004100369,0
TX0004100395,0
TX0004100449,0
TX0004100525,0
TX0004100596,0
TX0004100646,0
TX0004100648,0
TX0004100657,0
TX0004100716,0
TX0004100721,0
TX0004100805,0
TX0004100839,0
TX0004100897,0
TX0004100907,0
TX0004101037,0
TX0004101039,0
TX0004101061,0
TX0004101102,0
TX0004101114,0
TX0004101154,0
TX0004101171,0
TX0004101225,0
TX0004101265,0
TX0004101372,0
TX0004101431,0
TX0004101482,0
TX0004101541,0
TX0004101549,0
TX0004101565,0
TX0004101657,0
TX0004101661,0
TX0004101709,0
TX0004101710,0
TX0004101715,0
TX0004101736,0
TX0004101765,0
TX0004101841,0
TX0004101895,0
TX0004101906,0
TX0004101907,0
TX0004101917,0
TX0004101990,0
TX0004102040,0
TX0004102080,0
TX0004102095,0
TX0004102128,0
TX0004102145,0
TX0004102171,0
TX0004102229,0
TX0004102259,0
TX0004102268,0
TX0004102291,0
TX0004102306,0
TX0004102373,0
TX0004102425,0
TX0004102451,0
TX0004102459,0
TX0004102470,0
TX0004102482,0
TX0004102519,0
TX0004102564,0
TX0004102575,0
TX0004102577,0
TX0004102612,0
TX0004102635,0
TX0004102641,0
TX0004102660,0
TX0004102688,0
TX0004102703,0
TX0004102704,0
TX0004102711,0
TX0004102780,0
TX0004102784,0
TX0004102787,0
TX0004102831,0
TX0004102872,0
TX0004102901,0
TX0004102944,0
TX0004102945,0
TX0004102970,0
TX0004102993,0
TX0004102994,0
TX0004103009,0
TX0004103062,0
TX0004103081,0
TX0004103101,0
TX0004103114,0
TX0004103211,0
TX0004103252,0
TX0004103324,0
TX0004103363,0
TX0004103372,0
TX0004103407,0
TX0004103439,0
TX0004103475,0
TX0004103480,0
TX0004103515,0
TX0004103523,0
TX0004103580,0
TX0004103621,0
TX0004103627,0
TX0004103631,0
TX0004103635,0
TX0004103669,0
TX0004103671,0
TX0004103699,0
TX0004103700,0
TX0004103707,0
TX0004103708,0
TX0004103733,0
TX0004103773,0
TX0004103787,0
TX0004103790,0
TX0004103799,0
TX0004103801,0
TX0004103805,0
TX0004103861,0
TX0004103886,0
TX0004103903,0
TX0004103936,0
TX0004103947,0
TX0004103968,0
TX0004104038,0
TX0004104041,0
TX0004104078,0
TX0004104093,0
TX0004104106,0
TX0004104127,0
TX0004104213,0
TX0004104221,0
TX0004104228,0
TX0004104285,0
TX0004104296,0
TX0004104299,0
TX0004104317,0
TX0004104328,0
TX0004104334,0
TX0004104353,0
TX0004104372,0
TX0004104390,0
TX0004104469,0
TX0004104522,0
TX0004104523,0
TX0004104625,0
TX0004104671,0
TX0004104714,0
TX0004104733,0
TX0004104773,0
TX0004104805,0
TX0004104813,0
TX0004104853,0
TX0004104855,0
TX0004104857,0
TX0004104865,0
TX0004104899,0
TX0004104913,0
TX0004104925,0
TX0004104993,0
TX0004105018,0
TX0004105026,0
TX0004105072,0
TX0004105093,0
TX0004105133,0
TX0004105179,0
TX0004105272,0
TX0004105306,0
TX0004105307,0
TX0004105441,0
TX0004105483,0
TX0004105505,0
TX0004105513,0
TX0004105582,0
TX0004105613,0
TX0004105684,0
TX0004105718,0
TX0004105759,0
TX0004105802,0
TX0004105890,0
TX0004105923,0
TX0004105925,0
TX0004105935,0
TX0004105939,0
TX0004105946,0
TX0004105950,0
TX0004105994,0
TX0004106007,0
TX0004106128,0
TX0004106151,0
TX0004106165,0
TX0004106195,0
TX0004106210,0
TX0004106220,0
TX0004106244,0
TX0004106248,0
TX0004106267,0
TX0004106272,0
TX0004106280,0
TX0004106285,0
TX0004106326,0
TX0004106469,0
TX0004106572,0
TX0004106575,0
TX0004106645,0
TX0004106682,0
TX0004106699,0
TX0004106707,0
TX0004106718,0
TX0004106719,0
TX0004106749,0
TX0004106755,0
TX0004106782,0
TX0004106839,0
TX0004106957,0
TX0004106995,0
TX0004107017,0
TX0004107071,0
TX0004107085,0
TX0004107139,0
TX0004107204,0
TX0004107208,0
TX0004107300,0
TX0004107366,0
TX0004107386,0
TX0004107413,0
TX0004107443,0
TX0004107469,0
TX0004107504,0
TX0004107520,0
TX0004107528,0
TX0004107545,0
TX0004107619,0
TX0004107639,0
TX0004107700,0
TX0004107800,0
TX0004107908,0
TX0004107948,0
TX0004107951,0
TX0004107999,0
TX0004108114,0
TX0004108141,0
TX0004108145,0
TX0004108151,0
TX0004108152,0
TX0004108156,0
TX0004108162,0
TX0004108166,0
TX0004108211,0
TX0004108287,0
TX0004108338,0
TX0004108362,0
TX0004108363,0
TX0004108464,0
TX0004108466,0
TX0004108519,0
TX0004108526,0
TX0004098671,0
TX0004098676,0
TX0004098678,0
TX0004098695,0
TX0004098740,0
TX0004098913,0
TX0004098951,0
TX0004098967,0
TX0004099071,0
TX0004099096,0
TX0004099097,0
TX0004099105,0
TX0004099125,0
TX0004099127,0
TX0004099140,0
TX0004099190,0
TX0004099272,0
TX0004099284,0
TX0004099390,0
TX0004099412,0
TX0004099423,0
TX0004099426,0
TX0004099432,0
TX0004099465,0
TX0004099482,0
TX0004099549,0
TX0004099561,0
TX0004099565,0
TX0004099593,0
TX0004099606,0
TX0004099621,0
TX0004099633,0
TX0004099655,0
TX0004099672,0
TX0004099675,0
TX0004099686,0
TX0004099687,0
TX0004099698,0
TX0004099728,0
TX0004099738,0
TX0004099803,0
TX0004099806,0
TX0004099837,0
TX0004099871,0
TX0004099897,0
TX0004099950,0
TX0004100008,0
TX0004100015,0
TX0004100039,0
TX0004100082,0
TX0004100151,0
TX0004100184,0
TX0004100247,0
TX0004100249,0
TX0004100276,0
TX0004100301,0
TX0004100352,0
TX0004100357,0
TX0004100358,0
TX0004100379,0
TX0004100414,0
TX0004100429,0
TX0004100432,0
TX0004100435,0
TX0004100454,0
TX0004100466,0
TX0004100541,0
TX0004100578,0
TX0004100651,0
TX0004100684,0
TX0004100694,0
TX0004100703,0
TX0004100743,0
TX0004100751,0
TX0004100845,0
TX0004100851,0
TX0004100863,0
TX0004100896,0
TX0004100972,0
TX0004100998,0
TX0004101008,0
TX0004101009,0
TX0004101012,0
TX0004101118,0
TX0004101212,0
TX0004101280,0
TX0004101288,0
TX0004101289,0
TX0004101318,0
TX0004101320,0
TX0004101424,0
TX0004101489,0
TX0004101521,0
TX0004101530,0
TX0004101539,0
TX0004101617,0
TX0004101681,0
TX0004101689,0
TX0004101711,0
TX0004101716,0
TX0004101777,0
TX0004101782,0
TX0004101820,0
TX0004101854,0
TX0004101871,0
TX0004101880,0
TX0004101911,0
TX0004101945,0
TX0004101968,0
TX0004101981,0
TX0004101986,0
TX0004102009,0
TX0004102057,0
TX0004102122,0
TX0004102146,0
TX0004102169,0
TX0004102176,0
TX0004102231,0
TX0004102236,0
TX0004102260,0
TX0004102262,0
TX0004102275,0
TX0004102389,0
TX0004102412,0
TX0004102473,0
TX0004102477,0
TX0004102499,0
TX0004102568,0
TX0004102587,0
TX0004102602,0
TX0004102609,0
TX0004102613,0
TX0004102640,0
TX0004102666,0
TX0004102718,0
TX0004102791,0
TX0004102845,0
TX0004102871,0
TX0004102920,0
TX0004102962,0
TX0004102968,0
TX0004103000,0
TX0004103010,0
TX0004103044,0
TX0004103127,0
TX0004103171,0
TX0004103340,0
TX0004103352,0
TX0004103505,0
TX0004103507,0
TX0004103524,0
TX0004103543,0
TX0004103565,0
TX0004103596,0
TX0004103613,0
TX0004103617,0
TX0004103661,0
TX0004103670,0
TX0004103726,0
TX0004103757,0
TX0004103848,0
TX0004103908,0
TX0004103915,0
TX0004103946,0
TX0004103963,0
TX0004104014,0
TX0004104030,0
TX0004104094,0
TX0004104125,0
TX0004104156,0
TX0004104163,0
TX0004104164,0
TX0004104170,0
TX0004104178,0
TX0004104218,0
TX0004104238,0
TX0004104267,0
TX0004104271,0
TX0004104323,0
TX0004104393,0
TX0004104401,0
TX0004104490,0
TX0004104495,0
TX0004104561,0
TX0004104563,0
TX0004104715,0
TX0004104793,0
TX0004104873,0
TX0004104876,0
TX0004104895,0
TX0004104924,0
TX0004104970,0
TX0004104994,0
TX0004104999,0
TX0004105020,0
TX0004105039,0
TX0004105043,0
TX0004105121,0
TX0004105139,0
TX0004105176,0
TX0004105183,0
TX0004105254,0
TX0004105268,0
TX0004105313,0
TX0004105410,0
TX0004105434,0
TX0004105482,0
TX0004105583,0
TX0004105588,0
TX0004105595,0
TX0004105669,0
TX0004105736,0
TX0004105739,0
TX0004105765,0
TX0004105787,0
TX0004105812,0
TX0004105828,0
TX0004105834,0
TX0004105839,0
TX0004105840,0
TX0004105886,0
TX0004105907,0
TX0004105992,0
TX0004106065,0
TX0004106092,0
TX0004106115,0
TX0004106137,0
TX0004106152,0
TX0004106163,0
TX0004106199,0
TX0004106284,0
TX0004106329,0
TX0004106370,0
TX0004106453,0
TX0004106462,0
TX0004106465,0
TX0004106471,0
TX0004106483,0
TX0004106529,0
TX0004106560,0
TX0004106618,0
TX0004106622,0
TX0004106628,0
TX0004106634,0
TX0004106663,0
TX0004106711,0
TX0004106735,0
TX0004106744,0
TX0004106800,0
TX0004106816,0
TX0004106856,0
TX0004106901,0
TX0004106918,0
TX0004106928,0
TX0004106932,0
TX0004106975,0
TX0004107016,0
TX0004107043,0
TX0004107079,0
TX0004107105,0
TX0004107121,0
TX0004107125,0
TX0004107130,0
TX0004107193,0
TX0004107207,0
TX0004107214,0
TX0004107226,0
TX0004107276,0
TX0004107283,0
TX0004107297,0
TX0004107304,0
TX0004107316,0
TX0004107335,0
TX0004107336,0
TX0004107352,0
TX0004107484,0
TX0004107489,0
TX0004107499,0
TX0004107508,0
TX0004107523,0
TX0004107566,0
TX0004107573,0
TX0004107772,0
TX0004107774,0
TX0004107784,0
TX0004107793,0
TX0004107805,0
TX0004107900,0
TX0004107940,0
TX0004107972,0
TX0004107973,0
TX0004108035,0
TX0004108083,0
TX0004108131,0
TX0004108160,0
TX0004108187,0
TX0004108188,0
TX0004108204,0
TX0004108232,0
TX0004108239,0
TX0004108249,0
TX0004108265,0
TX0004108296,0
TX0004108348,0
TX0004108378,0
TX0004108389,0
TX0004108427,0
TX0004108451,0
TX0004108458,0
TX0004108501,0
TX0002762113,1
TX0003756258,1
TX0004098656,0
TX0004098679,0
TX0004098706,0
TX0004098751,0
TX0004098752,0
TX0004098756,0
TX0004098781,0
TX0004098818,0
TX0004098887,0
TX0004098891,0
TX0004098901,0
TX0004098924,0
TX0004098969,0
TX0004099008,0
TX0004099023,0
TX0004099040,0
TX0004099073,0
TX0004099079,0
TX0004099087,0
TX0004099122,0
TX0004099163,0
TX0004099202,0
TX0004099203,0
TX0004099209,0
TX0004099232,0
TX0004099266,0
TX0004099311,0
TX0004099313,0
TX0004099339,0
TX0004099342,0
TX0004099357,0
TX0004099358,0
TX0004099379,0
TX0004099419,0
TX0004099434,0
TX0004099476,0
TX0004099479,0
TX0004099522,0
TX0004099554,0
TX0004099778,0
TX0004099796,0
TX0004099812,0
TX0004099845,0
TX0004099869,0
TX0004099904,0
TX0004099910,0
TX0004099951,0
TX0004099953,0
TX0004099993,0
TX0004099994,0
TX0004100014,0
TX0004100025,0
TX0004100066,0
TX0004100068,0
TX0004100076,0
TX0004100089,0
TX0004100098,0
TX0004100112,0
TX0004100113,0
TX0004100150,0
TX0004100153,0
TX0004100203,0
TX0004100206,0
TX0004100316,0
TX0004100333,0
TX0004100349,0
TX0004100424,0
TX0004100438,0
TX0004100439,0
TX0004100539,0
TX0004100570,0
TX0004100637,0
TX0004100697,0
TX0004100705,0
TX0004100712,0
TX0004100744,0
TX0004100774,0
TX0004100783,0
TX0004100790,0
TX0004100794,0
TX0004100827,0
TX0004100843,0
TX0004100850,0
TX0004100861,0
TX0004100876,0
TX0004100887,0
TX0004100890,0
TX0004100894,0
TX0004100943,0
TX0004100967,0
TX0004100993,0
TX0004100999,0
TX0004101178,0
TX0004101223,0
TX0004101228,0
TX0004101240,0
TX0004101270,0
TX0004101282,0
TX0004101291,0
TX0004101344,0
TX0004101362,0
TX0004101403,0
TX0004101458,0
TX0004101585,0
TX0004101614,0
TX0004101632,0
TX0004101735,0
TX0004101778,0
TX0004101811,0
TX0004101827,0
TX0004101838,0
TX0004101849,0
TX0004101896,0
TX0004101900,0
TX0004101976,0
TX0004102096,0
TX0004102098,0
TX0004102112,0
TX0004102116,0
TX0004102147,0
TX0004102168,0
TX0004102173,0
TX0004102191,0
TX0004102207,0
TX0004102208,0
TX0004102217,0
TX0004102255,0
TX0004102261,0
TX0004102294,0
TX0004102357,0
TX0004102382,0
TX0004102424,0
TX0004102444,0
TX0004102481,0
TX0004102486,0
TX0004102751,0
TX0004102783,0
TX0004102818,0
TX0004102822,0
TX0004102854,0
TX0004102867,0
TX0004102952,0
TX0004102959,0
TX0004102960,0
TX0004102967,0
TX0004102984,0
TX0004103032,0
TX0004103053,0
TX0004103159,0
TX0004103161,0
TX0004103198,0
TX0004103242,0
TX0004103279,0
TX0004103328,0
TX0004103329,0
TX0004103346,0
TX0004103436,0
TX0004103441,0
TX0004103444,0
TX0004103459,0
TX0004103483,0
TX0004103486,0
TX0004103558,0
TX0004103576,0
TX0004103577,0
TX0004103623,0
TX0004103678,0
TX0004103712,0
TX0004103758,0
TX0004103789,0
TX0004103867,0
TX0004103877,0
TX0004103881,0
TX0004103882,0
TX0004103912,0
TX0004103919,0
TX0004103948,0
TX0004103954,0
TX0004103966,0
TX0004104031,0
TX0004104145,0
TX0004104207,0
TX0004104216,0
TX0004104230,0
TX0004104262,0
TX0004104266,0
TX0004104307,0
TX0004104340,0
TX0004104368,0
TX0004104456,0
TX0004104486,0
TX0004104510,0
TX0004104519,0
TX0004104528,0
TX0004104571,0
TX0004104579,0
TX0004104581,0
TX0004104588,0
TX0004104604,0
TX0004104636,0
TX0004104644,0
TX0004104670,0
TX0004104673,0
TX0004104676,0
TX0004104709,0
TX0004104834,0
TX0004104854,0
TX0004104863,0
TX0004104864,0
TX0004104902,0
TX0004104906,0
TX0004104990,0
TX0004105008,0
TX0004105052,0
TX0004105086,0
TX0004105088,0
TX0004105116,0
TX0004105119,0
TX0004105122,0
TX0004105146,0
TX0004105204,0
TX0004105217,0
TX0004105241,0
TX0004105266,0
TX0004105329,0
TX0004105361,0
TX0004105385,0
TX0004105398,0
TX0004105415,0
TX0004105435,0
TX0004105449,0
TX0004105529,0
TX0004105602,0
TX0004105647,0
TX0004105650,0
TX0004105683,0
TX0004105751,0
TX0004105771,0
TX0004105784,0
TX0004105801,0
TX0004105823,0
TX0004105875,0
TX0004105883,0
TX0004105918,0
TX0004105938,0
TX0004105945,0
TX0004105997,0
TX0004106008,0
TX0004106056,0
TX0004106113,0
TX0004106126,0
TX0004106143,0
TX0004106265,0
TX0004106288,0
TX0004106308,0
TX0004106319,0
TX0004106358,0
TX0004106385,0
TX0004106446,0
TX0004106527,0
TX0004106629,0
TX0004106678,0
TX0004106751,0
TX0004106778,0
TX0004106811,0
TX0004106823,0
TX0004106974,0
TX0004107025,0
TX0004107052,0
TX0004107133,0
TX0004107225,0
TX0004107227,0
TX0004107278,0
TX0004107319,0
TX0004107342,0
TX0004107343,0
TX0004107364,0
TX0004107388,0
TX0004107399,0
TX0004107416,0
TX0004107437,0
TX0004107458,0
TX0004107461,0
TX0004107478,0
TX0004107564,0
TX0004107597,0
TX0004107614,0
TX0004107643,0
TX0004107694,0
TX0004107704,0
TX0004107709,0
TX0004107729,0
TX0004107744,0
TX0004107755,0
TX0004107757,0
TX0004107783,0
TX0004107802,0
TX0004107812,0
TX0004107822,0
TX0004107831,0
TX0004107882,0
TX0004107949,0
TX0004107959,0
TX0004107974,0
TX0004107994,0
TX0004108045,0
TX0004108139,0
TX0004108196,0
TX0004108206,0
TX0004108213,0
TX0004108233,0
TX0004108285,0
TX0004108286,0
TX0004108301,0
TX0004108352,0
TX0004108399,0
TX0004108473,0
TX0004108488,0
TX0004108522,0
TX0004098677,0
TX0004098766,0
TX0004098777,0
TX0004098798,0
TX0004098806,0
TX0004098852,0
TX0004098882,0
TX0004098895,0
TX0004098972,0
TX0004098988,0
TX0004099088,0
TX0004099113,0
TX0004099124,0
TX0004099142,0
TX0004099151,0
TX0004099168,0
TX0004099173,0
TX0004099194,0
TX0004099240,0
TX0004099250,0
TX0004099265,0
TX0004099374,0
TX0004099393,0
TX0004099398,0
TX0004099417,0
TX0004099427,0
TX0004099459,0
TX0004099540,0
TX0004099543,0
TX0004099639,0
TX0004099643,0
TX0004099676,0
TX0004099693,0
TX0004099729,0
TX0004099735,0
TX0004099754,0
TX0004099863,0
TX0004099896,0
TX0004099915,0
TX0004099989,0
TX0004099999,0
TX0004100090,0
TX0004100127,0
TX0004100129,0
TX0004100148,0
TX0004100186,0
TX0004100212,0
TX0004100219,0
TX0004100253,0
TX0004100283,0
TX0004100320,0
TX0004100339,0
TX0004100341,0
TX0004100397,0
TX0004100451,0
TX0004100474,0
TX0004100482,0
TX0004100487,0
TX0004100532,0
TX0004100652,0
TX0004100715,0
TX0004100835,0
TX0004100877,0
TX0004100924,0
TX0004100929,0
TX0004100968,0
TX0004101016,0
TX0004101017,0
TX0004101057,0
TX0004101074,0
TX0004101093,0
TX0004101127,0
TX0004101137,0
TX0004101140,0
TX0004101152,0
TX0004101176,0
TX0004101243,0
TX0004101247,0
TX0004101249,0
TX0004101328,0
TX0004101390,0
TX0004101396,0
TX0004101416,0
TX0004101452,0
TX0004101460,0
TX0004101518,0
TX0004101554,0
TX0004101588,0
TX0004101589,0
TX0004101590,0
TX0004101597,0
TX0004101609,0
TX0004101691,0
TX0004101712,0
TX0004101733,0
TX0004101794,0
TX0004101796,0
TX0004101825,0
TX0004101938,0
TX0004101946,0
TX0004101960,0
TX0004102016,0
TX0004102028,0
TX0004102042,0
TX0004102071,0
TX0004102123,0
TX0004102129,0
TX0004102143,0
TX0004102183,0
TX0004102242,0
TX0004102266,0
TX0004102293,0
TX0004102324,0
TX0004102328,0
TX0004102338,0
TX0004102339,0
TX0004102340,0
TX0004102341,0
TX0004102355,0
TX0004102356,0
TX0004102362,0
TX0004102376,0
TX0004102385,0
TX0004102441,0
TX0004102462,0
TX0004102472,0
TX0004102479,0
TX0004102614,0
TX0004102653,0
TX0004102689,0
TX0004102714,0
TX0004102723,0
TX0004102724,0
TX0004102844,0
TX0004102855,0
TX0004102877,0
TX0004102894,0
TX0004102924,0
TX0004102979,0
TX0004102996,0
TX0004103021,0
TX0004103031,0
TX0004103052,0
TX0004103065,0
TX0004103097,0
TX0004103117,0
TX0004103121,0
TX0004103151,0
TX0004103168,0
TX0004103244,0
TX0004103262,0
TX0004103263,0
TX0004103282,0
TX0004103377,0
TX0004103393,0
TX0004103447,0
TX0004103452,0
TX0004103470,0
TX0004103472,0
TX0004103478,0
TX0004103488,0
TX0004103492,0
TX0004103555,0
TX0004103616,0
TX0004103633,0
TX0004103656,0
TX0004103658,0
TX0004103674,0
TX0004103806,0
TX0004103817,0
TX0004103891,0
TX0004103913,0
TX0004103949,0
TX0004103971,0
TX0004103972,0
TX0004103986,0
TX0004103999,0
TX0004104003,0
TX0004104113,0
TX0004104115,0
TX0004104151,0
TX0004104168,0
TX0004104173,0
TX0004104192,0
TX0004104198,0
TX0004104274,0
TX0004104306,0
TX0004104404,0
TX0004104479,0
TX0004104485,0
TX0004104513,0
TX0004104587,0
TX0004104611,0
TX0004104639,0
TX0004104642,0
TX0004104663,0
TX0004104677,0
TX0004104684,0
TX0004104726,0
TX0004104797,0
TX0004104801,0
TX0004104837,0
TX0004104920,0
TX0004104922,0
TX0004104927,0
TX0004104949,0
TX0004105017,0
TX0004105019,0
TX0004105032,0
TX0004105114,0
TX0004105170,0
TX0004105189,0
TX0004105216,0
TX0004105223,0
TX0004105229,0
TX0004105234,0
TX0004105290,0
TX0004105302,0
TX0004105319,0
TX0004105328,0
TX0004105341,0
TX0004105393,0
TX0004105420,0
TX0004105429,0
TX0004105443,0
TX0004105485,0
TX0004105514,0
TX0004105525,0
TX0004105531,0
TX0004105552,0
TX0004105569,0
TX0004105576,0
TX0004105599,0
TX0004105628,0
TX0004105632,0
TX0004105667,0
TX0004105740,0
TX0004105763,0
TX0004105772,0
TX0004105880,0
TX0004105903,0
TX0004105954,0
TX0004106010,0
TX0004106033,0
TX0004106181,0
TX0004106264,0
TX0004106278,0
TX0004106298,0
TX0004106299,0
TX0004106324,0
TX0004106360,0
TX0004106371,0
TX0004106412,0
TX0004106433,0
TX0004106454,0
TX0004106486,0
TX0004106494,0
TX0004106496,0
TX0004106535,0
TX0004106543,0
TX0004106579,0
TX0004106580,0
TX0004106602,0
TX0004106627,0
TX0004106643,0
TX0004106664,0
TX0004106731,0
TX0004106736,0
TX0004106769,0
TX0004106771,0
TX0004106801,0
TX0004106844,0
TX0004106923,0
TX0004106936,0
TX0004106958,0
TX0004107033,0
TX0004107041,0
TX0004107092,0
TX0004107129,0
TX0004107141,0
TX0004107181,0
TX0004107219,0
TX0004107260,0
TX0004107273,0
TX0004107274,0
TX0004107277,0
TX0004107312,0
TX0004107397,0
TX0004107442,0
TX0004107492,0
TX0004107500,0
TX0004107529,0
TX0004107535,0
TX0004107549,0
TX0004107602,0
TX0004107609,0
TX0004107613,0
TX0004107615,0
TX0004107630,0
TX0004107648,0
TX0004107657,0
TX0004107666,0
TX0004107718,0
TX0004107743,0
TX0004107753,0
TX0004107763,0
TX0004107764,0
TX0004107795,0
TX0004107856,0
TX0004107901,0
TX0004107986,0
TX0004108001,0
TX0004108026,0
TX0004108218,0
TX0004108231,0
TX0004108319,0
TX0004108393,0
TX0004108405,0
TX0004108406,0
TX0004098672,0
TX0004098673,0
TX0004098690,0
TX0004098711,0
TX0004098749,0
TX0004098786,0
TX0004098843,0
TX0004098867,0
TX0004098896,0
TX0004098960,0
TX0004098994,0
TX0004099003,0
TX0004099014,0
TX0004099050,0
TX0004099064,0
TX0004099080,0
TX0004099134,0
TX0004099138,0
TX0004099197,0
TX0004099237,0
TX0004099270,0
TX0004099276,0
TX0004099324,0
TX0004099388,0
TX0004099446,0
TX0004099481,0
TX0004099491,0
TX0004099502,0
TX0004099506,0
TX0004099537,0
TX0004099581,0
TX0004099596,0
TX0004099619,0
TX0004099651,0
TX0004099664,0
TX0004099695,0
TX0004099768,0
TX0004099797,0
TX0004099839,0
TX0004099895,0
TX0004099949,0
TX0004099960,0
TX0004099978,0
TX0004099983,0
TX0004099987,0
TX0004099988,0
TX0004100018,0
TX0004100026,0
TX0004100043,0
TX0004100061,0
TX0004100078,0
TX0004100083,0
TX0004100093,0
TX0004100103,0
TX0004100138,0
TX0004100140,0
TX0004100144,0
TX0004100177,0
TX0004100180,0
TX0004100193,0
TX0004100262,0
TX0004100321,0
TX0004100322,0
TX0004100394,0
TX0004100405,0
TX0004100504,0
TX0004100548,0
TX0004100582,0
TX0004100599,0
TX0004100623,0
TX0004100776,0
TX0004100786,0
TX0004100819,0
TX0004100838,0
TX0004100882,0
TX0004100927,0
TX0004100938,0
TX0004100975,0
TX0004100978,0
TX0004101030,0
TX0004101112,0
TX0004101166,0
TX0004101167,0
TX0004101194,0
TX0004101233,0
TX0004101261,0
TX0004101269,0
TX0004101303,0
TX0004101314,0
TX0004101374,0
TX0004101399,0
TX0004101404,0
TX0004101409,0
TX0004101478,0
TX0004101538,0
TX0004101547,0
TX0004101563,0
TX0004101593,0
TX0004101606,0
TX0004101625,0
TX0004101639,0
TX0004101677,0
TX0004101694,0
TX0004101696,0
TX0004101757,0
TX0004101788,0
TX0004101828,0
TX0004101835,0
TX0004101970,0
TX0004101989,0
TX0004102019,0
TX0004102043,0
TX0004102046,0
TX0004102070,0
TX0004102092,0
TX0004102094,0
TX0004102103,0
TX0004102110,0
TX0004102127,0
TX0004102149,0
TX0004102182,0
TX0004102206,0
TX0004102400,0
TX0004102427,0
TX0004102466,0
TX0004102476,0
TX0004102537,0
TX0004102580,0
TX0004102582,0
TX0004102583,0
TX0004102601,0
TX0004102615,0
TX0004102630,0
TX0004102651,0
TX0004102667,0
TX0004102687,0
TX0004102712,0
TX0004102713,0
TX0004102852,0
TX0004102858,0
TX0004102875,0
TX0004102917,0
TX0004102918,0
TX0004102925,0
TX0004102956,0
TX0004102961,0
TX0004102991,0
TX0004103041,0
TX0004103046,0
TX0004103051,0
TX0004103089,0
TX0004103102,0
TX0004103182,0
TX0004103215,0
TX0004103225,0
TX0004103229,0
TX0004103253,0
TX0004103288,0
TX0004103301,0
TX0004103362,0
TX0004103364,0
TX0004103390,0
TX0004103432,0
TX0004103446,0
TX0004103498,0
TX0004103506,0
TX0004103551,0
TX0004103552,0
TX0004103575,0
TX0004103588,0
TX0004103638,0
TX0004103662,0
TX0004103719,0
TX0004103749,0
TX0004103756,0
TX0004103870,0
TX0004103906,0
TX0004103944,0
TX0004103977,0
TX0004104008,0
TX0004104022,0
TX0004104037,0
TX0004104118,0
TX0004104205,0
TX0004104255,0
TX0004104327,0
TX0004104347,0
TX0004104370,0
TX0004104416,0
TX0004104437,0
TX0004104454,0
TX0004104467,0
TX0004104483,0
TX0004104505,0
TX0004104515,0
TX0004104550,0
TX0004104558,0
TX0004104596,0
TX0004104627,0
TX0004104628,0
TX0004104647,0
TX0004104648,0
TX0004104666,0
TX0004104730,0
TX0004104734,0
TX0004104761,0
TX0004104804,0
TX0004104872,0
TX0004104897,0
TX0004105044,0
TX0004105047,0
TX0004105062,0
TX0004105091,0
TX0004105097,0
TX0004105098,0
TX0004105112,0
TX0004105113,0
TX0004105145,0
TX0004105159,0
TX0004105273,0
TX0004105278,0
TX0004105284,0
TX0004105363,0
TX0004105365,0
TX0004105387,0
TX0004105477,0
TX0004105517,0
TX0004105520,0
TX0004105540,0
TX0004105560,0
TX0004105563,0
TX0004105598,0
TX0004105609,0
TX0004105612,0
TX0004105620,0
TX0004105709,0
TX0004105715,0
TX0004105734,0
TX0004105776,0
TX0004105783,0
TX0004105821,0
TX0004105891,0
TX0004105920,0
TX0004105926,0
TX0004105955,0
TX0004106003,0
TX0004106005,0
TX0004106057,0
TX0004106072,0
TX0004106091,0
TX0004106106,0
TX0004106124,0
TX0004106136,0
TX0004106175,0
TX0004106191,0
TX0004106221,0
TX0004106223,0
TX0004106240,0
TX0004106241,0
TX0004106291,0
TX0004106321,0
TX0004106325,0
TX0004106488,0
TX0004106491,0
TX0004106550,0
TX0004106555,0
TX0004106598,0
TX0004106601,0
TX0004106615,0
TX0004106651,0
TX0004106704,0
TX0004106710,0
TX0004106738,0
TX0004106748,0
TX0004106797,0
TX0004106809,0
TX0004106810,0
TX0004106834,0
TX0004106873,0
TX0004106898,0
TX0004106913,0
TX0004106993,0
TX0004107049,0
TX0004107077,0
TX0004107082,0
TX0004107118,0
TX0004107188,0
TX0004107238,0
TX0004107350,0
TX0004107360,0
TX0004107408,0
TX0004107418,0
TX0004107445,0
TX0004107472,0
TX0004107483,0
TX0004107487,0
TX0004107514,0
TX0004107533,0
TX0004107538,0
TX0004107552,0
TX0004107665,0
TX0004107767,0
TX0004107790,0
TX0004107791,0
TX0004107809,0
TX0004107837,0
TX0004107855,0
TX0004107859,0
TX0004107896,0
TX0004107897,0
TX0004107904,0
TX0004107938,0
TX0004107955,0
TX0004108050,0
TX0004108059,0
TX0004108068,0
TX0004108091,0
TX0004108119,0
TX0004108178,0
TX0004108251,0
TX0004108268,0
TX0004108289,0
TX0004108374,0
TX0004108404,0
TX0004108446,0
TX0004108453,0
TX0004108472,0
TX0004108484,0
TX0004108513,0
TX0004108515,0
TX0004098705,0
TX0004098714,0
TX0004098769,0
TX0004098792,0
TX0004098822,0
TX0004098906,0
TX0004098914,0
TX0004098921,0
TX0004098959,0
TX0004099028,0
TX0004099041,0
TX0004099044,0
TX0004099051,0
TX0004099068,0
TX0004099143,0
TX0004099219,0
TX0004099235,0
TX0004099278,0
TX0004099279,0
TX0004099306,0
TX0004099442,0
TX0004099515,0
TX0004099531,0
TX0004099566,0
TX0004099656,0
TX0004099668,0
TX0004099751,0
TX0004099790,0
TX0004099818,0
TX0004099823,0
TX0004099954,0
TX0004099956,0
TX0004099962,0
TX0004100054,0
TX0004100211,0
TX0004100305,0
TX0004100308,0
TX0004100338,0
TX0004100380,0
TX0004100398,0
TX0004100407,0
TX0004100413,0
TX0004100421,0
TX0004100433,0
TX0004100472,0
TX0004100473,0
TX0004100475,0
TX0004100489,0
TX0004100503,0
TX0004100547,0
TX0004100560,0
TX0004100561,0
TX0004100601,0
TX0004100620,0
TX0004100650,0
TX0004100653,0
TX0004100749,0
TX0004100754,0
TX0004100849,0
TX0004100854,0
TX0004100911,0
TX0004100913,0
TX0004100920,0
TX0004100922,0
TX0004100956,0
TX0004100958,0
TX0004100985,0
TX0004101000,0
TX0004101056,0
TX0004101058,0
TX0004101067,0
TX0004101079,0
TX0004101132,0
TX0004101159,0
TX0004101182,0
TX0004101189,0
TX0004101232,0
TX0004101239,0
TX0004101253,0
TX0004101272,0
TX0004101284,0
TX0004101308,0
TX0004101311,0
TX0004101364,0
TX0004101397,0
TX0004101418,0
TX0004101472,0
TX0004101477,0
TX0004101493,0
TX0004101532,0
TX0004101548,0
TX0004101558,0
TX0004101615,0
TX0004101626,0
TX0004101646,0
TX0004101669,0
TX0004101708,0
TX0004101725,0
TX0004101754,0
TX0004101824,0
TX0004101826,0
TX0004101829,0
TX0004101842,0
TX0004101861,0
TX0004101892,0
TX0004101909,0
TX0004101912,0
TX0004101936,0
TX0004101967,0
TX0004102026,0
TX0004102029,0
TX0004102033,0
TX0004102087,0
TX0004102130,0
TX0004102151,0
TX0004102167,0
TX0004102245,0
TX0004102248,0
TX0004102273,0
TX0004102296,0
TX0004102297,0
TX0004102304,0
TX0004102305,0
TX0004102335,0
TX0004102351,0
TX0004102371,0
TX0004102397,0
TX0004102435,0
TX0004102460,0
TX0004102504,0
TX0004102515,0
TX0004102548,0
TX0004102559,0
TX0004102597,0
TX0004102603,0
TX0004102634,0
TX0004102680,0
TX0004102726,0
TX0004102759,0
TX0004102785,0
TX0004102802,0
TX0004102819,0
TX0004102823,0
TX0004102824,0
TX0004102830,0
TX0004102832,0
TX0004102860,0
TX0004102866,0
TX0004102916,0
TX0004102964,0
TX0004103029,0
TX0004103048,0
TX0004103077,0
TX0004103103,0
TX0004103178,0
TX0004103192,0
TX0004103209,0
TX0004103212,0
TX0004103234,0
TX0004103241,0
TX0004103280,0
TX0004103336,0
TX0004103380,0
TX0004103381,0
TX0004103403,0
TX0004103411,0
TX0004103445,0
TX0004103456,0
TX0004103535,0
TX0004103548,0
TX0004103554,0
TX0004103666,0
TX0004103697,0
TX0004103698,0
TX0004103705,0
TX0004103706,0
TX0004103730,0
TX0004103750,0
TX0004103784,0
TX0004103872,0
TX0004103894,0
TX0004103904,0
TX0004103907,0
TX0004103917,0
TX0004103923,0
TX0004103938,0
TX0004104004,0
TX0004104005,0
TX0004104052,0
TX0004104075,0
TX0004104077,0
TX0004104134,0
TX0004104204,0
TX0004104222,0
TX0004104231,0
TX0004104236,0
TX0004104295,0
TX0004104305,0
TX0004104341,0
TX0004104383,0
TX0004104384,0
TX0004104400,0
TX0004104406,0
TX0004104410,0
TX0004104426,0
TX0004104430,0
TX0004104455,0
TX0004104459,0
TX0004104608,0
TX0004104729,0
TX0004104750,0
TX0004104774,0
TX0004104814,0
TX0004104860,0
TX0004104921,0
TX0004104940,0
TX0004104947,0
TX0004104966,0
TX0004104981,0
TX0004105050,0
TX0004105095,0
TX0004105096,0
TX0004105167,0
TX0004105190,0
TX0004105218,0
TX0004105297,0
TX0004105335,0
TX0004105340,0
TX0004105352,0
TX0004105430,0
TX0004105455,0
TX0004105465,0
TX0004105507,0
TX0004105528,0
TX0004105538,0
TX0004105546,0
TX0004105565,0
TX0004105566,0
TX0004105570,0
TX0004105594,0
TX0004105596,0
TX0004105619,0
TX0004105630,0
TX0004105634,0
TX0004105648,0
TX0004105686,0
TX0004105738,0
TX0004105746,0
TX0004105747,0
TX0004105788,0
TX0004105795,0
TX0004105800,0
TX0004105805,0
TX0004105813,0
TX0004105817,0
TX0004105818,0
TX0004105827,0
TX0004105857,0
TX0004105866,0
TX0004105876,0
TX0004105952,0
TX0004106000,0
TX0004106013,0
TX0004106015,0
TX0004106104,0
TX0004106122,0
TX0004106157,0
TX0004106158,0
TX0004106172,0
TX0004106180,0
TX0004106271,0
TX0004106338,0
TX0004106347,0
TX0004106349,0
TX0004106369,0
TX0004106377,0
TX0004106403,0
TX0004106406,0
TX0004106441,0
TX0004106466,0
TX0004106508,0
TX0004106548,0
TX0004106556,0
TX0004106576,0
TX0004106616,0
TX0004106644,0
TX0004106653,0
TX0004106676,0
TX0004106698,0
TX0004106754,0
TX0004106858,0
TX0004106863,0
TX0004106885,0
TX0004106896,0
TX0004106914,0
TX0004106919,0
TX0004106930,0
TX0004106954,0
TX0004107011,0
TX0004107080,0
TX0004107087,0
TX0004107093,0
TX0004107107,0
TX0004107113,0
TX0004107116,0
TX0004107161,0
TX0004107163,0
TX0004107167,0
TX0004107172,0
TX0004107217,0
TX0004107239,0
TX0004107263,0
TX0004107285,0
TX0004107345,0
TX0004107401,0
TX0004107406,0
TX0004107438,0
TX0004107526,0
TX0004107532,0
TX0004107560,0
TX0004107561,0
TX0004107585,0
TX0004107598,0
TX0004107601,0
TX0004107620,0
TX0004107705,0
TX0004107816,0
TX0004107824,0
TX0004107913,0
TX0004107924,0
TX0004108029,0
TX0004108046,0
TX0004108071,0
TX0004108107,0
TX0004108129,0
TX0004108135,0
TX0004108144,0
TX0004108171,0
TX0004108189,0
TX0004108190,0
TX0004108194,0
TX0004108195,0
TX0004108259,0
TX0004108260,0
TX0004108288,0
TX0004108291,0
TX0004108317,0
TX0004108322,0
TX0004108344,0
TX0004108423,0
TX0004108434,0
TX0004108440,0
TX0004108477,0
TX0004108485,0
TX0004108494,0
TX0004108498,0
TX0004098660,0
TX0004098683,0
TX0004098729,0
TX0004098759,0
TX0004098816,0
TX0004098819,0
TX0004098829,0
TX0004098876,0
TX0004098885,0
TX0004098897,0
TX0004098907,0
TX0004098911,0
TX0004098945,0
TX0004098962,0
TX0004099039,0
TX0004099084,0
TX0004099109,0
TX0004099149,0
TX0004099256,0
TX0004099305,0
TX0004099307,0
TX0004099315,0
TX0004099320,0
TX0004099361,0
TX0004099469,0
TX0004099499,0
TX0004099501,0
TX0004099510,0
TX0004099539,0
TX0004099547,0
TX0004099559,0
TX0004099573,0
TX0004099583,0
TX0004099618,0
TX0004099657,0
TX0004099661,0
TX0004099715,0
TX0004099718,0
TX0004099743,0
TX0004099767,0
TX0004099788,0
TX0004099819,0
TX0004099824,0
TX0004099830,0
TX0004099853,0
TX0004099867,0
TX0004099884,0
TX0004099907,0
TX0004099914,0
TX0004099916,0
TX0004100030,0
TX0004100072,0
TX0004100073,0
TX0004100120,0
TX0004100123,0
TX0004100132,0
TX0004100133,0
TX0004100134,0
TX0004100135,0
TX0004100137,0
TX0004100152,0
TX0004100155,0
TX0004100175,0
TX0004100246,0
TX0004100272,0
TX0004100296,0
TX0004100297,0
TX0004100298,0
TX0004100337,0
TX0004100364,0
TX0004100373,0
TX0004100401,0
TX0004100425,0
TX0004100463,0
TX0004100485,0
TX0004100491,0
TX0004100545,0
TX0004100581,0
TX0004100624,0
TX0004100635,0
TX0004100700,0
TX0004100709,0
TX0004100727,0
TX0004100730,0
TX0004100735,0
TX0004100818,0
TX0004100820,0
TX0004100860,0
TX0004100870,0
TX0004100900,0
TX0004100981,0
TX0004101003,0
TX0004101028,0
TX0004101047,0
TX0004101054,0
TX0004101099,0
TX0004101153,0
TX0004101218,0
TX0004101315,0
TX0004101346,0
TX0004101353,0
TX0004101355,0
TX0004101387,0
TX0004101410,0
TX0004101428,0
TX0004101430,0
TX0004101437,0
TX0004101449,0
TX0004101495,0
TX0004101519,0
TX0004101524,0
TX0004101564,0
TX0004101601,0
TX0004101623,0
TX0004101700,0
TX0004101701,0
TX0004101746,0
TX0004101787,0
TX0004101793,0
TX0004101817,0
TX0004102068,0
TX0004102106,0
TX0004102111,0
TX0004102131,0
TX0004102132,0
TX0004102142,0
TX0004102178,0
TX0004102234,0
TX0004102257,0
TX0004102383,0
TX0004102430,0
TX0004102448,0
TX0004102463,0
TX0004102464,0
TX0004102533,0
TX0004102540,0
TX0004102547,0
TX0004102566,0
TX0004102659,0
TX0004102668,0
TX0004102677,0
TX0004102707,0
TX0004102734,0
TX0004102762,0
TX0004102815,0
TX0004102837,0
TX0004102889,0
TX0004102905,0
TX0004102929,0
TX0004102942,0
TX0004102958,0
TX0004103049,0
TX0004103068,0
TX0004103096,0
TX0004103158,0
TX0004103247,0
TX0004103270,0
TX0004103314,0
TX0004103330,0
TX0004103421,0
TX0004103431,0
TX0004103512,0
TX0004103585,0
TX0004103587,0
TX0004103722,0
TX0004103738,0
TX0004103747,0
TX0004103785,0
TX0004103793,0
TX0004103815,0
TX0004103816,0
TX0004103821,0
TX0004103824,0
TX0004103841,0
TX0004103849,0
TX0004103876,0
TX0004103979,0
TX0004104067,0
TX0004104070,0
TX0004104071,0
TX0004104079,0
TX0004104098,0
TX0004104137,0
TX0004104142,0
TX0004104240,0
TX0004104279,0
TX0004104361,0
TX0004104396,0
TX0004104493,0
TX0004104526,0
TX0004104527,0
TX0004104573,0
TX0004104607,0
TX0004104659,0
TX0004104692,0
TX0004104702,0
TX0004104738,0
TX0004104852,0
TX0004104856,0
TX0004104889,0
TX0004104957,0
TX0004104958,0
TX0004104972,0
TX0004104985,0
TX0004105005,0
TX0004105058,0
TX0004105083,0
TX0004105110,0
TX0004105143,0
TX0004105154,0
TX0004105185,0
TX0004105209,0
TX0004105227,0
TX0004105240,0
TX0004105315,0
TX0004105318,0
TX0004105333,0
TX0004105336,0
TX0004105371,0
TX0004105372,0
TX0004105418,0
TX0004105484,0
TX0004105508,0
TX0004105519,0
TX0004105638,0
TX0004105664,0
TX0004105676,0
TX0004105750,0
TX0004105768,0
TX0004105792,0
TX0004105803,0
TX0004105814,0
TX0004105815,0
TX0004105826,0
TX0004105853,0
TX0004105877,0
TX0004105933,0
TX0004105988,0
TX0004105998,0
TX0004106001,0
TX0004106027,0
TX0004106039,0
TX0004106040,0
TX0004106046,0
TX0004106068,0
TX0004106087,0
TX0004106110,0
TX0004106207,0
TX0004106270,0
TX0004106276,0
TX0004106277,0
TX0004106295,0
TX0004106396,0
TX0004106428,0
TX0004106460,0
TX0004106463,0
TX0004106467,0
TX0004106504,0
TX0004106512,0
TX0004106568,0
TX0004106591,0
TX0004106592,0
TX0004106610,0
TX0004106681,0
TX0004106709,0
TX0004106725,0
TX0004106799,0
TX0004106822,0
TX0004106824,0
TX0004106924,0
TX0004106933,0
TX0004106976,0
TX0004106999,0
TX0004107001,0
TX0004107005,0
TX0004107006,0
TX0004107036,0
TX0004107040,0
TX0004107044,0
TX0004107062,0
TX0004107104,0
TX0004107185,0
TX0004107211,0
TX0004107222,0
TX0004107251,0
TX0004107270,0
TX0004107318,0
TX0004107331,0
TX0004107356,0
TX0004107375,0
TX0004107376,0
TX0004107424,0
TX0004107444,0
TX0004107452,0
TX0004107482,0
TX0004107486,0
TX0004107517,0
TX0004107542,0
TX0004107557,0
TX0004107640,0
TX0004107652,0
TX0004107670,0
TX0004107673,0
TX0004107721,0
TX0004107739,0
TX0004107833,0
TX0004107834,0
TX0004107884,0
TX0004107890,0
TX0004107907,0
TX0004107939,0
TX0004107982,0
TX0004108003,0
TX0004108009,0
TX0004108020,0
TX0004108023,0
TX0004108044,0
TX0004108048,0
TX0004108049,0
TX0004108057,0
TX0004108062,0
TX0004108105,0
TX0004108128,0
TX0004108134,0
TX0004108169,0
TX0004108199,0
TX0004108221,0
TX0004108237,0
TX0004108240,0
TX0004108267,0
TX0004108276,0
TX0004108335,0
TX0004108347,0
TX0004108350,0
TX0004108382,0
TX0004108531,0
TX0004098674,0
TX0004098708,0
TX0004098728,0
TX0004098732,0
TX0004098780,0
TX0004098789,0
TX0004098809,0
TX0004098840,0
TX0004098869,0
TX0004098894,0
TX0004098920,0
TX0004098923,0
TX0004099006,0
TX0004099016,0
TX0004099036,0
TX0004099038,0
TX0004099066,0
TX0004099075,0
TX0004099102,0
TX0004099155,0
TX0004099167,0
TX0004099175,0
TX0004099188,0
TX0004099251,0
TX0004099308,0
TX0004099382,0
TX0004099386,0
TX0004099403,0
TX0004099424,0
TX0004099425,0
TX0004099458,0
TX0004099601,0
TX0004099635,0
TX0004099636,0
TX0004099709,0
TX0004099720,0
TX0004099763,0
TX0004099773,0
TX0004099804,0
TX0004099815,0
TX0004099829,0
TX0004099894,0
TX0004099944,0
TX0004100067,0
TX0004100069,0
TX0004100105,0
TX0004100111,0
TX0004100142,0
TX0004100228,0
TX0004100234,0
TX0004100250,0
TX0004100260,0
TX0004100300,0
TX0004100325,0
TX0004100372,0
TX0004100388,0
TX0004100418,0
TX0004100450,0
TX0004100467,0
TX0004100500,0
TX0004100549,0
TX0004100554,0
TX0004100605,0
TX0004100606,0
TX0004100613,0
TX0004100644,0
TX0004100677,0
TX0004100688,0
TX0004100711,0
TX0004100731,0
TX0004100755,0
TX0004100806,0
TX0004100809,0
TX0004100824,0
TX0004100909,0
TX0004100921,0
TX0004100977,0
TX0004100990,0
TX0004101021,0
TX0004101063,0
TX0004101104,0
TX0004101125,0
TX0004101148,0
TX0004101174,0
TX0004101196,0
TX0004101248,0
TX0004101250,0
TX0004101255,0
TX0004101333,0
TX0004101405,0
TX0004101415,0
TX0004101494,0
TX0004101523,0
TX0004101561,0
TX0004101562,0
TX0004101580,0
TX0004101581,0
TX0004101600,0
TX0004101668,0
TX0004101671,0
TX0004101713,0
TX0004101739,0
TX0004101862,0
TX0004101988,0
TX0004101997,0
TX0004102005,0
TX0004102010,0
TX0004102060,0
TX0004102063,0
TX0004102104,0
TX0004102108,0
TX0004102177,0
TX0004102226,0
TX0004102235,0
TX0004102256,0
TX0004102284,0
TX0004102307,0
TX0004102369,0
TX0004102404,0
TX0004102405,0
TX0004102428,0
TX0004102434,0
TX0004102455,0
TX0004102461,0
TX0004102483,0
TX0004102573,0
TX0004102625,0
TX0004102684,0
TX0004102705,0
TX0004102746,0
TX0004102749,0
TX0004102757,0
TX0004102761,0
TX0004102775,0
TX0004102838,0
TX0004102853,0
TX0004102927,0
TX0004102950,0
TX0004102978,0
TX0004102992,0
TX0004102997,0
TX0004103017,0
TX0004103030,0
TX0004103147,0
TX0004103157,0
TX0004103186,0
TX0004103293,0
TX0004103353,0
TX0004103366,0
TX0004103382,0
TX0004103383,0
TX0004103409,0
TX0004103450,0
TX0004103485,0
TX0004103562,0
TX0004103563,0
TX0004103598,0
TX0004103653,0
TX0004103659,0
TX0004103667,0
TX0004103715,0
TX0004103742,0
TX0004103764,0
TX0004103840,0
TX0004103847,0
TX0004103892,0
TX0004103901,0
TX0004103902,0
TX0004103975,0
TX0004103976,0
TX0004103984,0
TX0004104010,0
TX0004104025,0
TX0004104150,0
TX0004104154,0
TX0004104208,0
TX0004104278,0
TX0004104325,0
TX0004104330,0
TX0004104338,0
TX0004104379,0
TX0004104402,0
TX0004104460,0
TX0004104468,0
TX0004104476,0
TX0004104540,0
TX0004104565,0
TX0004104633,0
TX0004104740,0
TX0004104765,0
TX0004104779,0
TX0004104785,0
TX0004104819,0
TX0004104871,0
TX0004104880,0
TX0004104910,0
TX0004104944,0
TX0004104953,0
TX0004104995,0
TX0004104996,0
TX0004105012,0
TX0004105034,0
TX0004105042,0
TX0004105060,0
TX0004105063,0
TX0004105082,0
TX0004105134,0
TX0004105171,0
TX0004105172,0
TX0004105182,0
TX0004105193,0
TX0004105274,0
TX0004105285,0
TX0004105334,0
TX0004105375,0
TX0004105378,0
TX0004105386,0
TX0004105437,0
TX0004105495,0
TX0004105500,0
TX0004105574,0
TX0004105579,0
TX0004105657,0
TX0004105862,0
TX0004105888,0
TX0004105894,0
TX0004105910,0
TX0004105914,0
TX0004105965,0
TX0004106020,0
TX0004106073,0
TX0004106076,0
TX0004106102,0
TX0004106125,0
TX0004106273,0
TX0004106282,0
TX0004106350,0
TX0004106361,0
TX0004106408,0
TX0004106417,0
TX0004106484,0
TX0004106495,0
TX0004106530,0
TX0004106534,0
TX0004106557,0
TX0004106641,0
TX0004106662,0
TX0004106674,0
TX0004106689,0
TX0004106697,0
TX0004106732,0
TX0004106758,0
TX0004106804,0
TX0004106805,0
TX0004106817,0
TX0004106838,0
TX0004106927,0
TX0004106931,0
TX0004106952,0
TX0004106988,0
TX0004107007,0
TX0004107008,0
TX0004107089,0
TX0004107142,0
TX0004107164,0
TX0004107192,0
TX0004107197,0
TX0004107220,0
TX0004107228,0
TX0004107229,0
TX0004107240,0
TX0004107257,0
TX0004107259,0
TX0004107302,0
TX0004107363,0
TX0004107451,0
TX0004107460,0
TX0004107463,0
TX0004107481,0
TX0004107548,0
TX0004107551,0
TX0004107567,0
TX0004107582,0
TX0004107583,0
TX0004107629,0
TX0004107655,0
TX0004107656,0
TX0004107671,0
TX0004107688,0
TX0004107713,0
TX0004107724,0
TX0004107734,0
TX0004107823,0
TX0004107828,0
TX0004107829,0
TX0004107830,0
TX0004107872,0
TX0004107883,0
TX0004107935,0
TX0004107957,0
TX0004107978,0
TX0004108008,0
TX0004108055,0
TX0004108058,0
TX0004108060,0
TX0004108069,0
TX0004108076,0
TX0004108133,0
TX0004108138,0
TX0004108172,0
TX0004108184,0
TX0004108252,0
TX0004108270,0
TX0004108280,0
TX0004108282,0
TX0004108283,0
TX0004108334,0
TX0004108450,0
TX0004108495,0
TX0004108517,0
TX0004098670,0
TX0004098725,0
TX0004098750,0
TX0004098787,0
TX0004098807,0
TX0004098861,0
TX0004098863,0
TX0004098900,0
TX0004098916,0
TX0004098934,0
TX0004098952,0
TX0004098971,0
TX0004098990,0
TX0004099010,0
TX0004099056,0
TX0004099091,0
TX0004099107,0
TX0004099117,0
TX0004099131,0
TX0004099239,0
TX0004099259,0
TX0004099299,0
TX0004099464,0
TX0004099488,0
TX0004099489,0
TX0004099504,0
TX0004099528,0
TX0004099535,0
TX0004099550,0
TX0004099692,0
TX0004099706,0
TX0004099731,0
TX0004099782,0
TX0004099795,0
TX0004099862,0
TX0004099886,0
TX0004100010,0
TX0004100024,0
TX0004100032,0
TX0004100085,0
TX0004100100,0
TX0004100126,0
TX0004100154,0
TX0004100160,0
TX0004100162,0
TX0004100170,0
TX0004100222,0
TX0004100245,0
TX0004100274,0
TX0004100285,0
TX0004100290,0
TX0004100314,0
TX0004100336,0
TX0004100371,0
TX0004100396,0
TX0004100442,0
TX0004100443,0
TX0004100470,0
TX0004100493,0
TX0004100521,0
TX0004100552,0
TX0004100619,0
TX0004100649,0
TX0004100736,0
TX0004100785,0
TX0004100817,0
TX0004100825,0
TX0004100831,0
TX0004100832,0
TX0004100848,0
TX0004100856,0
TX0004100873,0
TX0004100884,0
TX0004100923,0
TX0004100941,0
TX0004101001,0
TX0004101018,0
TX0004101019,0
TX0004101041,0
TX0004101062,0
TX0004101116,0
TX0004101122,0
TX0004101163,0
TX0004101172,0
TX0004101175,0
TX0004101211,0
TX0004101276,0
TX0004101279,0
TX0004101286,0
TX0004101319,0
TX0004101331,0
TX0004101340,0
TX0004101358,0
TX0004101392,0
TX0004101394,0
TX0004101447,0
TX0004101455,0
TX0004101504,0
TX0004101505,0
TX0004101512,0
TX0004101556,0
TX0004101641,0
TX0004101653,0
TX0004101664,0
TX0004101665,0
TX0004101724,0
TX0004101728,0
TX0004101819,0
TX0004101834,0
TX0004101882,0
TX0004101932,0
TX0004101933,0
TX0004101951,0
TX0004102021,0
TX0004102038,0
TX0004102039,0
TX0004102058,0
TX0004102069,0
TX0004102073,0
TX0004102076,0
TX0004102137,0
TX0004102165,0
TX0004102185,0
TX0004102186,0
TX0004102221,0
TX0004102269,0
TX0004102270,0
TX0004102282,0
TX0004102331,0
TX0004102413,0
TX0004102417,0
TX0004102513,0
TX0004102521,0
TX0004102539,0
TX0004102591,0
TX0004102600,0
TX0004102633,0
TX0004102662,0
TX0004102754,0
TX0004102758,0
TX0004102836,0
TX0004103091,0
TX0004103135,0
TX0004103146,0
TX0004103197,0
TX0004103238,0
TX0004103291,0
TX0004103292,0
TX0004103308,0
TX0004103342,0
TX0004103343,0
TX0004103350,0
TX0004103354,0
TX0004103359,0
TX0004103455,0
TX0004103502,0
TX0004103521,0
TX0004103538,0
TX0004103539,0
TX0004103574,0
TX0004103593,0
TX0004103602,0
TX0004103684,0
TX0004103687,0
TX0004103703,0
TX0004103704,0
TX0004103734,0
TX0004103767,0
TX0004103797,0
TX0004103826,0
TX0004103856,0
TX0004103889,0
TX0004103896,0
TX0004103921,0
TX0004103933,0
TX0004103964,0
TX0004103974,0
TX0004103982,0
TX0004104020,0
TX0004104028,0
TX0004104065,0
TX0004104069,0
TX0004104082,0
TX0004104147,0
TX0004104235,0
TX0004104243,0
TX0004104251,0
TX0004104264,0
TX0004104272,0
TX0004104362,0
TX0004104394,0
TX0004104438,0
TX0004104444,0
TX0004104623,0
TX0004104660,0
TX0004104682,0
TX0004104690,0
TX0004104720,0
TX0004104735,0
TX0004104743,0
TX0004104752,0
TX0004104766,0
TX0004104780,0
TX0004104841,0
TX0004104843,0
TX0004104885,0
TX0004104891,0
TX0004104900,0
TX0004104908,0
TX0004104952,0
TX0004104975,0
TX0004105041,0
TX0004105074,0
TX0004105075,0
TX0004105109,0
TX0004105128,0
TX0004105140,0
TX0004105158,0
TX0004105228,0
TX0004105258,0
TX0004105279,0
TX0004105283,0
TX0004105298,0
TX0004105327,0
TX0004105402,0
TX0004105409,0
TX0004105424,0
TX0004105436,0
TX0004105475,0
TX0004105526,0
TX0004105550,0
TX0004105564,0
TX0004105586,0
TX0004105591,0
TX0004105605,0
TX0004105606,0
TX0004105665,0
TX0004105688,0
TX0004105720,0
TX0004105721,0
TX0004105778,0
TX0004105809,0
TX0004105865,0
TX0004105881,0
TX0004105905,0
TX0004105936,0
TX0004105984,0
TX0004105985,0
TX0004106016,0
TX0004106052,0
TX0004106053,0
TX0004106080,0
TX0004106142,0
TX0004106153,0
TX0004106161,0
TX0004106218,0
TX0004106238,0
TX0004106258,0
TX0004106281,0
TX0004106305,0
TX0004106307,0
TX0004106425,0
TX0004106442,0
TX0004106497,0
TX0004106549,0
TX0004106647,0
TX0004106658,0
TX0004106672,0
TX0004106691,0
TX0004106734,0
TX0004106787,0
TX0004106794,0
TX0004106842,0
TX0004106859,0
TX0004106926,0
TX0004106943,0
TX0004106956,0
TX0004106959,0
TX0004106961,0
TX0004106994,0
TX0004107039,0
TX0004107051,0
TX0004107065,0
TX0004107075,0
TX0004107081,0
TX0004107084,0
TX0004107088,0
TX0004107199,0
TX0004107201,0
TX0004107205,0
TX0004107249,0
TX0004107256,0
TX0004107328,0
TX0004107358,0
TX0004107362,0
TX0004107379,0
TX0004107391,0
TX0004107435,0
TX0004107457,0
TX0004107550,0
TX0004107589,0
TX0004107612,0
TX0004107622,0
TX0004107697,0
TX0004107720,0
TX0004107725,0
TX0004107842,0
TX0004107861,0
TX0004107947,0
TX0004107966,0
TX0004107992,0
TX0004108077,0
TX0004108149,0
TX0004108220,0
TX0004108284,0
TX0004108290,0
TX0004108326,0
TX0004108340,0
TX0004108349,0
TX0004108370,0
TX0004108395,0
TX0004108424,0
TX0004108478,0
TX0004108480,0
TX0004108487,0
TX0004108491,0
TX0004108497,0
TX0004108505,0
TX0004108507,0
TX0004108510,0
TX0003117683,1
TX0004098653,0
TX0004098667,0
TX0004098723,0
TX0004098790,0
TX0004098917,0
TX0004098939,0
TX0004098940,0
TX0004098981,0
TX0004099011,0
TX0004099029,0
TX0004099035,0
TX0004099103,0
TX0004099139,0
TX0004099161,0
TX0004099189,0
TX0004099200,0
TX0004099207,0
TX0004099249,0
TX0004099255,0
TX0004099326,0
TX0004099327,0
TX0004099362,0
TX0004099367,0
TX0004099377,0
TX0004099418,0
TX0004099472,0
TX0004099486,0
TX0004099553,0
TX0004099571,0
TX0004099584,0
TX0004099605,0
TX0004099645,0
TX0004099658,0
TX0004099732,0
TX0004099748,0
TX0004099756,0
TX0004099850,0
TX0004099856,0
TX0004099857,0
TX0004099873,0
TX0004099902,0
TX0004099912,0
TX0004099967,0
TX0004100004,0
TX0004100045,0
TX0004100049,0
TX0004100075,0
TX0004100109,0
TX0004100141,0
TX0004100169,0
TX0004100226,0
TX0004100254,0
TX0004100286,0
TX0004100343,0
TX0004100363,0
TX0004100376,0
TX0004100383,0
TX0004100403,0
TX0004100478,0
TX0004100488,0
TX0004100516,0
TX0004100538,0
TX0004100591,0
TX0004100602,0
TX0004100628,0
TX0004100668,0
TX0004100675,0
TX0004100680,0
TX0004100693,0
TX0004100710,0
TX0004100719,0
TX0004100722,0
TX0004100738,0
TX0004100763,0
TX0004100779,0
TX0004100787,0
TX0004100816,0
TX0004100865,0
TX0004100867,0
TX0004100883,0
TX0004100885,0
TX0004100893,0
TX0004100901,0
TX0004100945,0
TX0004100961,0
TX0004100973,0
TX0004100992,0
TX0004101007,0
TX0004101015,0
TX0004101084,0
TX0004101100,0
TX0004101101,0
TX0004101168,0
TX0004101195,0
TX0004101198,0
TX0004101222,0
TX0004101236,0
TX0004101245,0
TX0004101262,0
TX0004101278,0
TX0004101281,0
TX0004101302,0
TX0004101305,0
TX0004101361,0
TX0004101373,0
TX0004101436,0
TX0004101454,0
TX0004101457,0
TX0004101542,0
TX0004101631,0
TX0004101637,0
TX0004101647,0
TX0004101650,0
TX0004101655,0
TX0004101678,0
TX0004101706,0
TX0004101722,0
TX0004101743,0
TX0004101753,0
TX0004101774,0
TX0004101779,0
TX0004101786,0
TX0004101815,0
TX0004101889,0
TX0004101919,0
TX0004101934,0
TX0004101937,0
TX0004101944,0
TX0004101958,0
TX0004102018,0
TX0004102045,0
TX0004102062,0
TX0004102081,0
TX0004102093,0
TX0004102105,0
TX0004102121,0
TX0004102125,0
TX0004102144,0
TX0004102150,0
TX0004102156,0
TX0004102170,0
TX0004102172,0
TX0004102199,0
TX0004102247,0
TX0004102279,0
TX0004102302,0
TX0004102303,0
TX0004102322,0
TX0004102323,0
TX0004102332,0
TX0004102353,0
TX0004102368,0
TX0004102381,0
TX0004102392,0
TX0004102394,0
TX0004102396,0
TX0004102408,0
TX0004102410,0
TX0004102437,0
TX0004102442,0
TX0004102488,0
TX0004102492,0
TX0004102509,0
TX0004102518,0
TX0004102531,0
TX0004102579,0
TX0004102599,0
TX0004102604,0
TX0004102665,0
TX0004102732,0
TX0004102799,0
TX0004102828,0
TX0004102903,0
TX0004102913,0
TX0004102921,0
TX0004102969,0
TX0004102982,0
TX0004102983,0
TX0004103018,0
TX0004103087,0
TX0004103125,0
TX0004103136,0
TX0004103163,0
TX0004103226,0
TX0004103231,0
TX0004103339,0
TX0004103375,0
TX0004103398,0
TX0004103433,0
TX0004103530,0
TX0004103582,0
TX0004103640,0
TX0004103641,0
TX0004103648,0
TX0004103735,0
TX0004103737,0
TX0004103766,0
TX0004103804,0
TX0004103820,0
TX0004103823,0
TX0004103830,0
TX0004103858,0
TX0004103890,0
TX0004103925,0
TX0004103942,0
TX0004103956,0
TX0004103969,0
TX0004103970,0
TX0004103990,0
TX0004104035,0
TX0004104043,0
TX0004104060,0
TX0004104073,0
TX0004104152,0
TX0004104224,0
TX0004104276,0
TX0004104282,0
TX0004104289,0
TX0004104301,0
TX0004104357,0
TX0004104391,0
TX0004104407,0
TX0004104439,0
TX0004104475,0
TX0004104580,0
TX0004104585,0
TX0004104621,0
TX0004104629,0
TX0004104657,0
TX0004104678,0
TX0004104696,0
TX0004104741,0
TX0004104788,0
TX0004104792,0
TX0004104844,0
TX0004104851,0
TX0004104911,0
TX0004104923,0
TX0004104938,0
TX0004104963,0
TX0004104964,0
TX0004105129,0
TX0004105165,0
TX0004105168,0
TX0004105222,0
TX0004105257,0
TX0004105323,0
TX0004105339,0
TX0004105369,0
TX0004105407,0
TX0004105408,0
TX0004105416,0
TX0004105419,0
TX0004105439,0
TX0004105487,0
TX0004105554,0
TX0004105626,0
TX0004105636,0
TX0004105651,0
TX0004105713,0
TX0004105779,0
TX0004105940,0
TX0004105969,0
TX0004105973,0
TX0004106014,0
TX0004106018,0
TX0004106050,0
TX0004106051,0
TX0004106058,0
TX0004106094,0
TX0004106144,0
TX0004106173,0
TX0004106202,0
TX0004106345,0
TX0004106381,0
TX0004106404,0
TX0004106414,0
TX0004106424,0
TX0004106430,0
TX0004106455,0
TX0004106461,0
TX0004106477,0
TX0004106478,0
TX0004106485,0
TX0004106547,0
TX0004106551,0
TX0004106566,0
TX0004106570,0
TX0004106583,0
TX0004106584,0
TX0004106705,0
TX0004106712,0
TX0004106745,0
TX0004106764,0
TX0004106776,0
TX0004106788,0
TX0004106828,0
TX0004106886,0
TX0004106966,0
TX0004106970,0
TX0004106985,0
TX0004107003,0
TX0004107019,0
TX0004107074,0
TX0004107076,0
TX0004107102,0
TX0004107143,0
TX0004107155,0
TX0004107165,0
TX0004107166,0
TX0004107187,0
TX0004107243,0
TX0004107271,0
TX0004107272,0
TX0004107298,0
TX0004107334,0
TX0004107422,0
TX0004107428,0
TX0004107429,0
TX0004107493,0
TX0004107521,0
TX0004107641,0
TX0004107651,0
TX0004107701,0
TX0004107777,0
TX0004107785,0
TX0004107817,0
TX0004107832,0
TX0004107848,0
TX0004107849,0
TX0004107853,0
TX0004107868,0
TX0004107903,0
TX0004107934,0
TX0004108005,0
TX0004108011,0
TX0004108080,0
TX0004108087,0
TX0004108095,0
TX0004108117,0
TX0004108118,0
TX0004108120,0
TX0004108168,0
TX0004108241,0
TX0004108256,0
TX0004108273,0
TX0004108281,0
TX0004108303,0
TX0004108412,0
TX0004108431,0
TX0004108437,0
TX0004108445,0
TX0004108470,0
TX0004098666,0
TX0004098702,0
TX0004098704,0
TX0004098707,0
TX0004098733,0
TX0004098744,0
TX0004098746,0
TX0004098755,0
TX0004098793,0
TX0004098801,0
TX0004098804,0
TX0004098811,0
TX0004098832,0
TX0004098842,0
TX0004098877,0
TX0004098935,0
TX0004098992,0
TX0004099009,0
TX0004099021,0
TX0004099033,0
TX0004099060,0
TX0004099061,0
TX0004099157,0
TX0004099205,0
TX0004099214,0
TX0004099233,0
TX0004099245,0
TX0004099248,0
TX0004099253,0
TX0004099258,0
TX0004099274,0
TX0004099288,0
TX0004099329,0
TX0004099354,0
TX0004099365,0
TX0004099372,0
TX0004099410,0
TX0004099451,0
TX0004099466,0
TX0004099467,0
TX0004099563,0
TX0004099607,0
TX0004099673,0
TX0004099674,0
TX0004099688,0
TX0004099689,0
TX0004099723,0
TX0004099820,0
TX0004099827,0
TX0004099834,0
TX0004099864,0
TX0004099870,0
TX0004099876,0
TX0004099883,0
TX0004099966,0
TX0004099973,0
TX0004100005,0
TX0004100009,0
TX0004100029,0
TX0004100040,0
TX0004100077,0
TX0004100167,0
TX0004100168,0
TX0004100181,0
TX0004100189,0
TX0004100209,0
TX0004100216,0
TX0004100225,0
TX0004100240,0
TX0004100242,0
TX0004100370,0
TX0004100382,0
TX0004100387,0
TX0004100410,0
TX0004100416,0
TX0004100456,0
TX0004100460,0
TX0004100501,0
TX0004100510,0
TX0004100533,0
TX0004100540,0
TX0004100576,0
TX0004100655,0
TX0004100670,0
TX0004100695,0
TX0004100771,0
TX0004100811,0
TX0004100829,0
TX0004100878,0
TX0004100942,0
TX0004100955,0
TX0004100996,0
TX0004101022,0
TX0004101031,0
TX0004101040,0
TX0004101045,0
TX0004101046,0
TX0004101134,0
TX0004101136,0
TX0004101161,0
TX0004101179,0
TX0004101199,0
TX0004101206,0
TX0004101210,0
TX0004101229,0
TX0004101258,0
TX0004101260,0
TX0004101275,0
TX0004101306,0
TX0004101316,0
TX0004101381,0
TX0004101412,0
TX0004101423,0
TX0004101433,0
TX0004101434,0
TX0004101440,0
TX0004101465,0
TX0004101470,0
TX0004101485,0
TX0004101499,0
TX0004101503,0
TX0004101555,0
TX0004101755,0
TX0004101792,0
TX0004101809,0
TX0004101813,0
TX0004101823,0
TX0004101831,0
TX0004101863,0
TX0004101914,0
TX0004101959,0
TX0004102000,0
TX0004102064,0
TX0004102090,0
TX0004102140,0
TX0004102163,0
TX0004102181,0
TX0004102319,0
TX0004102359,0
TX0004102370,0
TX0004102387,0
TX0004102403,0
TX0004102496,0
TX0004102589,0
TX0004102642,0
TX0004102654,0
TX0004102686,0
TX0004102760,0
TX0004102863,0
TX0004102873,0
TX0004102883,0
TX0004102949,0
TX0004102951,0
TX0004103026,0
TX0004103027,0
TX0004103110,0
TX0004103118,0
TX0004103122,0
TX0004103133,0
TX0004103160,0
TX0004103191,0
TX0004103235,0
TX0004103250,0
TX0004103268,0
TX0004103295,0
TX0004103369,0
TX0004103387,0
TX0004103449,0
TX0004103476,0
TX0004103537,0
TX0004103541,0
TX0004103561,0
TX0004103583,0
TX0004103610,0
TX0004103628,0
TX0004103663,0
TX0004103696,0
TX0004103725,0
TX0004103743,0
TX0004103774,0
TX0004103783,0
TX0004103905,0
TX0004103945,0
TX0004103952,0
TX0004104016,0
TX0004104026,0
TX0004104058,0
TX0004104068,0
TX0004104081,0
TX0004104105,0
TX0004104114,0
TX0004104119,0
TX0004104129,0
TX0004104158,0
TX0004104189,0
TX0004104191,0
TX0004104252,0
TX0004104270,0
TX0004104290,0
TX0004104300,0
TX0004104387,0
TX0004104395,0
TX0004104418,0
TX0004104458,0
TX0004104478,0
TX0004104606,0
TX0004104616,0
TX0004104624,0
TX0004104661,0
TX0004104704,0
TX0004104713,0
TX0004104722,0
TX0004104744,0
TX0004104759,0
TX0004104821,0
TX0004104881,0
TX0004104926,0
TX0004104932,0
TX0004104965,0
TX0004105011,0
TX0004105023,0
TX0004105030,0
TX0004105057,0
TX0004105059,0
TX0004105069,0
TX0004105079,0
TX0004105080,0
TX0004105084,0
TX0004105104,0
TX0004105107,0
TX0004105177,0
TX0004105181,0
TX0004105239,0
TX0004105305,0
TX0004105308,0
TX0004105349,0
TX0004105427,0
TX0004105448,0
TX0004105497,0
TX0004105504,0
TX0004105523,0
TX0004105555,0
TX0004105621,0
TX0004105625,0
TX0004105702,0
TX0004105717,0
TX0004105732,0
TX0004105811,0
TX0004105887,0
TX0004105929,0
TX0004105941,0
TX0004105972,0
TX0004106120,0
TX0004106121,0
TX0004106170,0
TX0004106213,0
TX0004106228,0
TX0004106237,0
TX0004106242,0
TX0004106311,0
TX0004106339,0
TX0004106378,0
TX0004106400,0
TX0004106426,0
TX0004106447,0
TX0004106540,0
TX0004106567,0
TX0004106624,0
TX0004106659,0
TX0004106752,0
TX0004106786,0
TX0004106796,0
TX0004106815,0
TX0004106832,0
TX0004106837,0
TX0004106865,0
TX0004106868,0
TX0004106883,0
TX0004106917,0
TX0004106925,0
TX0004106934,0
TX0004106935,0
TX0004106955,0
TX0004106967,0
TX0004107023,0
TX0004107056,0
TX0004107068,0
TX0004107096,0
TX0004107140,0
TX0004107149,0
TX0004107160,0
TX0004107280,0
TX0004107308,0
TX0004107313,0
TX0004107367,0
TX0004107384,0
TX0004107395,0
TX0004107404,0
TX0004107421,0
TX0004107537,0
TX0004107588,0
TX0004107678,0
TX0004107679,0
TX0004107706,0
TX0004107756,0
TX0004107758,0
TX0004107782,0
TX0004107835,0
TX0004107836,0
TX0004107895,0
TX0004107981,0
TX0004107997,0
TX0004108006,0
TX0004108012,0
TX0004108028,0
TX0004108032,0
TX0004108052,0
TX0004108054,0
TX0004108056,0
TX0004108063,0
TX0004108086,0
TX0004108093,0
TX0004108100,0
TX0004108140,0
TX0004108202,0
TX0004108209,0
TX0004108253,0
TX0004108294,0
TX0004108310,0
TX0004108312,0
TX0004108324,0
TX0004108327,0
TX0004108383,0
TX0004108384,0
TX0004108401,0
TX0004108420,0
TX0004108421,0
TX0004108454,0
TX0004108463,0
TX0004108465,0
TX0004108471,0
TX0004108486,0
TX0004108502,0
TX0004108514,0
TX0004108530,0
TX0004098682,0
TX0004098689,0
TX0004098722,0
TX0004098765,0
TX0004098771,0
TX0004098803,0
TX0004098814,0
TX0004098820,0
TX0004098933,0
TX0004098958,0
TX0004098983,0
TX0004098985,0
TX0004099001,0
TX0004099012,0
TX0004099027,0
TX0004099063,0
TX0004099126,0
TX0004099136,0
TX0004099192,0
TX0004099229,0
TX0004099230,0
TX0004099246,0
TX0004099283,0
TX0004099347,0
TX0004099352,0
TX0004099356,0
TX0004099384,0
TX0004099385,0
TX0004099438,0
TX0004099492,0
TX0004099517,0
TX0004099585,0
TX0004099662,0
TX0004099682,0
TX0004099699,0
TX0004099707,0
TX0004099747,0
TX0004099799,0
TX0004099831,0
TX0004099847,0
TX0004099851,0
TX0004099918,0
TX0004099921,0
TX0004099934,0
TX0004099970,0
TX0004100034,0
TX0004100046,0
TX0004100070,0
TX0004100071,0
TX0004100079,0
TX0004100143,0
TX0004100147,0
TX0004100165,0
TX0004100166,0
TX0004100176,0
TX0004100191,0
TX0004100280,0
TX0004100282,0
TX0004100288,0
TX0004100291,0
TX0004100311,0
TX0004100312,0
TX0004100334,0
TX0004100356,0
TX0004100378,0
TX0004100411,0
TX0004100420,0
TX0004100444,0
TX0004100462,0
TX0004100483,0
TX0004100511,0
TX0004100517,0
TX0004100520,0
TX0004100566,0
TX0004100577,0
TX0004100592,0
TX0004100594,0
TX0004100603,0
TX0004100630,0
TX0004100645,0
TX0004100664,0
TX0004100717,0
TX0004100718,0
TX0004100769,0
TX0004100775,0
TX0004100804,0
TX0004100823,0
TX0004100833,0
TX0004100879,0
TX0004100916,0
TX0004100933,0
TX0004100970,0
TX0004100980,0
TX0004101106,0
TX0004101130,0
TX0004101138,0
TX0004101146,0
TX0004101184,0
TX0004101205,0
TX0004101214,0
TX0004101242,0
TX0004101277,0
TX0004101322,0
TX0004101345,0
TX0004101359,0
TX0004101369,0
TX0004101377,0
TX0004101441,0
TX0004101507,0
TX0004101567,0
TX0004101574,0
TX0004101577,0
TX0004101602,0
TX0004101649,0
TX0004101670,0
TX0004101697,0
TX0004101718,0
TX0004101729,0
TX0004101800,0
TX0004101802,0
TX0004101805,0
TX0004101845,0
TX0004101857,0
TX0004101942,0
TX0004101992,0
TX0004102089,0
TX0004102099,0
TX0004102159,0
TX0004102198,0
TX0004102232,0
TX0004102244,0
TX0004102290,0
TX0004102298,0
TX0004102299,0
TX0004102309,0
TX0004102348,0
TX0004102372,0
TX0004102374,0
TX0004102377,0
TX0004102391,0
TX0004102475,0
TX0004102485,0
TX0004102526,0
TX0004102528,0
TX0004102543,0
TX0004102584,0
TX0004102695,0
TX0004102725,0
TX0004102753,0
TX0004102797,0
TX0004103072,0
TX0004103094,0
TX0004103172,0
TX0004103185,0
TX0004103236,0
TX0004103254,0
TX0004103281,0
TX0004103294,0
TX0004103395,0
TX0004103494,0
TX0004103531,0
TX0004103540,0
TX0004103597,0
TX0004103603,0
TX0004103652,0
TX0004103675,0
TX0004103689,0
TX0004103727,0
TX0004103761,0
TX0004103778,0
TX0004103780,0
TX0004103781,0
TX0004103807,0
TX0004103842,0
TX0004103852,0
TX0004103935,0
TX0004103940,0
TX0004103962,0
TX0004104066,0
TX0004104074,0
TX0004104083,0
TX0004104160,0
TX0004104193,0
TX0004104217,0
TX0004104226,0
TX0004104275,0
TX0004104304,0
TX0004104320,0
TX0004104321,0
TX0004104339,0
TX0004104365,0
TX0004104371,0
TX0004104428,0
TX0004104472,0
TX0004104506,0
TX0004104610,0
TX0004104654,0
TX0004104694,0
TX0004104786,0
TX0004104791,0
TX0004104823,0
TX0004104887,0
TX0004104898,0
TX0004104918,0
TX0004104997,0
TX0004105004,0
TX0004105033,0
TX0004105085,0
TX0004105108,0
TX0004105149,0
TX0004105180,0
TX0004105232,0
TX0004105252,0
TX0004105253,0
TX0004105311,0
TX0004105312,0
TX0004105320,0
TX0004105346,0
TX0004105362,0
TX0004105445,0
TX0004105454,0
TX0004105458,0
TX0004105468,0
TX0004105493,0
TX0004105521,0
TX0004105629,0
TX0004105653,0
TX0004105666,0
TX0004105672,0
TX0004105722,0
TX0004105723,0
TX0004105729,0
TX0004105733,0
TX0004105737,0
TX0004105760,0
TX0004105762,0
TX0004105807,0
TX0004105852,0
TX0004105860,0
TX0004105864,0
TX0004105868,0
TX0004105902,0
TX0004105917,0
TX0004105937,0
TX0004105982,0
TX0004106004,0
TX0004106048,0
TX0004106049,0
TX0004106112,0
TX0004106156,0
TX0004106164,0
TX0004106177,0
TX0004106204,0
TX0004106232,0
TX0004106233,0
TX0004106246,0
TX0004106309,0
TX0004106392,0
TX0004106393,0
TX0004106431,0
TX0004106456,0
TX0004106505,0
TX0004106541,0
TX0004106571,0
TX0004106593,0
TX0004106625,0
TX0004106642,0
TX0004106677,0
TX0004106723,0
TX0004106730,0
TX0004106763,0
TX0004106774,0
TX0004106779,0
TX0004106895,0
TX0004106903,0
TX0004106910,0
TX0004106969,0
TX0004107004,0
TX0004107031,0
TX0004107060,0
TX0004107064,0
TX0004107148,0
TX0004107152,0
TX0004107154,0
TX0004107156,0
TX0004107171,0
TX0004107173,0
TX0004107202,0
TX0004107246,0
TX0004107265,0
TX0004107322,0
TX0004107348,0
TX0004107430,0
TX0004107431,0
TX0004107448,0
TX0004107459,0
TX0004107475,0
TX0004107501,0
TX0004107541,0
TX0004107618,0
TX0004107637,0
TX0004107645,0
TX0004107650,0
TX0004107731,0
TX0004107794,0
TX0004107844,0
TX0004107885,0
TX0004107886,0
TX0004107937,0
TX0004107976,0
TX0004108031,0
TX0004108073,0
TX0004108121,0
TX0004108186,0
TX0004108219,0
TX0004108314,0
TX0004108356,0
TX0004108360,0
TX0004108371,0
TX0004108459,0
TX0004108479,0
TX0004108500,0
TX0004108509,0
TX0004098688,0
TX0004098694,0
TX0004098715,0
TX0004098753,0
TX0004098788,0
TX0004098815,0
TX0004098826,0
TX0004098850,0
TX0004098856,0
TX0004098865,0
TX0004098903,0
TX0004098926,0
TX0004098948,0
TX0004098978,0
TX0004098987,0
TX0004099032,0
TX0004099053,0
TX0004099059,0
TX0004099082,0
TX0004099086,0
TX0004099098,0
TX0004099106,0
TX0004099118,0
TX0004099153,0
TX0004099300,0
TX0004099325,0
TX0004099332,0
TX0004099335,0
TX0004099338,0
TX0004099343,0
TX0004099350,0
TX0004099370,0
TX0004099395,0
TX0004099429,0
TX0004099433,0
TX0004099437,0
TX0004099440,0
TX0004099460,0
TX0004099474,0
TX0004099493,0
TX0004099497,0
TX0004099542,0
TX0004099551,0
TX0004099569,0
TX0004099580,0
TX0004099582,0
TX0004099591,0
TX0004099620,0
TX0004099632,0
TX0004099667,0
TX0004099670,0
TX0004099678,0
TX0004099681,0
TX0004099704,0
TX0004099825,0
TX0004099868,0
TX0004099892,0
TX0004099939,0
TX0004099946,0
TX0004099957,0
TX0004099976,0
TX0004099977,0
TX0004100003,0
TX0004100051,0
TX0004100081,0
TX0004100096,0
TX0004100119,0
TX0004100130,0
TX0004100159,0
TX0004100215,0
TX0004100292,0
TX0004100328,0
TX0004100340,0
TX0004100361,0
TX0004100408,0
TX0004100481,0
TX0004100508,0
TX0004100512,0
TX0004100568,0
TX0004100573,0
TX0004100574,0
TX0004100585,0
TX0004100588,0
TX0004100666,0
TX0004100673,0
TX0004100678,0
TX0004100708,0
TX0004100726,0
TX0004100733,0
TX0004100734,0
TX0004100815,0
TX0004100822,0
TX0004100914,0
TX0004100915,0
TX0004100928,0
TX0004100959,0
TX0004101004,0
TX0004101055,0
TX0004101081,0
TX0004101082,0
TX0004101091,0
TX0004101105,0
TX0004101129,0
TX0004101155,0
TX0004101190,0
TX0004101220,0
TX0004101301,0
TX0004101382,0
TX0004101384,0
TX0004101385,0
TX0004101401,0
TX0004101411,0
TX0004101439,0
TX0004101444,0
TX0004101471,0
TX0004101480,0
TX0004101492,0
TX0004101571,0
TX0004101622,0
TX0004101659,0
TX0004101675,0
TX0004101690,0
TX0004101699,0
TX0004101816,0
TX0004101883,0
TX0004101888,0
TX0004101901,0
TX0004101941,0
TX0004102015,0
TX0004102024,0
TX0004102053,0
TX0004102113,0
TX0004102119,0
TX0004102190,0
TX0004102230,0
TX0004102241,0
TX0004102280,0
TX0004102327,0
TX0004102401,0
TX0004102469,0
TX0004102525,0
TX0004102536,0
TX0004102553,0
TX0004102596,0
TX0004102605,0
TX0004102627,0
TX0004102637,0
TX0004102721,0
TX0004102843,0
TX0004102884,0
TX0004102885,0
TX0004102890,0
TX0004102891,0
TX0004102893,0
TX0004102985,0
TX0004103004,0
TX0004103039,0
TX0004103075,0
TX0004103113,0
TX0004103131,0
TX0004103155,0
TX0004103224,0
TX0004103230,0
TX0004103283,0
TX0004103316,0
TX0004103317,0
TX0004103321,0
TX0004103333,0
TX0004103335,0
TX0004103338,0
TX0004103370,0
TX0004103376,0
TX0004103389,0
TX0004103405,0
TX0004103426,0
TX0004103514,0
TX0004103546,0
TX0004103581,0
TX0004103584,0
TX0004103599,0
TX0004103605,0
TX0004103608,0
TX0004103611,0
TX0004103620,0
TX0004103740,0
TX0004103744,0
TX0004103759,0
TX0004103791,0
TX0004103795,0
TX0004103893,0
TX0004103932,0
TX0004103934,0
TX0004103967,0
TX0004103998,0
TX0004104057,0
TX0004104063,0
TX0004104107,0
TX0004104120,0
TX0004104131,0
TX0004104144,0
TX0004104166,0
TX0004104241,0
TX0004104258,0
TX0004104288,0
TX0004104302,0
TX0004104329,0
TX0004104352,0
TX0004104388,0
TX0004104403,0
TX0004104419,0
TX0004104431,0
TX0004104445,0
TX0004104502,0
TX0004104524,0
TX0004104525,0
TX0004104529,0
TX0004104555,0
TX0004104557,0
TX0004104589,0
TX0004104664,0
TX0004104695,0
TX0004104762,0
TX0004104784,0
TX0004104802,0
TX0004104828,0
TX0004104870,0
TX0004104896,0
TX0004105007,0
TX0004105024,0
TX0004105055,0
TX0004105067,0
TX0004105196,0
TX0004105214,0
TX0004105296,0
TX0004105355,0
TX0004105379,0
TX0004105382,0
TX0004105392,0
TX0004105394,0
TX0004105401,0
TX0004105463,0
TX0004105467,0
TX0004105522,0
TX0004105578,0
TX0004105603,0
TX0004105685,0
TX0004105687,0
TX0004105696,0
TX0004105697,0
TX0004105703,0
TX0004105712,0
TX0004105743,0
TX0004105748,0
TX0004105775,0
TX0004105790,0
TX0004105793,0
TX0004105796,0
TX0004105797,0
TX0004105804,0
TX0004105846,0
TX0004105850,0
TX0004105872,0
TX0004105874,0
TX0004105993,0
TX0004106023,0
TX0004106026,0
TX0004106037,0
TX0004106038,0
TX0004106041,0
TX0004106042,0
TX0004106123,0
TX0004106139,0
TX0004106200,0
TX0004106290,0
TX0004106333,0
TX0004106342,0
TX0004106352,0
TX0004106355,0
TX0004106402,0
TX0004106421,0
TX0004106503,0
TX0004106506,0
TX0004106526,0
TX0004106563,0
TX0004106646,0
TX0004106753,0
TX0004106760,0
TX0004106792,0
TX0004106807,0
TX0004106847,0
TX0004106848,0
TX0004106904,0
TX0004106906,0
TX0004106920,0
TX0004106979,0
TX0004107059,0
TX0004107083,0
TX0004107106,0
TX0004107110,0
TX0004107114,0
TX0004107126,0
TX0004107128,0
TX0004107145,0
TX0004107157,0
TX0004107223,0
TX0004107258,0
TX0004107261,0
TX0004107269,0
TX0004107293,0
TX0004107323,0
TX0004107365,0
TX0004107403,0
TX0004107450,0
TX0004107468,0
TX0004107496,0
TX0004107509,0
TX0004107511,0
TX0004107525,0
TX0004107527,0
TX0004107540,0
TX0004107555,0
TX0004107569,0
TX0004107636,0
TX0004107647,0
TX0004107691,0
TX0004107708,0
TX0004107728,0
TX0004107732,0
TX0004107742,0
TX0004107775,0
TX0004107813,0
TX0004107820,0
TX0004107909,0
TX0004107933,0
TX0004107941,0
TX0004107954,0
TX0004107961,0
TX0004107987,0
TX0004107991,0
TX0004107996,0
TX0004108097,0
TX0004108109,0
TX0004108234,0
TX0004108250,0
TX0004108297,0
TX0004108325,0
TX0004108385,0
TX0004108414,0
TX0004108417,0
TX0004108516,0
TX0004098662,0
TX0004098761,0
TX0004098773,0
TX0004098821,0
TX0004098825,0
TX0004098859,0
TX0004098893,0
TX0004098899,0
TX0004098930,0
TX0004098942,0
TX0004098957,0
TX0004098961,0
TX0004098966,0
TX0004099077,0
TX0004099090,0
TX0004099099,0
TX0004099141,0
TX0004099160,0
TX0004099181,0
TX0004099212,0
TX0004099226,0
TX0004099290,0
TX0004099294,0
TX0004099303,0
TX0004099304,0
TX0004099321,0
TX0004099336,0
TX0004099408,0
TX0004099505,0
TX0004099562,0
TX0004099652,0
TX0004099755,0
TX0004099760,0
TX0004099997,0
TX0004099998,0
TX0004100037,0
TX0004100041,0
TX0004100056,0
TX0004100210,0
TX0004100213,0
TX0004100233,0
TX0004100257,0
TX0004100284,0
TX0004100304,0
TX0004100455,0
TX0004100465,0
TX0004100477,0
TX0004100536,0
TX0004100543,0
TX0004100559,0
TX0004100627,0
TX0004100674,0
TX0004100713,0
TX0004100756,0
TX0004100759,0
TX0004100761,0
TX0004100777,0
TX0004100986,0
TX0004101038,0
TX0004101051,0
TX0004101068,0
TX0004101069,0
TX0004101071,0
TX0004101085,0
TX0004101107,0
TX0004101131,0
TX0004101149,0
TX0004101266,0
TX0004101339,0
TX0004101348,0
TX0004101356,0
TX0004101363,0
TX0004101413,0
TX0004101419,0
TX0004101446,0
TX0004101450,0
TX0004101459,0
TX0004101473,0
TX0004101490,0
TX0004101529,0
TX0004101534,0
TX0004101540,0
TX0004101586,0
TX0004101592,0
TX0004101636,0
TX0004101643,0
TX0004101660,0
TX0004101687,0
TX0004101702,0
TX0004101762,0
TX0004101808,0
TX0004101859,0
TX0004101872,0
TX0004101899,0
TX0004101902,0
TX0004101916,0
TX0004101962,0
TX0004101982,0
TX0004101987,0
TX0004102065,0
TX0004102085,0
TX0004102166,0
TX0004102204,0
TX0004102211,0
TX0004102276,0
TX0004102278,0
TX0004102289,0
TX0004102344,0
TX0004102365,0
TX0004102390,0
TX0004102445,0
TX0004102454,0
TX0004102490,0
TX0004102503,0
TX0004102542,0
TX0004102560,0
TX0004102645,0
TX0004102664,0
TX0004102674,0
TX0004102710,0
TX0004102735,1
TX0004102769,0
TX0004102779,0
TX0004102805,0
TX0004102806,0
TX0004102907,0
TX0004102914,0
TX0004102973,0
TX0004103099,0
TX0004103156,0
TX0004103169,0
TX0004103199,0
TX0004103217,0
TX0004103239,0
TX0004103261,0
TX0004103284,0
TX0004103312,0
TX0004103323,0
TX0004103356,0
TX0004103379,0
TX0004103462,0
TX0004103509,0
TX0004103517,0
TX0004103547,0
TX0004103556,0
TX0004103586,0
TX0004103594,0
TX0004103619,0
TX0004103763,0
TX0004103769,0
TX0004103831,0
TX0004103838,0
TX0004103844,0
TX0004103869,0
TX0004103895,0
TX0004103950,0
TX0004103951,0
TX0004103958,0
TX0004103985,0
TX0004103989,0
TX0004104009,0
TX0004104023,0
TX0004104027,0
TX0004104047,0
TX0004104056,0
TX0004104096,0
TX0004104108,0
TX0004104153,0
TX0004104245,0
TX0004104246,0
TX0004104257,0
TX0004104342,0
TX0004104354,0
TX0004104356,0
TX0004104381,0
TX0004104382,0
TX0004104397,0
TX0004104447,0
TX0004104471,0
TX0004104491,0
TX0004104542,0
TX0004104556,0
TX0004104578,0
TX0004104597,0
TX0004104669,0
TX0004104693,0
TX0004104742,0
TX0004104745,0
TX0004104771,0
TX0004104815,0
TX0004104849,0
TX0004104867,0
TX0004104954,0
TX0004105003,0
TX0004105015,0
TX0004105115,0
TX0004105125,0
TX0004105138,0
TX0004105141,0
TX0004105142,0
TX0004105150,0
TX0004105174,0
TX0004105200,0
TX0004105231,0
TX0004105291,0
TX0004105330,0
TX0004105338,0
TX0004105368,0
TX0004105446,0
TX0004105577,0
TX0004105581,0
TX0004105652,0
TX0004105654,0
TX0004105708,0
TX0004105786,0
TX0004105819,0
TX0004105845,0
TX0004105856,0
TX0004105858,0
TX0004105861,0
TX0004105878,0
TX0004105882,0
TX0004105913,0
TX0004105916,0
TX0004105975,0
TX0004105990,0
TX0004106006,0
TX0004106025,0
TX0004106071,0
TX0004106155,0
TX0004106159,0
TX0004106203,0
TX0004106259,0
TX0004106261,0
TX0004106274,0
TX0004106312,0
TX0004106315,0
TX0004106334,0
TX0004106351,0
TX0004106398,0
TX0004106423,0
TX0004106457,0
TX0004106507,0
TX0004106562,0
TX0004106573,0
TX0004106605,0
TX0004106630,0
TX0004106661,0
TX0004106665,0
TX0004106701,0
TX0004106780,0
TX0004106818,0
TX0004106820,0
TX0004106829,0
TX0004106836,0
TX0004106892,0
TX0004106922,0
TX0004106946,0
TX0004106947,0
TX0004106986,0
TX0004107013,0
TX0004107018,0
TX0004107038,0
TX0004107067,0
TX0004107099,0
TX0004107120,0
TX0004107136,0
TX0004107180,0
TX0004107216,0
TX0004107231,0
TX0004107232,0
TX0004107236,0
TX0004107267,0
TX0004107310,0
TX0004107353,0
TX0004107368,0
TX0004107371,0
TX0004107426,0
TX0004107479,0
TX0004107495,0
TX0004107571,0
TX0004107603,0
TX0004107623,0
TX0004107649,0
TX0004107653,0
TX0004107677,0
TX0004107797,0
TX0004107815,0
TX0004107847,0
TX0004107878,0
TX0004107917,0
TX0004107929,0
TX0004107944,0
TX0004107958,0
TX0004107998,0
TX0004108024,0
TX0004108108,0
TX0004108154,0
TX0004108161,0
TX0004108332,0
TX0004108386,0
TX0004108438,0
TX0004108457,0
TX0004108520,0
TX0004108528,0
TX0004098648,0
TX0004098661,0
TX0004098675,0
TX0004098687,0
TX0004098831,0
TX0004098841,0
TX0004098846,0
TX0004098968,0
TX0004098997,0
TX0004099017,0
TX0004099031,0
TX0004099085,0
TX0004099094,0
TX0004099119,0
TX0004099156,0
TX0004099198,0
TX0004099218,0
TX0004099220,0
TX0004099227,0
TX0004099247,0
TX0004099286,0
TX0004099297,0
TX0004099309,0
TX0004099348,0
TX0004099376,0
TX0004099387,0
TX0004099396,0
TX0004099400,0
TX0004099477,0
TX0004099572,0
TX0004099589,0
TX0004099629,0
TX0004099671,0
TX0004099679,0
TX0004099700,0
TX0004099727,0
TX0004099771,0
TX0004099789,0
TX0004099832,0
TX0004099852,0
TX0004099854,0
TX0004099935,0
TX0004099942,0
TX0004099965,0
TX0004100013,0
TX0004100021,0
TX0004100053,0
TX0004100086,0
TX0004100192,0
TX0004100281,0
TX0004100329,0
TX0004100346,0
TX0004100437,0
TX0004100440,0
TX0004100441,0
TX0004100583,0
TX0004100622,0
TX0004100626,0
TX0004100636,0
TX0004100656,0
TX0004100663,0
TX0004100672,0
TX0004100682,0
TX0004100698,0
TX0004100778,0
TX0004100801,0
TX0004100828,0
TX0004100853,0
TX0004100902,0
TX0004100918,0
TX0004100940,0
TX0004100949,0
TX0004101020,0
TX0004101060,0
TX0004101065,0
TX0004101075,0
TX0004101095,0
TX0004101180,0
TX0004101200,0
TX0004101215,0
TX0004101271,0
TX0004101287,0
TX0004101294,0
TX0004101341,0
TX0004101365,0
TX0004101383,0
TX0004101491,0
TX0004101508,0
TX0004101551,0
TX0004101603,0
TX0004101612,0
TX0004101679,0
TX0004101688,0
TX0004101705,0
TX0004101707,0
TX0004101734,0
TX0004101751,0
TX0004101759,0
TX0004101789,0
TX0004101806,0
TX0004101869,0
TX0004101929,0
TX0004101947,0
TX0004102002,0
TX0004102007,0
TX0004102055,0
TX0004102097,0
TX0004102175,0
TX0004102212,0
TX0004102227,0
TX0004102308,0
TX0004102345,0
TX0004102380,0
TX0004102414,0
TX0004102502,0
TX0004102550,0
TX0004102558,0
TX0004102578,0
TX0004102592,0
TX0004102607,0
TX0004102646,0
TX0004102657,0
TX0004102690,0
TX0004102693,0
TX0004102708,0
TX0004102770,0
TX0004102790,0
TX0004102808,0
TX0004102847,0
TX0004102904,0
TX0004102928,0
TX0004102957,0
TX0004102965,0
TX0004102966,0
TX0004102976,0
TX0004102999,0
TX0004103003,0
TX0004103047,0
TX0004103055,0
TX0004103086,0
TX0004103119,0
TX0004103139,0
TX0004103276,0
TX0004103278,0
TX0004103373,0
TX0004103468,0
TX0004103526,0
TX0004103569,0
TX0004103589,0
TX0004103607,0
TX0004103626,0
TX0004103630,0
TX0004103680,0
TX0004103752,0
TX0004103753,0
TX0004103813,0
TX0004103832,0
TX0004103839,0
TX0004103853,0
TX0004103878,0
TX0004103880,0
TX0004103943,0
TX0004104042,0
TX0004104059,0
TX0004104086,0
TX0004104126,0
TX0004104135,0
TX0004104194,0
TX0004104214,0
TX0004104260,0
TX0004104273,0
TX0004104349,0
TX0004104408,0
TX0004104420,0
TX0004104424,0
TX0004104482,0
TX0004104516,0
TX0004104643,0
TX0004104672,0
TX0004104681,0
TX0004104703,0
TX0004104707,0
TX0004104847,0
TX0004104866,0
TX0004104882,0
TX0004104904,0
TX0004104917,0
TX0004104929,0
TX0004104933,0
TX0004105029,0
TX0004105070,0
TX0004105118,0
TX0004105208,0
TX0004105210,0
TX0004105211,0
TX0004105224,0
TX0004105326,0
TX0004105373,0
TX0004105374,0
TX0004105414,0
TX0004105466,0
TX0004105491,0
TX0004105515,0
TX0004105539,0
TX0004105543,0
TX0004105567,0
TX0004105587,0
TX0004105618,0
TX0004105640,0
TX0004105656,0
TX0004105670,0
TX0004105755,0
TX0004105789,0
TX0004105897,0
TX0004105922,0
TX0004105948,0
TX0004105949,0
TX0004105960,0
TX0004105980,0
TX0004106002,0
TX0004106174,0
TX0004106190,0
TX0004106196,0
TX0004106206,0
TX0004106217,0
TX0004106245,0
TX0004106266,0
TX0004106306,0
TX0004106348,0
TX0004106389,0
TX0004106422,0
TX0004106521,0
TX0004106611,0
TX0004106620,0
TX0004106708,0
TX0004106724,0
TX0004106741,0
TX0004106772,0
TX0004106777,0
TX0004106789,0
TX0004106814,0
TX0004106827,0
TX0004106835,0
TX0004106864,0
TX0004106872,0
TX0004106897,0
TX0004106907,0
TX0004106929,0
TX0004106953,0
TX0004106989,0
TX0004106996,0
TX0004107027,0
TX0004107030,0
TX0004107045,0
TX0004107137,0
TX0004107241,0
TX0004107266,0
TX0004107419,0
TX0004107441,0
TX0004107454,0
TX0004107465,0
TX0004107667,0
TX0004107717,0
TX0004107719,0
TX0004107769,0
TX0004107814,0
TX0004107875,0
TX0004107879,0
TX0004107889,0
TX0004107910,0
TX0004107912,0
TX0004107923,0
TX0004107932,0
TX0004107963,0
TX0004108030,0
TX0004108181,0
TX0004108200,0
TX0004108212,0
TX0004108222,0
TX0004108228,0
TX0004108238,0
TX0004108302,0
TX0004108306,0
TX0004108337,0
TX0004108400,0
TX0003742891,1
TX0004098650,0
TX0004098701,0
TX0004098718,0
TX0004098720,0
TX0004098764,0
TX0004098768,0
TX0004098772,0
TX0004098833,0
TX0004098845,0
TX0004098860,0
TX0004098864,0
TX0004098871,0
TX0004098886,0
TX0004098925,0
TX0004098928,0
TX0004098932,0
TX0004098941,0
TX0004098995,0
TX0004099022,0
TX0004099112,0
TX0004099152,0
TX0004099183,0
TX0004099208,0
TX0004099236,0
TX0004099238,0
TX0004099271,0
TX0004099292,0
TX0004099323,0
TX0004099378,0
TX0004099402,0
TX0004099413,0
TX0004099513,0
TX0004099617,0
TX0004099653,0
TX0004099697,0
TX0004099725,0
TX0004099761,0
TX0004099764,0
TX0004099785,0
TX0004099802,0
TX0004099826,0
TX0004099877,0
TX0004099879,0
TX0004099889,0
TX0004099898,0
TX0004099972,0
TX0004100055,0
TX0004100104,0
TX0004100164,0
TX0004100171,0
TX0004100199,0
TX0004100205,0
TX0004100207,0
TX0004100232,0
TX0004100239,0
TX0004100258,0
TX0004100259,0
TX0004100347,0
TX0004100353,0
TX0004100400,0
TX0004100409,0
TX0004100471,0
TX0004100499,0
TX0004100531,0
TX0004100556,0
TX0004100558,0
TX0004100617,0
TX0004100625,0
TX0004100642,0
TX0004100742,0
TX0004100826,0
TX0004100844,0
TX0004100905,0
TX0004100936,0
TX0004100962,0
TX0004100971,0
TX0004101026,0
TX0004101033,0
TX0004101044,0
TX0004101050,0
TX0004101073,0
TX0004101237,0
TX0004101241,0
TX0004101336,0
TX0004101391,0
TX0004101406,0
TX0004101432,0
TX0004101451,0
TX0004101461,0
TX0004101468,0
TX0004101509,0
TX0004101515,0
TX0004101535,0
TX0004101550,0
TX0004101553,0
TX0004101559,0
TX0004101569,0
TX0004101621,0
TX0004101628,0
TX0004101630,0
TX0004101638,0
TX0004101642,0
TX0004101666,0
TX0004101745,0
TX0004101756,0
TX0004101764,0
TX0004101775,0
TX0004101830,0
TX0004101876,0
TX0004101903,0
TX0004101943,0
TX0004101949,0
TX0004101978,0
TX0004102008,0
TX0004102013,0
TX0004102017,0
TX0004102025,0
TX0004102091,0
TX0004102139,0
TX0004102160,0
TX0004102164,0
TX0004102174,0
TX0004102188,0
TX0004102189,0
TX0004102214,0
TX0004102277,0
TX0004102292,0
TX0004102321,0
TX0004102343,0
TX0004102418,0
TX0004102426,0
TX0004102443,0
TX0004102458,0
TX0004102498,0
TX0004102527,0
TX0004102594,0
TX0004102638,0
TX0004102658,0
TX0004102696,0
TX0004102782,0
TX0004102796,0
TX0004102810,0
TX0004102859,0
TX0004102963,0
TX0004102975,0
TX0004102980,0
TX0004102981,0
TX0004103054,0
TX0004103083,0
TX0004103153,0
TX0004103205,0
TX0004103228,0
TX0004103255,0
TX0004103272,0
TX0004103273,0
TX0004103286,0
TX0004103296,0
TX0004103344,0
TX0004103355,0
TX0004103451,0
TX0004103487,0
TX0004103508,0
TX0004103528,0
TX0004103553,0
TX0004103567,0
TX0004103600,0
TX0004103612,0
TX0004103639,0
TX0004103665,0
TX0004103754,0
TX0004103777,0
TX0004103809,0
TX0004103864,0
TX0004103865,0
TX0004103973,0
TX0004103987,0
TX0004103994,0
TX0004104034,0
TX0004104054,0
TX0004104061,0
TX0004104091,0
TX0004104095,0
TX0004104157,0
TX0004104182,0
TX0004104197,0
TX0004104215,0
TX0004104269,0
TX0004104284,0
TX0004104291,0
TX0004104308,0
TX0004104312,0
TX0004104337,0
TX0004104425,0
TX0004104452,0
TX0004104457,0
TX0004104463,0
TX0004104492,0
TX0004104500,0
TX0004104535,0
TX0004104547,0
TX0004104593,0
TX0004104632,0
TX0004104635,0
TX0004104645,0
TX0004104646,0
TX0004104753,0
TX0004104754,0
TX0004104767,0
TX0004104769,0
TX0004104772,0
TX0004104794,0
TX0004104816,0
TX0004104879,0
TX0004104894,0
TX0004104939,0
TX0004104967,0
TX0004104976,0
TX0004104977,0
TX0004104983,0
TX0004104992,0
TX0004105013,0
TX0004105071,0
TX0004105153,0
TX0004105166,0
TX0004105194,0
TX0004105230,0
TX0004105263,0
TX0004105310,0
TX0004105331,0
TX0004105364,0
TX0004105404,0
TX0004105444,0
TX0004105457,0
TX0004105459,0
TX0004105460,0
TX0004105490,0
TX0004105568,0
TX0004105593,0
TX0004105631,0
TX0004105679,0
TX0004105680,0
TX0004105781,0
TX0004105906,0
TX0004105911,0
TX0004105953,0
TX0004105976,0
TX0004105981,0
TX0004106029,0
TX0004106077,0
TX0004106081,0
TX0004106097,0
TX0004106117,0
TX0004106130,0
TX0004106131,0
TX0004106215,0
TX0004106254,0
TX0004106302,0
TX0004106322,0
TX0004106343,0
TX0004106346,0
TX0004106364,0
TX0004106387,0
TX0004106395,0
TX0004106492,0
TX0004106589,0
TX0004106606,0
TX0004106614,0
TX0004106638,0
TX0004106673,0
TX0004106703,0
TX0004106765,0
TX0004106795,0
TX0004106849,0
TX0004106853,0
TX0004106888,0
TX0004106894,0
TX0004106911,0
TX0004106998,0
TX0004107024,0
TX0004107034,0
TX0004107055,0
TX0004107086,0
TX0004107117,0
TX0004107151,0
TX0004107233,0
TX0004107234,0
TX0004107242,0
TX0004107247,0
TX0004107287,0
TX0004107288,0
TX0004107306,0
TX0004107324,0
TX0004107369,0
TX0004107400,0
TX0004107405,0
TX0004107449,0
TX0004107453,0
TX0004107488,0
TX0004107494,0
TX0004107580,0
TX0004107581,0
TX0004107594,0
TX0004107624,0
TX0004107685,0
TX0004107686,0
TX0004107693,0
TX0004107696,0
TX0004107698,0
TX0004107765,0
TX0004107773,0
TX0004107776,0
TX0004107787,0
TX0004107792,0
TX0004107841,0
TX0004107916,0
TX0004107945,0
TX0004107953,0
TX0004108015,0
TX0004108036,0
TX0004108094,0
TX0004108098,0
TX0004108183,0
TX0004108210,0
TX0004108217,0
TX0004108236,0
TX0004108266,0
TX0004108274,0
TX0004108293,0
TX0004108321,0
TX0004108351,0
TX0004108364,0
TX0004108365,0
TX0004108415,0
TX0004108418,0
TX0004108419,0
TX0004108422,0
TX0004108425,0
TX0004108481,0
TX0004108563,0
TX0004108582,0
TX0004108628,0
TX0004108674,0
TX0004108684,0
TX0004108728,0
TX0004108751,0
TX0004108846,0
TX0004108861,0
TX0004108873,0
TX0004108879,0
TX0004108885,0
TX0004108889,0
TX0004108909,0
TX0004108937,0
TX0004109019,0
TX0004109065,0
TX0004109101,0
TX0004109167,0
TX0004109177,0
TX0004109187,0
TX0004109239,0
TX0004109254,0
TX0004109279,0
TX0004109335,0
TX0004109360,0
TX0004109397,0
TX0004109398,0
TX0004109405,0
TX0004109450,0
TX0004109477,0
TX0004109542,0
TX0004109570,0
TX0004109594,0
TX0004109677,0
TX0004109722,0
TX0004109766,0
TX0004109806,0
TX0004109990,0
TX0004109991,0
TX0004110001,0
TX0004110002,0
TX0004110112,0
TX0004110127,0
TX0004110148,0
TX0004110150,0
TX0004110164,0
TX0004110175,0
TX0004110222,0
TX0004110318,0
TX0004110325,0
TX0004110333,0
TX0004110341,0
TX0004110381,0
TX0004110403,0
TX0004110489,0
TX0004110513,0
TX0004110528,0
TX0004110624,0
TX0004110630,0
TX0004110647,0
TX0004110753,0
TX0004110758,0
TX0004110775,0
TX0004110802,0
TX0004110814,0
TX0004110821,0
TX0004110861,0
TX0004110870,0
TX0004110872,0
TX0004110891,0
TX0004110948,0
TX0004110958,0
TX0004111049,0
TX0004111050,0
TX0004111064,0
TX0004111077,0
TX0004111107,0
TX0004111108,0
TX0004111114,0
TX0004111153,0
TX0004111162,0
TX0004111191,0
TX0004111195,0
TX0004111199,0
TX0004111209,0
TX0004111225,0
TX0004111238,0
TX0004111244,0
TX0004111278,0
TX0004111355,0
TX0004111403,0
TX0004111409,0
TX0004111427,0
TX0004111455,0
TX0004111474,0
TX0004111484,0
TX0004111555,0
TX0004111572,0
TX0004111578,0
TX0004111597,0
TX0004111608,0
TX0004111628,0
TX0004111650,0
TX0004111667,0
TX0004111668,0
TX0004111709,0
TX0004111716,0
TX0004111720,0
TX0004111734,0
TX0004111754,0
TX0004111819,0
TX0004111875,0
TX0004111974,0
TX0004112019,0
TX0004112040,0
TX0004112069,0
TX0004112190,0
TX0004112241,0
TX0004112244,0
TX0004112256,0
TX0004112261,0
TX0004112274,0
TX0004112279,0
TX0004112280,0
TX0004112287,0
TX0004112310,0
TX0004112413,0
TX0004112419,0
TX0004112508,0
TX0004112548,0
TX0004112609,0
TX0004112663,0
TX0004112666,0
TX0004112696,0
TX0004112746,0
TX0004112840,0
TX0004112864,0
TX0004112873,0
TX0004112874,0
TX0004112934,0
TX0004112958,0
TX0004113067,0
TX0004113105,0
TX0004113163,0
TX0004113164,0
TX0004113325,0
TX0004113345,0
TX0004113366,0
TX0004113463,0
TX0004113466,0
TX0004113500,0
TX0004113505,0
TX0004113508,0
TX0004113624,0
TX0004113658,0
TX0004113659,0
TX0004113663,0
TX0004113674,0
TX0004113690,0
TX0004113719,0
TX0004113766,0
TX0004113780,0
TX0004113786,0
TX0004113808,0
TX0004113820,0
TX0004113839,0
TX0004113882,0
TX0004113972,0
TX0004114032,0
TX0004114066,0
TX0004114119,0
TX0004114123,0
TX0004114130,0
TX0004114190,0
TX0004114234,0
TX0004114296,0
TX0004114332,0
TX0004114495,0
TX0004114507,0
TX0004114521,0
TX0004114524,0
TX0004114600,0
TX0004114614,0
TX0004114637,0
TX0004114638,0
TX0004114672,0
TX0004114727,0
TX0004114847,0
TX0004114917,0
TX0004115125,0
TX0004115155,0
TX0004115179,0
TX0004115182,0
TX0004115235,0
TX0004115251,0
TX0004115262,0
TX0004115286,0
TX0004115323,0
TX0004115346,0
TX0004115360,0
TX0004115368,0
TX0004115472,0
TX0004115480,0
TX0004115563,0
TX0004115574,0
TX0004115606,0
TX0004115613,0
TX0004115616,0
TX0004115654,0
TX0004115666,0
TX0004115672,0
TX0004115684,0
TX0004115765,0
TX0004115772,0
TX0004115791,0
TX0004115834,0
TX0004115909,0
TX0004115936,0
TX0004115965,0
TX0004115993,0
TX0004116082,0
TX0004116152,0
TX0004116161,0
TX0004116185,0
TX0004116233,0
TX0004116280,0
TX0004116303,0
TX0004116342,0
TX0004116413,0
TX0004116456,0
TX0004116463,0
TX0004116491,0
TX0004116496,0
TX0004116551,0
TX0004116565,0
TX0004116591,0
TX0004116625,0
TX0004116674,0
TX0004116682,0
TX0004116683,0
TX0004116699,0
TX0004116703,0
TX0004116716,0
TX0004116768,0
TX0004116789,0
TX0004116891,0
TX0004116916,0
TX0004116929,0
TX0004116936,0
TX0004116942,0
TX0004116959,0
TX0004116962,0
TX0004116985,0
TX0004117163,0
TX0004117171,0
TX0004117217,0
TX0004117235,0
TX0004117252,0
TX0004117341,0
TX0004117351,0
TX0004117372,0
TX0004117381,0
TX0004117401,0
TX0004117402,0
TX0004117425,0
TX0004117442,0
TX0004117501,0
TX0004117616,0
TX0004117619,0
TX0004117628,0
TX0004117650,0
TX0004117708,0
TX0004117751,0
TX0004117806,0
TX0004117816,0
TX0004117825,0
TX0004117848,0
TX0004117925,0
TX0004117940,0
TX0004118011,0
TX0004118021,0
TX0004118050,0
TX0004118057,0
TX0004118090,0
TX0004108556,0
TX0004108565,0
TX0004108667,0
TX0004108704,0
TX0004108719,0
TX0004108736,0
TX0004108777,0
TX0004108796,0
TX0004108798,0
TX0004108801,0
TX0004108850,0
TX0004108881,0
TX0004108912,0
TX0004108972,0
TX0004108993,0
TX0004109049,0
TX0004109098,0
TX0004109138,0
TX0004109143,0
TX0004109163,0
TX0004109231,0
TX0004109328,0
TX0004109372,0
TX0004109380,0
TX0004109407,0
TX0004109412,0
TX0004109481,0
TX0004109524,0
TX0004109586,0
TX0004109613,0
TX0004109716,0
TX0004109796,0
TX0004109842,0
TX0004109848,0
TX0004109852,0
TX0004110015,0
TX0004110085,0
TX0004110093,0
TX0004110174,0
TX0004110184,0
TX0004110235,0
TX0004110238,0
TX0004110247,0
TX0004110254,0
TX0004110280,0
TX0004110287,0
TX0004110326,0
TX0004110338,0
TX0004110352,0
TX0004110366,0
TX0004110373,0
TX0004110393,0
TX0004110398,0
TX0004110405,0
TX0004110443,0
TX0004110550,0
TX0004110558,0
TX0004110582,0
TX0004110631,0
TX0004110679,0
TX0004110736,0
TX0004110745,0
TX0004110751,0
TX0004110820,0
TX0004110826,0
TX0004110876,0
TX0004110903,0
TX0004110913,0
TX0004110914,0
TX0004110951,0
TX0004111008,0
TX0004111015,0
TX0004111119,0
TX0004111198,0
TX0004111235,0
TX0004111279,0
TX0004111347,0
TX0004111381,0
TX0004111435,0
TX0004111462,0
TX0004111536,0
TX0004111651,0
TX0004111679,0
TX0004111713,0
TX0004111725,0
TX0004111732,0
TX0004111760,0
TX0004111780,0
TX0004111785,0
TX0004111806,0
TX0004111817,0
TX0004111823,0
TX0004111834,0
TX0004111840,0
TX0004111866,0
TX0004111902,0
TX0004111938,0
TX0004111961,0
TX0004112010,0
TX0004112028,0
TX0004112041,0
TX0004112044,0
TX0004112089,0
TX0004112097,0
TX0004112116,0
TX0004112130,0
TX0004112185,0
TX0004112222,0
TX0004112311,0
TX0004112321,0
TX0004112329,0
TX0004112363,0
TX0004112378,0
TX0004112455,0
TX0004112477,0
TX0004112514,0
TX0004112525,0
TX0004112547,0
TX0004112553,0
TX0004112570,0
TX0004112579,0
TX0004112595,0
TX0004112650,0
TX0004112723,0
TX0004112756,0
TX0004112773,0
TX0004112824,0
TX0004112832,0
TX0004112847,0
TX0004112849,0
TX0004112860,0
TX0004112902,0
TX0004112921,0
TX0004112930,0
TX0004112962,0
TX0004113003,0
TX0004113046,0
TX0004113080,0
TX0004113112,0
TX0004113114,0
TX0004113139,0
TX0004113149,0
TX0004113171,0
TX0004113176,0
TX0004113235,0
TX0004113258,0
TX0004113263,0
TX0004113271,0
TX0004113275,0
TX0004113306,0
TX0004113368,0
TX0004113494,0
TX0004113526,0
TX0004113581,0
TX0004113609,0
TX0004113665,0
TX0004113683,0
TX0004113707,0
TX0004113714,0
TX0004113736,0
TX0004113770,0
TX0004113789,0
TX0004113800,0
TX0004113817,0
TX0004113869,0
TX0004113900,0
TX0004113918,0
TX0004113950,0
TX0004114011,0
TX0004114013,0
TX0004114017,0
TX0004114024,0
TX0004114025,0
TX0004114038,0
TX0004114046,0
TX0004114050,0
TX0004114057,0
TX0004114096,0
TX0004114125,0
TX0004114169,0
TX0004114181,0
TX0004114191,0
TX0004114192,0
TX0004114203,0
TX0004114209,0
TX0004114214,0
TX0004114226,0
TX0004114261,0
TX0004114313,0
TX0004114337,0
TX0004114341,0
TX0004114508,0
TX0004114526,0
TX0004114533,0
TX0004114663,0
TX0004114705,0
TX0004114709,0
TX0004114714,0
TX0004114723,0
TX0004114744,0
TX0004114757,0
TX0004114804,0
TX0004114879,0
TX0004114908,0
TX0004114919,0
TX0004114957,0
TX0004114966,0
TX0004115002,0
TX0004115034,0
TX0004115073,0
TX0004115081,0
TX0004115165,0
TX0004115181,0
TX0004115215,0
TX0004115243,0
TX0004115280,0
TX0004115296,0
TX0004115339,0
TX0004115355,0
TX0004115361,0
TX0004115366,0
TX0004115388,0
TX0004115409,0
TX0004115414,0
TX0004115460,0
TX0004115481,0
TX0004115482,0
TX0004115494,0
TX0004115539,0
TX0004115541,0
TX0004115544,0
TX0004115546,0
TX0004115590,0
TX0004115625,0
TX0004115631,0
TX0004115641,0
TX0004115695,0
TX0004115701,0
TX0004115728,0
TX0004115818,0
TX0004115820,0
TX0004115867,0
TX0004115871,0
TX0004115882,0
TX0004115883,0
TX0004115951,0
TX0004115955,0
TX0004116016,0
TX0004116023,0
TX0004116093,0
TX0004116111,0
TX0004116179,0
TX0004116214,0
TX0004116257,0
TX0004116337,0
TX0004116373,0
TX0004116386,0
TX0004116404,0
TX0004116493,0
TX0004116514,0
TX0004116530,0
TX0004116609,0
TX0004116616,0
TX0004116695,0
TX0004116712,0
TX0004116796,0
TX0004116836,0
TX0004116885,0
TX0004116908,0
TX0004116917,0
TX0004116986,0
TX0004117006,0
TX0004117037,0
TX0004117042,0
TX0004117059,0
TX0004117117,0
TX0004117123,0
TX0004117124,0
TX0004117169,0
TX0004117180,0
TX0004117192,0
TX0004117249,0
TX0004117284,0
TX0004117315,0
TX0004117326,0
TX0004117360,0
TX0004117418,0
TX0004117454,0
TX0004117509,0
TX0004117530,0
TX0004117547,0
TX0004117555,0
TX0004117817,0
TX0004117824,0
TX0004117866,0
TX0004117893,0
TX0004117975,0
TX0004117979,0
TX0004118015,0
TX0004118064,0
TX0004118070,0
TX0004118085,0
TX0004108551,0
TX0004108749,0
TX0004108807,0
TX0004108824,0
TX0004108848,0
TX0004108852,0
TX0004108895,0
TX0004108918,0
TX0004108934,0
TX0004108948,0
TX0004108971,0
TX0004108992,0
TX0004108997,0
TX0004109013,0
TX0004109041,0
TX0004109078,0
TX0004109112,0
TX0004109115,0
TX0004109122,0
TX0004109126,0
TX0004109196,0
TX0004109197,0
TX0004109238,0
TX0004109243,0
TX0004109245,0
TX0004109267,0
TX0004109325,0
TX0004109373,0
TX0004109376,0
TX0004109390,0
TX0004109411,0
TX0004109427,0
TX0004109449,0
TX0004109461,0
TX0004109530,0
TX0004109544,0
TX0004109574,0
TX0004109591,0
TX0004109593,0
TX0004109608,0
TX0004109636,0
TX0004109679,0
TX0004109702,0
TX0004109723,0
TX0004109741,0
TX0004109800,0
TX0004109830,0
TX0004109839,0
TX0004109894,0
TX0004109914,0
TX0004109920,0
TX0004110039,0
TX0004110040,0
TX0004110045,0
TX0004110170,0
TX0004110171,0
TX0004110213,0
TX0004110239,0
TX0004110260,0
TX0004110279,0
TX0004110297,0
TX0004110353,0
TX0004110358,0
TX0004110375,0
TX0004110390,0
TX0004110427,0
TX0004110454,0
TX0004110469,0
TX0004110476,0
TX0004110481,0
TX0004110538,0
TX0004110580,0
TX0004110586,0
TX0004110599,0
TX0004110600,0
TX0004110618,0
TX0004110641,0
TX0004110665,0
TX0004110733,0
TX0004110812,0
TX0004110841,0
TX0004110968,0
TX0004110974,0
TX0004110985,0
TX0004110999,0
TX0004111001,0
TX0004111027,0
TX0004111079,0
TX0004111091,0
TX0004111141,0
TX0004111143,0
TX0004111152,0
TX0004111236,0
TX0004111287,0
TX0004111300,0
TX0004111303,0
TX0004111319,0
TX0004111336,0
TX0004111353,0
TX0004111393,0
TX0004111413,0
TX0004111436,0
TX0004111439,0
TX0004111489,0
TX0004111521,0
TX0004111522,0
TX0004111530,0
TX0004111549,0
TX0004111614,0
TX0004111689,0
TX0004111702,0
TX0004111803,0
TX0004111820,0
TX0004111838,0
TX0004111919,0
TX0004112054,0
TX0004112095,0
TX0004112103,0
TX0004112105,0
TX0004112169,0
TX0004112174,0
TX0004112175,0
TX0004112180,0
TX0004112217,0
TX0004112232,0
TX0004112264,0
TX0004112271,0
TX0004112283,0
TX0004112303,0
TX0004112369,0
TX0004112386,0
TX0004112399,0
TX0004112429,0
TX0004112473,0
TX0004112511,0
TX0004112516,0
TX0004112549,0
TX0004112566,0
TX0004112604,0
TX0004112640,0
TX0004112654,0
TX0004112673,0
TX0004112738,0
TX0004112771,0
TX0004112801,0
TX0004112818,0
TX0004112827,0
TX0004112933,0
TX0004112939,0
TX0004112943,0
TX0004112997,0
TX0004112999,0
TX0004113012,0
TX0004113015,0
TX0004113069,0
TX0004113098,0
TX0004113103,0
TX0004113115,0
TX0004113214,0
TX0004113215,0
TX0004113224,0
TX0004113256,0
TX0004113323,0
TX0004113334,0
TX0004113359,0
TX0004113421,0
TX0004113435,0
TX0004113439,0
TX0004113460,0
TX0004113507,0
TX0004113521,0
TX0004113528,0
TX0004113577,0
TX0004113586,0
TX0004113604,0
TX0004113613,0
TX0004113621,0
TX0004113651,0
TX0004113681,0
TX0004113696,0
TX0004113697,0
TX0004113730,0
TX0004113731,0
TX0004113760,0
TX0004113763,0
TX0004113764,0
TX0004113772,0
TX0004113781,0
TX0004113826,0
TX0004113838,0
TX0004113863,0
TX0004113906,0
TX0004113929,0
TX0004113985,0
TX0004114077,0
TX0004114088,0
TX0004114102,0
TX0004114211,0
TX0004114235,0
TX0004114262,0
TX0004114370,0
TX0004114432,0
TX0004114444,0
TX0004114447,0
TX0004114466,0
TX0004114481,0
TX0004114483,0
TX0004114492,0
TX0004114497,0
TX0004114498,0
TX0004114556,0
TX0004114559,0
TX0004114571,0
TX0004114572,0
TX0004114620,0
TX0004114625,0
TX0004114641,0
TX0004114643,0
TX0004114650,0
TX0004114653,0
TX0004114688,0
TX0004114692,0
TX0004114707,0
TX0004114719,0
TX0004114790,0
TX0004114842,0
TX0004114874,0
TX0004114875,0
TX0004114882,0
TX0004114891,0
TX0004114907,0
TX0004114937,0
TX0004114952,0
TX0004114953,0
TX0004114982,0
TX0004115008,0
TX0004115015,0
TX0004115040,0
TX0004115042,0
TX0004115060,0
TX0004115072,0
TX0004115105,0
TX0004115120,0
TX0004115258,0
TX0004115297,0
TX0004115322,0
TX0004115364,0
TX0004115413,0
TX0004115489,0
TX0004115504,0
TX0004115581,0
TX0004115591,0
TX0004115608,0
TX0004115611,0
TX0004115620,0
TX0004115633,0
TX0004115725,0
TX0004115742,0
TX0004115786,0
TX0004115813,0
TX0004115973,0
TX0004115998,0
TX0004116014,0
TX0004116049,0
TX0004116059,0
TX0004116115,0
TX0004116123,0
TX0004116124,0
TX0004116162,0
TX0004116189,0
TX0004116256,0
TX0004116315,0
TX0004116353,0
TX0004116369,0
TX0004116437,0
TX0004116439,0
TX0004116447,0
TX0004116455,0
TX0004116469,0
TX0004116474,0
TX0004116498,0
TX0004116507,0
TX0004116576,0
TX0004116590,0
TX0004116623,0
TX0004116679,0
TX0004116841,0
TX0004116859,0
TX0004116910,0
TX0004116937,0
TX0004117032,0
TX0004117038,0
TX0004117062,0
TX0004117072,0
TX0004117120,0
TX0004117134,0
TX0004117135,0
TX0004117152,0
TX0004117175,0
TX0004117229,0
TX0004117242,0
TX0004117247,0
TX0004117276,0
TX0004117339,0
TX0004117379,0
TX0004117408,0
TX0004117447,0
TX0004117462,0
TX0004117470,0
TX0004117477,0
TX0004117478,0
TX0004117486,0
TX0004117490,0
TX0004117494,0
TX0004117522,0
TX0004117621,0
TX0004117623,0
TX0004117627,0
TX0004117656,0
TX0004117694,0
TX0004117695,0
TX0004117719,0
TX0004117754,0
TX0004117784,0
TX0004117790,0
TX0004117798,0
TX0004117811,0
TX0004117850,0
TX0004117873,0
TX0004117903,0
TX0004117904,0
TX0004117907,0
TX0004117919,0
TX0004117956,0
TX0004118000,0
TX0004118010,0
TX0004118027,0
TX0004108580,0
TX0004108593,0
TX0004108610,0
TX0004108632,0
TX0004108682,0
TX0004108817,0
TX0004108845,0
TX0004108900,0
TX0004108906,0
TX0004108907,0
TX0004108994,0
TX0004109006,0
TX0004109015,0
TX0004109024,0
TX0004109054,0
TX0004109064,0
TX0004109071,0
TX0004109079,0
TX0004109173,0
TX0004109176,0
TX0004109222,0
TX0004109233,0
TX0004109278,0
TX0004109299,0
TX0004109312,0
TX0004109323,0
TX0004109347,0
TX0004109401,0
TX0004109403,0
TX0004109467,0
TX0004109527,0
TX0004109539,0
TX0004109565,0
TX0004109567,0
TX0004109569,0
TX0004109595,0
TX0004109597,0
TX0004109602,0
TX0004109643,0
TX0004109698,0
TX0004109711,0
TX0004109717,0
TX0004109730,0
TX0004109736,0
TX0004109748,0
TX0004109761,0
TX0004109774,0
TX0004109812,0
TX0004109825,0
TX0004109857,0
TX0004109872,0
TX0004109893,0
TX0004109909,0
TX0004109931,0
TX0004109942,0
TX0004109945,0
TX0004109948,0
TX0004110026,0
TX0004110049,0
TX0004110092,0
TX0004110102,0
TX0004110114,0
TX0004110124,0
TX0004110152,0
TX0004110169,0
TX0004110188,0
TX0004110197,0
TX0004110281,0
TX0004110332,0
TX0004110391,0
TX0004110459,0
TX0004110460,0
TX0004110478,0
TX0004110487,0
TX0004110527,0
TX0004110564,0
TX0004110612,0
TX0004110615,0
TX0004110642,0
TX0004110670,0
TX0004110805,0
TX0004110857,0
TX0004110899,0
TX0004110912,0
TX0004110927,0
TX0004110930,0
TX0004110946,0
TX0004110957,0
TX0004110964,0
TX0004110988,0
TX0004110992,0
TX0004111011,0
TX0004111031,0
TX0004111044,0
TX0004111070,0
TX0004111100,0
TX0004111112,0
TX0004111126,0
TX0004111136,0
TX0004111165,0
TX0004111262,0
TX0004111331,0
TX0004111451,0
TX0004111492,0
TX0004111520,0
TX0004111550,0
TX0004111571,0
TX0004111625,0
TX0004111665,0
TX0004111671,0
TX0004111677,0
TX0004111684,0
TX0004111708,0
TX0004111719,0
TX0004111737,0
TX0004111805,0
TX0004111844,0
TX0004111864,0
TX0004111885,0
TX0004111890,0
TX0004111899,0
TX0004111904,0
TX0004111935,0
TX0004111965,0
TX0004111973,0
TX0004111975,0
TX0004112003,0
TX0004112024,0
TX0004112045,0
TX0004112055,0
TX0004112056,0
TX0004112079,0
TX0004112088,0
TX0004112129,0
TX0004112153,0
TX0004112189,0
TX0004112216,0
TX0004112247,0
TX0004112272,0
TX0004112276,0
TX0004112326,0
TX0004112344,0
TX0004112355,0
TX0004112374,0
TX0004112483,0
TX0004112690,0
TX0004112697,0
TX0004112810,0
TX0004112845,0
TX0004113005,0
TX0004113006,0
TX0004113022,0
TX0004113036,0
TX0004113079,0
TX0004113082,0
TX0004113118,0
TX0004113135,0
TX0004113160,0
TX0004113240,0
TX0004113251,0
TX0004113259,0
TX0004113261,0
TX0004113324,0
TX0004113371,0
TX0004113381,0
TX0004113420,0
TX0004113491,0
TX0004113554,0
TX0004113557,0
TX0004113569,0
TX0004113571,0
TX0004113582,0
TX0004113591,0
TX0004113635,0
TX0004113636,0
TX0004113640,0
TX0004113646,0
TX0004113652,0
TX0004113672,0
TX0004113684,0
TX0004113753,0
TX0004113849,0
TX0004113902,0
TX0004113903,0
TX0004113951,0
TX0004114014,0
TX0004114021,0
TX0004114074,0
TX0004114115,0
TX0004114138,0
TX0004114149,0
TX0004114164,0
TX0004114166,0
TX0004114198,0
TX0004114206,0
TX0004114215,0
TX0004114223,0
TX0004114229,0
TX0004114246,0
TX0004114255,0
TX0004114274,0
TX0004114310,0
TX0004114346,0
TX0004114347,0
TX0004114402,0
TX0004114461,0
TX0004114517,0
TX0004114522,0
TX0004114531,0
TX0004114545,0
TX0004114582,0
TX0004114592,0
TX0004114642,0
TX0004114645,0
TX0004114684,0
TX0004114693,0
TX0004114699,0
TX0004114718,0
TX0004114726,0
TX0004114770,0
TX0004114800,0
TX0004114810,0
TX0004114853,0
TX0004114856,0
TX0004114861,0
TX0004114884,0
TX0004114909,0
TX0004114921,0
TX0004115001,0
TX0004115006,0
TX0004115068,0
TX0004115078,0
TX0004115090,0
TX0004115129,0
TX0004115175,0
TX0004115194,0
TX0004115195,0
TX0004115295,0
TX0004115342,0
TX0004115352,0
TX0004115363,0
TX0004115372,0
TX0004115392,0
TX0004115408,0
TX0004115416,0
TX0004115454,0
TX0004115459,0
TX0004115499,0
TX0004115506,0
TX0004115515,0
TX0004115569,0
TX0004115576,0
TX0004115615,0
TX0004115617,0
TX0004115640,0
TX0004115656,0
TX0004115682,0
TX0004115712,0
TX0004115752,0
TX0004115763,0
TX0004115819,0
TX0004115821,0
TX0004115839,0
TX0004115908,0
TX0004115918,0
TX0004115921,0
TX0004115974,0
TX0004115983,0
TX0004116036,0
TX0004116048,0
TX0004116090,0
TX0004116107,0
TX0004116121,0
TX0004116156,0
TX0004116201,0
TX0004116231,0
TX0004116281,0
TX0004116309,0
TX0004116335,0
TX0004116338,0
TX0004116383,0
TX0004116409,0
TX0004116423,0
TX0004116459,0
TX0004116478,0
TX0004116486,0
TX0004116577,0
TX0004116615,0
TX0004116700,0
TX0004116779,0
TX0004116782,0
TX0004116797,0
TX0004116808,0
TX0004116819,0
TX0004116820,0
TX0004116826,0
TX0004116833,0
TX0004116840,0
TX0004116921,0
TX0004116926,0
TX0004116957,0
TX0004116970,0
TX0004116997,0
TX0004117008,0
TX0004117039,0
TX0004117051,0
TX0004117088,0
TX0004117102,0
TX0004117125,0
TX0004117130,0
TX0004117202,0
TX0004117225,0
TX0004117273,0
TX0004117288,0
TX0004117426,0
TX0004117467,0
TX0004117497,0
TX0004117498,0
TX0004117668,0
TX0004117787,0
TX0004117843,0
TX0004117886,0
TX0004118079,0
TX0004108534,0
TX0004108602,0
TX0004108689,0
TX0004108710,0
TX0004108711,0
TX0004108738,0
TX0004108740,0
TX0004108764,0
TX0004108823,0
TX0004108831,0
TX0004108838,0
TX0004108840,0
TX0004108872,0
TX0004108878,0
TX0004108880,0
TX0004108960,0
TX0004109012,0
TX0004109020,0
TX0004109021,0
TX0004109033,0
TX0004109055,0
TX0004109057,0
TX0004109081,0
TX0004109092,0
TX0004109117,0
TX0004109120,0
TX0004109124,0
TX0004109188,0
TX0004109225,0
TX0004109253,0
TX0004109265,0
TX0004109283,0
TX0004109313,0
TX0004109322,0
TX0004109367,0
TX0004109416,0
TX0004109424,0
TX0004109479,0
TX0004109480,0
TX0004109510,0
TX0004109568,0
TX0004109573,0
TX0004109607,0
TX0004109627,0
TX0004109638,0
TX0004109667,0
TX0004109690,0
TX0004109699,0
TX0004109739,0
TX0004109816,0
TX0004109836,0
TX0004109933,0
TX0004109934,0
TX0004109943,0
TX0004109974,0
TX0004109999,0
TX0004110005,0
TX0004110006,0
TX0004110062,0
TX0004110063,0
TX0004110097,0
TX0004110137,0
TX0004110165,0
TX0004110224,0
TX0004110233,0
TX0004110250,0
TX0004110292,0
TX0004110303,0
TX0004110312,0
TX0004110319,0
TX0004110349,0
TX0004110378,0
TX0004110432,0
TX0004110464,0
TX0004110521,0
TX0004110547,0
TX0004110561,0
TX0004110587,0
TX0004110592,0
TX0004110636,0
TX0004110676,0
TX0004110688,0
TX0004110701,0
TX0004110704,0
TX0004110708,0
TX0004110757,0
TX0004110761,0
TX0004110766,0
TX0004110772,0
TX0004110781,0
TX0004110796,0
TX0004110879,0
TX0004110915,0
TX0004110923,0
TX0004110972,0
TX0004111020,0
TX0004111021,0
TX0004111082,0
TX0004111105,0
TX0004111109,0
TX0004111161,0
TX0004111221,0
TX0004111224,0
TX0004111237,0
TX0004111239,0
TX0004111311,0
TX0004111313,0
TX0004111326,0
TX0004111333,0
TX0004111352,0
TX0004111368,0
TX0004111373,0
TX0004111379,0
TX0004111384,0
TX0004111390,0
TX0004111395,0
TX0004111448,0
TX0004111481,0
TX0004111504,0
TX0004111514,0
TX0004111539,0
TX0004111741,0
TX0004111777,0
TX0004111816,0
TX0004111818,0
TX0004111822,0
TX0004111856,0
TX0004111878,0
TX0004111897,0
TX0004111931,0
TX0004111932,0
TX0004111948,0
TX0004111993,0
TX0004112002,0
TX0004112060,0
TX0004112064,0
TX0004112084,0
TX0004112112,0
TX0004112155,0
TX0004112184,0
TX0004112204,0
TX0004112210,0
TX0004112245,0
TX0004112281,0
TX0004112282,0
TX0004112313,0
TX0004112410,0
TX0004112417,0
TX0004112433,0
TX0004112484,0
TX0004112540,0
TX0004112584,0
TX0004112627,0
TX0004112632,0
TX0004112643,0
TX0004112659,0
TX0004112671,0
TX0004112683,0
TX0004112698,0
TX0004112739,0
TX0004112800,0
TX0004113020,0
TX0004113021,0
TX0004113028,0
TX0004113044,0
TX0004113055,0
TX0004113072,0
TX0004113078,0
TX0004113168,0
TX0004113237,0
TX0004113288,0
TX0004113319,0
TX0004113378,0
TX0004113396,0
TX0004113444,0
TX0004113476,0
TX0004113498,0
TX0004113512,0
TX0004113540,0
TX0004113550,0
TX0004113553,0
TX0004113592,0
TX0004113597,0
TX0004113605,0
TX0004113629,0
TX0004113685,0
TX0004113693,0
TX0004113728,0
TX0004113758,0
TX0004113761,0
TX0004113769,0
TX0004113872,0
TX0004113889,0
TX0004113896,0
TX0004113898,0
TX0004113901,0
TX0004113934,0
TX0004113945,0
TX0004113978,0
TX0004113998,0
TX0004114029,0
TX0004114065,0
TX0004114199,0
TX0004114263,0
TX0004114277,0
TX0004114318,0
TX0004114363,0
TX0004114364,0
TX0004114371,0
TX0004114382,0
TX0004114401,0
TX0004114408,0
TX0004114409,0
TX0004114421,0
TX0004114430,0
TX0004114467,0
TX0004114484,0
TX0004114499,0
TX0004114514,0
TX0004114525,0
TX0004114539,0
TX0004114551,0
TX0004114618,0
TX0004114623,0
TX0004114648,0
TX0004114725,0
TX0004114745,0
TX0004114751,0
TX0004114778,0
TX0004114821,0
TX0004114860,0
TX0004114893,0
TX0004114906,0
TX0004114924,0
TX0004114973,0
TX0004114987,0
TX0004115022,0
TX0004115056,0
TX0004115079,0
TX0004115093,0
TX0004115177,0
TX0004115180,0
TX0004115218,0
TX0004115224,0
TX0004115272,0
TX0004115294,0
TX0004115311,0
TX0004115347,0
TX0004115399,0
TX0004115400,0
TX0004115475,0
TX0004115483,0
TX0004115511,0
TX0004115548,0
TX0004115603,0
TX0004115609,0
TX0004115655,0
TX0004115678,0
TX0004115707,0
TX0004115723,0
TX0004115759,0
TX0004115798,0
TX0004115800,0
TX0004115802,0
TX0004115806,0
TX0004115841,0
TX0004115899,1
TX0004115915,0
TX0004115923,0
TX0004115926,0
TX0004115939,0
TX0004115940,0
TX0004115959,0
TX0004116004,0
TX0004116024,0
TX0004116062,0
TX0004116109,0
TX0004116118,0
TX0004116199,0
TX0004116234,0
TX0004116271,0
TX0004116292,0
TX0004116391,0
TX0004116533,0
TX0004116540,0
TX0004116561,0
TX0004116656,0
TX0004116708,0
TX0004116755,0
TX0004116848,0
TX0004116876,0
TX0004116914,0
TX0004116993,0
TX0004117131,0
TX0004117204,0
TX0004117215,0
TX0004117239,0
TX0004117244,0
TX0004117258,0
TX0004117291,0
TX0004117356,0
TX0004117363,0
TX0004117364,0
TX0004117519,0
TX0004117533,0
TX0004117545,0
TX0004117583,0
TX0004117584,0
TX0004117601,0
TX0004117688,0
TX0004117703,0
TX0004117709,0
TX0004117735,0
TX0004117747,0
TX0004117868,0
TX0004117874,0
TX0004117887,0
TX0004117935,0
TX0004117946,0
TX0004117950,0
TX0004117974,0
TX0004117986,0
TX0004118016,0
TX0004118034,0
TX0004118098,0
TX0004108535,0
TX0004108561,0
TX0004108621,0
TX0004108644,0
TX0004108677,0
TX0004108759,0
TX0004108779,0
TX0004108789,0
TX0004108844,0
TX0004108914,0
TX0004109000,0
TX0004109038,0
TX0004109058,0
TX0004109063,0
TX0004109069,0
TX0004109110,0
TX0004109132,0
TX0004109144,0
TX0004109174,0
TX0004109186,0
TX0004109210,0
TX0004109272,0
TX0004109280,0
TX0004109281,0
TX0004109290,0
TX0004109293,0
TX0004109306,0
TX0004109370,0
TX0004109379,0
TX0004109434,0
TX0004109543,0
TX0004109550,0
TX0004109552,0
TX0004109564,0
TX0004109566,0
TX0004109612,0
TX0004109617,0
TX0004109618,0
TX0004109639,0
TX0004109740,0
TX0004109799,0
TX0004109801,0
TX0004109881,0
TX0004109887,0
TX0004109899,0
TX0004109938,0
TX0004109980,0
TX0004109988,0
TX0004109997,0
TX0004109998,0
TX0004110068,0
TX0004110076,0
TX0004110128,0
TX0004110134,0
TX0004110179,0
TX0004110199,0
TX0004110202,0
TX0004110265,0
TX0004110313,0
TX0004110320,0
TX0004110368,0
TX0004110493,0
TX0004110532,0
TX0004110544,0
TX0004110577,0
TX0004110594,0
TX0004110635,0
TX0004110664,0
TX0004110681,0
TX0004110699,0
TX0004110703,0
TX0004110713,0
TX0004110732,0
TX0004110756,0
TX0004110790,0
TX0004110793,0
TX0004110822,0
TX0004110873,0
TX0004110936,0
TX0004110967,0
TX0004110986,0
TX0004111013,0
TX0004111075,0
TX0004111104,0
TX0004111149,0
TX0004111159,0
TX0004111175,0
TX0004111182,0
TX0004111272,0
TX0004111432,0
TX0004111471,0
TX0004111506,0
TX0004111546,0
TX0004111565,0
TX0004111569,0
TX0004111570,0
TX0004111620,0
TX0004111669,0
TX0004111693,0
TX0004111695,0
TX0004111699,0
TX0004111723,0
TX0004111738,0
TX0004111801,0
TX0004111815,0
TX0004111828,0
TX0004111837,0
TX0004111842,0
TX0004111857,0
TX0004111870,0
TX0004111958,0
TX0004112096,0
TX0004112098,0
TX0004112099,0
TX0004112158,0
TX0004112206,0
TX0004112213,0
TX0004112214,0
TX0004112226,0
TX0004112302,0
TX0004112315,0
TX0004112365,0
TX0004112411,0
TX0004112450,0
TX0004112465,0
TX0004112504,0
TX0004112510,0
TX0004112554,0
TX0004112577,0
TX0004112623,0
TX0004112628,0
TX0004112647,0
TX0004112668,0
TX0004112693,0
TX0004112702,0
TX0004112725,0
TX0004112769,0
TX0004112775,0
TX0004112777,0
TX0004112784,0
TX0004112859,0
TX0004112866,0
TX0004112876,0
TX0004112889,0
TX0004112956,0
TX0004112981,0
TX0004112982,0
TX0004113026,0
TX0004113037,0
TX0004113075,0
TX0004113084,0
TX0004113206,0
TX0004113278,0
TX0004113312,0
TX0004113318,0
TX0004113353,0
TX0004113385,0
TX0004113424,0
TX0004113440,0
TX0004113458,0
TX0004113462,0
TX0004113480,0
TX0004113506,0
TX0004113565,0
TX0004113593,0
TX0004113625,0
TX0004113720,0
TX0004113791,0
TX0004113834,0
TX0004113865,0
TX0004113867,0
TX0004113881,0
TX0004113949,0
TX0004113961,0
TX0004113989,0
TX0004114041,0
TX0004114108,0
TX0004114114,0
TX0004114136,0
TX0004114147,0
TX0004114160,0
TX0004114161,0
TX0004114216,0
TX0004114221,0
TX0004114298,0
TX0004114311,0
TX0004114336,0
TX0004114386,0
TX0004114387,0
TX0004114417,0
TX0004114442,0
TX0004114529,0
TX0004114532,0
TX0004114558,0
TX0004114578,0
TX0004114579,0
TX0004114607,0
TX0004114609,0
TX0004114630,0
TX0004114715,0
TX0004114753,0
TX0004114759,0
TX0004114796,0
TX0004114799,0
TX0004114814,0
TX0004114818,0
TX0004114819,0
TX0004114827,0
TX0004114854,0
TX0004114943,0
TX0004114947,0
TX0004114958,0
TX0004114964,0
TX0004114969,0
TX0004115083,0
TX0004115115,0
TX0004115135,0
TX0004115174,0
TX0004115202,0
TX0004115248,0
TX0004115256,0
TX0004115273,0
TX0004115313,0
TX0004115348,0
TX0004115367,0
TX0004115382,0
TX0004115474,0
TX0004115477,0
TX0004115479,0
TX0004115522,0
TX0004115566,0
TX0004115572,0
TX0004115577,0
TX0004115602,0
TX0004115663,0
TX0004115668,0
TX0004115679,0
TX0004115713,0
TX0004115767,0
TX0004115833,0
TX0004115847,0
TX0004115866,0
TX0004115876,0
TX0004115879,0
TX0004115880,0
TX0004115916,0
TX0004115928,0
TX0004115954,0
TX0004115963,0
TX0004115980,0
TX0004116020,0
TX0004116038,0
TX0004116050,0
TX0004116052,0
TX0004116053,0
TX0004116080,0
TX0004116141,0
TX0004116145,0
TX0004116177,0
TX0004116205,0
TX0004116250,0
TX0004116274,0
TX0004116377,0
TX0004116403,0
TX0004116527,0
TX0004116569,0
TX0004116570,0
TX0004116587,0
TX0004116601,0
TX0004116650,0
TX0004116667,0
TX0004116696,0
TX0004116724,0
TX0004116731,0
TX0004116761,0
TX0004116800,0
TX0004116858,0
TX0004116874,0
TX0004116934,0
TX0004116979,0
TX0004117154,0
TX0004117186,0
TX0004117236,0
TX0004117260,0
TX0004117262,0
TX0004117309,0
TX0004117310,0
TX0004117314,0
TX0004117345,0
TX0004117370,0
TX0004117385,0
TX0004117410,0
TX0004117420,0
TX0004117436,0
TX0004117446,0
TX0004117499,0
TX0004117565,0
TX0004117586,0
TX0004117603,0
TX0004117620,0
TX0004117634,0
TX0004117645,0
TX0004117651,0
TX0004117697,0
TX0004117780,0
TX0004117781,0
TX0004117795,0
TX0004117864,0
TX0004117909,0
TX0004117917,0
TX0004117927,0
TX0004117957,0
TX0004118033,0
TX0004118045,0
TX0004118055,0
TX0004118060,0
TX0002248679,0
TX0002248680,1
TX0004108536,0
TX0004108577,0
TX0004108596,0
TX0004108611,0
TX0004108645,0
TX0004108647,0
TX0004108654,0
TX0004108703,0
TX0004108714,0
TX0004108770,0
TX0004108774,0
TX0004108799,0
TX0004108806,0
TX0004108818,0
TX0004108819,0
TX0004108822,0
TX0004108839,0
TX0004108896,0
TX0004108943,0
TX0004108945,0
TX0004108952,0
TX0004108955,0
TX0004108958,0
TX0004109010,0
TX0004109028,0
TX0004109075,0
TX0004109077,0
TX0004109099,0
TX0004109107,0
TX0004109123,0
TX0004109193,0
TX0004109213,0
TX0004109307,0
TX0004109310,0
TX0004109324,0
TX0004109369,0
TX0004109389,0
TX0004109421,0
TX0004109425,0
TX0004109484,0
TX0004109558,0
TX0004109598,0
TX0004109599,0
TX0004109689,0
TX0004109713,0
TX0004109719,0
TX0004109804,0
TX0004109808,0
TX0004109817,0
TX0004109863,0
TX0004109884,0
TX0004109913,0
TX0004109929,0
TX0004109930,0
TX0004109985,0
TX0004110009,0
TX0004110010,0
TX0004110047,0
TX0004110108,0
TX0004110140,0
TX0004110154,0
TX0004110218,0
TX0004110249,0
TX0004110285,0
TX0004110365,0
TX0004110395,0
TX0004110404,0
TX0004110418,0
TX0004110431,0
TX0004110465,0
TX0004110503,0
TX0004110542,0
TX0004110563,0
TX0004110616,0
TX0004110638,0
TX0004110693,0
TX0004110694,0
TX0004110808,0
TX0004110834,0
TX0004110918,0
TX0004110919,0
TX0004110942,0
TX0004111005,0
TX0004111006,0
TX0004111016,0
TX0004111073,0
TX0004111074,0
TX0004111113,0
TX0004111170,0
TX0004111178,0
TX0004111222,0
TX0004111250,0
TX0004111269,0
TX0004111296,0
TX0004111320,0
TX0004111329,0
TX0004111466,0
TX0004111478,0
TX0004111502,0
TX0004111606,0
TX0004111617,0
TX0004111682,0
TX0004111724,0
TX0004111764,0
TX0004111772,0
TX0004111795,0
TX0004111799,0
TX0004111810,0
TX0004111854,0
TX0004111865,0
TX0004111917,0
TX0004111943,0
TX0004112016,0
TX0004112030,0
TX0004112120,0
TX0004112137,0
TX0004112170,0
TX0004112224,0
TX0004112233,0
TX0004112263,0
TX0004112339,0
TX0004112381,0
TX0004112401,0
TX0004112430,0
TX0004112436,0
TX0004112461,0
TX0004112485,0
TX0004112488,0
TX0004112497,0
TX0004112519,0
TX0004112537,0
TX0004112563,0
TX0004112565,0
TX0004112573,0
TX0004112576,0
TX0004112605,0
TX0004112610,0
TX0004112618,0
TX0004112752,0
TX0004112754,0
TX0004112768,0
TX0004112770,0
TX0004112878,0
TX0004112881,0
TX0004112890,0
TX0004112917,0
TX0004112920,0
TX0004112935,0
TX0004112940,0
TX0004113052,0
TX0004113058,0
TX0004113088,0
TX0004113187,0
TX0004113189,0
TX0004113193,0
TX0004113202,0
TX0004113207,0
TX0004113230,0
TX0004113322,0
TX0004113338,0
TX0004113346,0
TX0004113416,0
TX0004113429,0
TX0004113430,0
TX0004113432,0
TX0004113448,0
TX0004113456,0
TX0004113461,0
TX0004113472,0
TX0004113502,0
TX0004113539,0
TX0004113574,0
TX0004113601,0
TX0004113670,0
TX0004113677,0
TX0004113687,0
TX0004113698,0
TX0004113739,0
TX0004113824,0
TX0004113850,0
TX0004113871,0
TX0004113885,0
TX0004113888,0
TX0004113913,0
TX0004113923,0
TX0004113971,0
TX0004113977,0
TX0004113987,0
TX0004114004,0
TX0004114020,0
TX0004114068,0
TX0004114148,0
TX0004114163,0
TX0004114230,0
TX0004114280,0
TX0004114294,0
TX0004114299,0
TX0004114316,0
TX0004114354,0
TX0004114411,0
TX0004114519,0
TX0004114612,0
TX0004114649,0
TX0004114764,0
TX0004114832,0
TX0004114920,0
TX0004114963,0
TX0004114985,0
TX0004115007,0
TX0004115021,0
TX0004115023,0
TX0004115039,0
TX0004115057,0
TX0004115066,0
TX0004115089,0
TX0004115119,0
TX0004115170,0
TX0004115204,0
TX0004115222,0
TX0004115223,0
TX0004115291,0
TX0004115337,0
TX0004115349,0
TX0004115396,0
TX0004115419,0
TX0004115458,0
TX0004115578,0
TX0004115623,0
TX0004115646,0
TX0004115688,0
TX0004115795,0
TX0004115799,0
TX0004115825,0
TX0004115836,0
TX0004115851,0
TX0004115889,0
TX0004115907,0
TX0004115950,0
TX0004115964,0
TX0004116006,0
TX0004116012,0
TX0004116150,0
TX0004116155,0
TX0004116195,0
TX0004116206,0
TX0004116218,0
TX0004116219,0
TX0004116298,0
TX0004116332,0
TX0004116341,0
TX0004116374,0
TX0004116432,0
TX0004116443,0
TX0004116449,0
TX0004116461,0
TX0004116482,0
TX0004116492,0
TX0004116497,0
TX0004116552,0
TX0004116578,0
TX0004116635,0
TX0004116638,0
TX0004116710,0
TX0004116790,0
TX0004116856,0
TX0004116866,0
TX0004116918,0
TX0004116945,0
TX0004117000,0
TX0004117011,0
TX0004117012,0
TX0004117027,0
TX0004117036,0
TX0004117127,0
TX0004117133,0
TX0004117137,0
TX0004117146,0
TX0004117150,0
TX0004117172,0
TX0004117190,0
TX0004117199,0
TX0004117294,0
TX0004117301,0
TX0004117327,0
TX0004117342,0
TX0004117382,0
TX0004117387,0
TX0004117452,0
TX0004117517,0
TX0004117592,0
TX0004117594,0
TX0004117597,0
TX0004117635,0
TX0004117660,0
TX0004117683,0
TX0004117793,0
TX0004117802,0
TX0004117812,0
TX0004117822,0
TX0004117832,0
TX0004117853,0
TX0004117934,0
TX0004117976,0
TX0004117982,0
TX0004117983,0
TX0004118023,0
TX0004118025,0
TX0004118026,0
TX0004118028,0
TX0004118088,0
TX0004108540,0
TX0004108560,0
TX0004108567,0
TX0004108592,0
TX0004108706,0
TX0004108762,0
TX0004108792,0
TX0004108897,0
TX0004108904,0
TX0004108908,0
TX0004108924,0
TX0004108941,0
TX0004108978,0
TX0004108980,0
TX0004108989,0
TX0004109027,0
TX0004109043,0
TX0004109088,0
TX0004109147,0
TX0004109191,0
TX0004109212,0
TX0004109221,0
TX0004109226,0
TX0004109249,0
TX0004109269,0
TX0004109282,0
TX0004109352,0
TX0004109387,0
TX0004109435,0
TX0004109474,0
TX0004109538,0
TX0004109548,0
TX0004109579,0
TX0004109583,0
TX0004109672,0
TX0004109673,0
TX0004109731,0
TX0004109734,0
TX0004109747,0
TX0004109783,0
TX0004109784,0
TX0004109810,0
TX0004109843,0
TX0004109859,0
TX0004109898,0
TX0004109936,0
TX0004109941,0
TX0004109968,0
TX0004109978,0
TX0004110018,0
TX0004110077,0
TX0004110130,0
TX0004110147,0
TX0004110158,0
TX0004110189,0
TX0004110230,0
TX0004110259,0
TX0004110308,0
TX0004110328,0
TX0004110330,0
TX0004110401,0
TX0004110419,0
TX0004110436,0
TX0004110444,0
TX0004110445,0
TX0004110463,0
TX0004110494,0
TX0004110504,0
TX0004110517,0
TX0004110526,0
TX0004110534,0
TX0004110584,0
TX0004110596,0
TX0004110602,0
TX0004110627,0
TX0004110695,0
TX0004110746,0
TX0004110754,0
TX0004110784,0
TX0004110830,0
TX0004110856,0
TX0004110859,0
TX0004110902,0
TX0004110955,0
TX0004110987,0
TX0004111054,0
TX0004111076,0
TX0004111081,0
TX0004111116,0
TX0004111121,0
TX0004111131,0
TX0004111180,0
TX0004111233,0
TX0004111242,0
TX0004111248,0
TX0004111285,0
TX0004111317,0
TX0004111321,0
TX0004111325,0
TX0004111364,0
TX0004111367,0
TX0004111441,0
TX0004111449,0
TX0004111457,0
TX0004111574,0
TX0004111598,0
TX0004111618,0
TX0004111639,0
TX0004111649,0
TX0004111658,0
TX0004111727,0
TX0004111739,0
TX0004111769,0
TX0004111872,0
TX0004111891,0
TX0004111907,0
TX0004111970,0
TX0004112038,0
TX0004112067,0
TX0004112109,0
TX0004112135,0
TX0004112141,0
TX0004112178,0
TX0004112183,0
TX0004112196,0
TX0004112299,0
TX0004112351,0
TX0004112361,0
TX0004112392,0
TX0004112393,0
TX0004112400,0
TX0004112557,0
TX0004112558,0
TX0004112578,0
TX0004112593,0
TX0004112594,0
TX0004112695,0
TX0004112710,0
TX0004112711,0
TX0004112749,0
TX0004112760,0
TX0004112762,0
TX0004112780,0
TX0004112781,0
TX0004112791,0
TX0004112803,0
TX0004112837,0
TX0004112855,0
TX0004112896,0
TX0004112927,0
TX0004112936,0
TX0004112954,0
TX0004112966,0
TX0004112967,0
TX0004112991,0
TX0004112992,0
TX0004113027,0
TX0004113029,0
TX0004113041,0
TX0004113047,0
TX0004113051,0
TX0004113128,0
TX0004113255,0
TX0004113273,0
TX0004113294,0
TX0004113309,0
TX0004113417,0
TX0004113437,0
TX0004113451,0
TX0004113490,0
TX0004113561,0
TX0004113563,0
TX0004113618,0
TX0004113705,0
TX0004113717,0
TX0004113718,0
TX0004113844,0
TX0004113910,0
TX0004113940,0
TX0004113947,0
TX0004114030,0
TX0004114064,0
TX0004114086,0
TX0004114100,0
TX0004114113,0
TX0004114153,0
TX0004114186,0
TX0004114193,0
TX0004114202,0
TX0004114218,0
TX0004114241,0
TX0004114272,0
TX0004114295,0
TX0004114326,0
TX0004114373,0
TX0004114374,0
TX0004114377,0
TX0004114404,0
TX0004114448,0
TX0004114485,0
TX0004114513,0
TX0004114528,0
TX0004114547,0
TX0004114603,0
TX0004114624,0
TX0004114644,0
TX0004114656,0
TX0004114689,0
TX0004114698,0
TX0004114722,0
TX0004114808,0
TX0004114822,0
TX0004114851,0
TX0004114867,0
TX0004114899,0
TX0004114914,0
TX0004114960,0
TX0004114993,0
TX0004115009,0
TX0004115109,0
TX0004115169,0
TX0004115191,0
TX0004115217,0
TX0004115233,0
TX0004115237,0
TX0004115253,0
TX0004115315,0
TX0004115387,0
TX0004115397,0
TX0004115398,0
TX0004115405,0
TX0004115407,0
TX0004115462,0
TX0004115525,0
TX0004115621,0
TX0004115636,0
TX0004115657,0
TX0004115671,0
TX0004115677,0
TX0004115714,0
TX0004115717,0
TX0004115748,0
TX0004115815,0
TX0004115868,0
TX0004115895,0
TX0004115981,0
TX0004116103,0
TX0004116106,0
TX0004116140,0
TX0004116154,0
TX0004116211,0
TX0004116401,0
TX0004116505,0
TX0004116519,0
TX0004116547,0
TX0004116579,0
TX0004116617,0
TX0004116621,0
TX0004116660,0
TX0004116678,0
TX0004116690,0
TX0004116691,0
TX0004116717,0
TX0004116737,0
TX0004116757,0
TX0004116765,0
TX0004116767,0
TX0004116774,0
TX0004116862,0
TX0004116880,0
TX0004116912,0
TX0004116922,0
TX0004116928,0
TX0004116943,0
TX0004116965,0
TX0004116966,0
TX0004116972,0
TX0004117046,0
TX0004117074,0
TX0004117147,0
TX0004117149,0
TX0004117177,0
TX0004117198,0
TX0004117228,0
TX0004117268,0
TX0004117271,0
TX0004117293,0
TX0004117305,0
TX0004117344,0
TX0004117375,0
TX0004117376,0
TX0004117392,0
TX0004117411,0
TX0004117491,0
TX0004117506,0
TX0004117518,0
TX0004117525,0
TX0004117544,0
TX0004117612,0
TX0004117682,0
TX0004117685,0
TX0004117686,0
TX0004117723,0
TX0004117737,0
TX0004117841,0
TX0004117872,0
TX0004117879,0
TX0004117894,0
TX0004117921,0
TX0004117930,0
TX0004117948,0
TX0004117987,0
TX0004118009,0
TX0004118041,0
TX0004108564,0
TX0004108571,0
TX0004108617,0
TX0004108637,0
TX0004108649,0
TX0004108670,0
TX0004108679,0
TX0004108744,0
TX0004108755,0
TX0004108800,0
TX0004108816,0
TX0004108841,0
TX0004108890,0
TX0004108920,0
TX0004108928,0
TX0004108964,0
TX0004109047,0
TX0004109052,0
TX0004109056,0
TX0004109060,0
TX0004109096,0
TX0004109103,0
TX0004109131,0
TX0004109136,0
TX0004109201,0
TX0004109211,0
TX0004109228,0
TX0004109242,0
TX0004109244,0
TX0004109268,0
TX0004109308,0
TX0004109341,0
TX0004109433,0
TX0004109439,0
TX0004109615,0
TX0004109732,0
TX0004109753,0
TX0004109757,0
TX0004109764,0
TX0004109792,0
TX0004109832,0
TX0004109847,0
TX0004109888,0
TX0004109939,0
TX0004110024,0
TX0004110031,0
TX0004110035,0
TX0004110055,0
TX0004110105,0
TX0004110110,0
TX0004110115,0
TX0004110131,0
TX0004110156,0
TX0004110182,0
TX0004110187,0
TX0004110200,0
TX0004110227,0
TX0004110291,0
TX0004110337,0
TX0004110364,0
TX0004110400,0
TX0004110512,0
TX0004110539,0
TX0004110560,0
TX0004110643,0
TX0004110651,0
TX0004110724,0
TX0004110770,0
TX0004110823,0
TX0004110838,0
TX0004110911,0
TX0004110924,0
TX0004110989,0
TX0004111042,0
TX0004111065,0
TX0004111066,0
TX0004111097,0
TX0004111115,0
TX0004111156,0
TX0004111188,0
TX0004111210,0
TX0004111228,0
TX0004111260,0
TX0004111339,0
TX0004111346,0
TX0004111357,0
TX0004111361,0
TX0004111387,0
TX0004111407,0
TX0004111515,0
TX0004111556,0
TX0004111560,0
TX0004111575,0
TX0004111583,0
TX0004111590,0
TX0004111594,0
TX0004111631,0
TX0004111632,0
TX0004111646,0
TX0004111696,0
TX0004111714,0
TX0004111748,0
TX0004111749,0
TX0004111778,0
TX0004111783,0
TX0004111787,0
TX0004111830,0
TX0004111833,0
TX0004111892,0
TX0004111906,0
TX0004111913,0
TX0004111916,0
TX0004111921,0
TX0004111924,0
TX0004111925,0
TX0004111928,0
TX0004111947,0
TX0004111957,0
TX0004111967,0
TX0004111968,0
TX0004111984,0
TX0004112033,0
TX0004112063,0
TX0004112106,0
TX0004112111,0
TX0004112168,0
TX0004112243,0
TX0004112246,0
TX0004112275,0
TX0004112295,0
TX0004112341,0
TX0004112343,0
TX0004112352,0
TX0004112368,0
TX0004112428,0
TX0004112431,0
TX0004112481,0
TX0004112528,0
TX0004112536,0
TX0004112544,0
TX0004112580,0
TX0004112602,0
TX0004112615,0
TX0004112629,0
TX0004112648,0
TX0004112726,0
TX0004112729,0
TX0004112735,0
TX0004112814,0
TX0004112815,0
TX0004112843,0
TX0004112862,0
TX0004112904,0
TX0004112913,0
TX0004112994,0
TX0004112995,0
TX0004112998,0
TX0004113002,0
TX0004113056,0
TX0004113087,0
TX0004113095,0
TX0004113140,0
TX0004113177,0
TX0004113191,0
TX0004113272,0
TX0004113297,0
TX0004113316,0
TX0004113320,0
TX0004113392,0
TX0004113403,0
TX0004113404,0
TX0004113422,0
TX0004113431,0
TX0004113454,0
TX0004113459,0
TX0004113475,0
TX0004113525,0
TX0004113532,0
TX0004113566,0
TX0004113607,0
TX0004113644,0
TX0004113695,0
TX0004113734,0
TX0004113737,0
TX0004113745,0
TX0004113759,0
TX0004113778,0
TX0004113798,0
TX0004113804,0
TX0004113833,0
TX0004113846,0
TX0004113859,0
TX0004113883,0
TX0004113916,0
TX0004113973,0
TX0004114035,0
TX0004114081,0
TX0004114091,0
TX0004114157,0
TX0004114212,0
TX0004114276,0
TX0004114281,0
TX0004114367,0
TX0004114410,0
TX0004114425,0
TX0004114428,0
TX0004114445,0
TX0004114454,0
TX0004114455,0
TX0004114501,0
TX0004114575,0
TX0004114597,0
TX0004114655,0
TX0004114732,0
TX0004114738,0
TX0004114769,0
TX0004114812,0
TX0004114835,0
TX0004114843,0
TX0004114857,0
TX0004114859,0
TX0004114889,0
TX0004114898,0
TX0004114940,0
TX0004114945,0
TX0004114999,0
TX0004115031,0
TX0004115036,0
TX0004115050,0
TX0004115087,0
TX0004115099,0
TX0004115122,0
TX0004115127,0
TX0004115145,0
TX0004115146,0
TX0004115154,0
TX0004115240,0
TX0004115283,0
TX0004115288,0
TX0004115292,0
TX0004115302,0
TX0004115304,0
TX0004115319,0
TX0004115325,0
TX0004115326,0
TX0004115379,0
TX0004115406,0
TX0004115447,0
TX0004115470,0
TX0004115478,0
TX0004115495,0
TX0004115501,0
TX0004115516,0
TX0004115517,0
TX0004115530,0
TX0004115571,0
TX0004115582,0
TX0004115584,0
TX0004115600,0
TX0004115626,0
TX0004115669,0
TX0004115704,0
TX0004115715,0
TX0004115720,0
TX0004115721,0
TX0004115726,0
TX0004115744,0
TX0004115747,0
TX0004115761,0
TX0004115768,0
TX0004115796,0
TX0004115807,0
TX0004115856,0
TX0004115857,0
TX0004115862,0
TX0004115890,0
TX0004115927,0
TX0004115948,0
TX0004115990,0
TX0004115999,0
TX0004116013,0
TX0004116017,0
TX0004116092,0
TX0004116099,0
TX0004116117,0
TX0004116148,0
TX0004116197,0
TX0004116204,0
TX0004116229,0
TX0004116259,0
TX0004116294,0
TX0004116304,0
TX0004116325,0
TX0004116326,0
TX0004116464,0
TX0004116468,0
TX0004116502,0
TX0004116550,0
TX0004116583,0
TX0004116584,0
TX0004116593,0
TX0004116632,0
TX0004116633,0
TX0004116655,0
TX0004116662,0
TX0004116670,0
TX0004116719,0
TX0004116745,0
TX0004116772,0
TX0004116850,0
TX0004116860,0
TX0004116873,0
TX0004116907,0
TX0004116913,0
TX0004116968,0
TX0004116998,0
TX0004117025,0
TX0004117052,0
TX0004117096,0
TX0004117104,0
TX0004117115,0
TX0004117118,0
TX0004117167,0
TX0004117220,0
TX0004117221,0
TX0004117222,0
TX0004117241,0
TX0004117250,0
TX0004117269,0
TX0004117318,0
TX0004117334,0
TX0004117371,0
TX0004117390,0
TX0004117413,0
TX0004117416,0
TX0004117457,0
TX0004117471,0
TX0004117529,0
TX0004117595,0
TX0004117638,0
TX0004117674,0
TX0004117681,0
TX0004117691,0
TX0004117702,0
TX0004117733,0
TX0004117740,0
TX0004117912,0
TX0004117918,0
TX0004117926,0
TX0004117938,0
TX0004117962,0
TX0004118017,0
TX0004118024,0
TX0004118095,0
TX0004108549,0
TX0004108633,0
TX0004108635,0
TX0004108666,0
TX0004108700,0
TX0004108729,0
TX0004108765,0
TX0004108772,0
TX0004108836,0
TX0004109004,0
TX0004109032,0
TX0004109059,0
TX0004109166,0
TX0004109223,0
TX0004109248,0
TX0004109300,0
TX0004109415,0
TX0004109458,0
TX0004109531,0
TX0004109532,0
TX0004109603,0
TX0004109620,0
TX0004109653,0
TX0004109680,0
TX0004109745,0
TX0004109763,0
TX0004109767,0
TX0004109789,0
TX0004109797,0
TX0004109809,0
TX0004109815,0
TX0004109833,0
TX0004109837,0
TX0004109849,0
TX0004109865,0
TX0004109873,0
TX0004109889,0
TX0004109910,0
TX0004109992,0
TX0004109994,0
TX0004110075,0
TX0004110136,0
TX0004110183,0
TX0004110257,0
TX0004110271,0
TX0004110272,0
TX0004110278,0
TX0004110307,0
TX0004110374,0
TX0004110414,0
TX0004110416,0
TX0004110438,0
TX0004110451,0
TX0004110472,0
TX0004110505,0
TX0004110588,0
TX0004110597,0
TX0004110598,0
TX0004110604,0
TX0004110639,0
TX0004110659,0
TX0004110662,0
TX0004110663,0
TX0004110669,0
TX0004110680,0
TX0004110687,0
TX0004110689,0
TX0004110705,0
TX0004110719,0
TX0004110731,0
TX0004110743,0
TX0004110827,0
TX0004110839,0
TX0004110840,0
TX0004110871,0
TX0004110874,0
TX0004110887,0
TX0004110890,0
TX0004110947,0
TX0004110953,0
TX0004110970,0
TX0004111190,0
TX0004111193,0
TX0004111206,0
TX0004111213,0
TX0004111215,0
TX0004111266,0
TX0004111274,0
TX0004111335,0
TX0004111349,0
TX0004111380,0
TX0004111401,0
TX0004111410,0
TX0004111419,0
TX0004111459,0
TX0004111483,0
TX0004111552,0
TX0004111579,0
TX0004111586,0
TX0004111592,0
TX0004111600,0
TX0004111612,0
TX0004111653,0
TX0004111877,0
TX0004111879,0
TX0004111950,0
TX0004111964,0
TX0004112026,0
TX0004112061,0
TX0004112104,0
TX0004112117,0
TX0004112133,0
TX0004112134,0
TX0004112145,0
TX0004112154,0
TX0004112171,0
TX0004112172,0
TX0004112173,0
TX0004112181,0
TX0004112197,0
TX0004112199,0
TX0004112230,0
TX0004112231,0
TX0004112253,0
TX0004112265,0
TX0004112268,0
TX0004112293,0
TX0004112294,0
TX0004112338,0
TX0004112358,0
TX0004112360,0
TX0004112362,0
TX0004112402,0
TX0004112420,0
TX0004112493,0
TX0004112569,0
TX0004112591,0
TX0004112619,0
TX0004112620,0
TX0004112677,0
TX0004112716,0
TX0004112717,0
TX0004112721,0
TX0004112732,0
TX0004112751,0
TX0004112761,0
TX0004112809,0
TX0004112848,0
TX0004112851,0
TX0004112852,0
TX0004112887,0
TX0004112910,0
TX0004112952,0
TX0004112965,0
TX0004113016,0
TX0004113032,0
TX0004113062,0
TX0004113065,0
TX0004113099,0
TX0004113127,0
TX0004113157,0
TX0004113184,0
TX0004113222,0
TX0004113223,0
TX0004113262,0
TX0004113343,0
TX0004113400,0
TX0004113473,0
TX0004113477,0
TX0004113567,0
TX0004113595,0
TX0004113612,0
TX0004113627,0
TX0004113630,0
TX0004113637,0
TX0004113686,0
TX0004113724,0
TX0004113756,0
TX0004113783,0
TX0004113797,0
TX0004113841,0
TX0004113875,0
TX0004113921,0
TX0004113922,0
TX0004113931,0
TX0004113959,0
TX0004114069,0
TX0004114073,0
TX0004114078,0
TX0004114133,0
TX0004114141,0
TX0004114162,0
TX0004114187,0
TX0004114267,0
TX0004114284,0
TX0004114308,0
TX0004114312,0
TX0004114400,0
TX0004114415,0
TX0004114476,0
TX0004114504,0
TX0004114534,0
TX0004114549,0
TX0004114554,0
TX0004114560,0
TX0004114569,0
TX0004114570,0
TX0004114594,0
TX0004114678,0
TX0004114690,0
TX0004114706,1
TX0004114736,0
TX0004114746,0
TX0004114760,0
TX0004114773,0
TX0004114774,0
TX0004114833,0
TX0004114848,0
TX0004114862,0
TX0004114894,0
TX0004114949,0
TX0004114981,0
TX0004114984,0
TX0004114986,0
TX0004115030,0
TX0004115064,0
TX0004115086,0
TX0004115128,0
TX0004115160,0
TX0004115167,0
TX0004115190,0
TX0004115226,0
TX0004115232,0
TX0004115242,0
TX0004115344,0
TX0004115345,0
TX0004115365,0
TX0004115383,0
TX0004115412,0
TX0004115436,0
TX0004115466,0
TX0004115512,0
TX0004115528,0
TX0004115547,0
TX0004115549,0
TX0004115587,0
TX0004115589,0
TX0004115610,0
TX0004115634,0
TX0004115650,0
TX0004115660,0
TX0004115753,0
TX0004115808,0
TX0004115832,0
TX0004115835,0
TX0004115837,0
TX0004115886,0
TX0004115970,0
TX0004115975,0
TX0004116019,0
TX0004116058,0
TX0004116074,0
TX0004116077,0
TX0004116085,0
TX0004116087,0
TX0004116164,0
TX0004116173,0
TX0004116190,0
TX0004116202,0
TX0004116210,0
TX0004116252,0
TX0004116253,0
TX0004116267,0
TX0004116290,0
TX0004116301,0
TX0004116348,0
TX0004116357,0
TX0004116395,0
TX0004116415,0
TX0004116426,0
TX0004116466,0
TX0004116539,0
TX0004116558,0
TX0004116607,0
TX0004116642,0
TX0004116665,0
TX0004116673,0
TX0004116693,0
TX0004116727,0
TX0004116803,0
TX0004116810,0
TX0004116843,0
TX0004116889,0
TX0004116901,0
TX0004116949,0
TX0004116961,0
TX0004117005,0
TX0004117015,0
TX0004117017,0
TX0004117162,0
TX0004117203,0
TX0004117267,0
TX0004117389,0
TX0004117391,0
TX0004117514,0
TX0004117579,0
TX0004117614,0
TX0004117629,0
TX0004117663,0
TX0004117696,0
TX0004117701,0
TX0004117750,0
TX0004117800,0
TX0004117889,0
TX0004117945,0
TX0004117972,0
TX0004118022,0
TX0004108543,0
TX0004108578,0
TX0004108722,0
TX0004108761,0
TX0004108763,0
TX0004108781,0
TX0004108793,0
TX0004108843,0
TX0004108891,0
TX0004109035,0
TX0004109125,0
TX0004109130,0
TX0004109227,0
TX0004109229,0
TX0004109232,0
TX0004109256,0
TX0004109270,0
TX0004109302,0
TX0004109316,0
TX0004109321,0
TX0004109343,0
TX0004109396,0
TX0004109422,0
TX0004109455,0
TX0004109460,0
TX0004109500,0
TX0004109541,0
TX0004109577,0
TX0004109616,0
TX0004109624,0
TX0004109662,0
TX0004109668,0
TX0004109696,0
TX0004109703,0
TX0004109714,0
TX0004109749,0
TX0004109772,0
TX0004109777,0
TX0004109793,0
TX0004109807,0
TX0004109813,0
TX0004109829,0
TX0004109856,0
TX0004109912,0
TX0004109917,0
TX0004109932,0
TX0004109977,0
TX0004109987,0
TX0004109996,0
TX0004110051,0
TX0004110091,0
TX0004110109,0
TX0004110132,0
TX0004110145,0
TX0004110194,0
TX0004110240,0
TX0004110245,0
TX0004110274,0
TX0004110316,0
TX0004110362,0
TX0004110382,0
TX0004110430,0
TX0004110453,0
TX0004110473,0
TX0004110474,0
TX0004110475,0
TX0004110608,0
TX0004110625,0
TX0004110634,0
TX0004110652,0
TX0004110653,0
TX0004110686,0
TX0004110739,0
TX0004110741,0
TX0004110760,0
TX0004110855,0
TX0004110868,0
TX0004110931,0
TX0004110978,0
TX0004110995,0
TX0004111033,0
TX0004111046,0
TX0004111060,0
TX0004111061,0
TX0004111094,0
TX0004111177,0
TX0004111257,0
TX0004111263,0
TX0004111264,0
TX0004111267,0
TX0004111332,0
TX0004111348,0
TX0004111383,0
TX0004111430,0
TX0004111433,0
TX0004111533,0
TX0004111587,0
TX0004111609,0
TX0004111621,0
TX0004111652,0
TX0004111660,0
TX0004111718,0
TX0004111770,0
TX0004111788,0
TX0004111789,0
TX0004111794,0
TX0004111809,0
TX0004111852,0
TX0004111859,0
TX0004111922,0
TX0004111972,0
TX0004112004,0
TX0004112011,0
TX0004112017,0
TX0004112034,0
TX0004112037,0
TX0004112042,0
TX0004112057,0
TX0004112093,0
TX0004112182,0
TX0004112212,0
TX0004112331,0
TX0004112334,0
TX0004112336,0
TX0004112366,0
TX0004112372,0
TX0004112415,0
TX0004112489,0
TX0004112492,0
TX0004112496,0
TX0004112503,0
TX0004112512,0
TX0004112587,0
TX0004112588,0
TX0004112598,0
TX0004112611,0
TX0004112612,0
TX0004112626,0
TX0004112669,0
TX0004112685,0
TX0004112742,0
TX0004112750,0
TX0004112808,0
TX0004112882,0
TX0004112883,0
TX0004112891,0
TX0004112894,0
TX0004112950,0
TX0004112951,0
TX0004112975,0
TX0004113013,0
TX0004113025,0
TX0004113049,0
TX0004113116,0
TX0004113141,0
TX0004113142,0
TX0004113178,0
TX0004113227,0
TX0004113332,0
TX0004113340,0
TX0004113354,0
TX0004113365,0
TX0004113380,0
TX0004113391,0
TX0004113412,0
TX0004113425,0
TX0004113426,0
TX0004113470,0
TX0004113716,0
TX0004113740,0
TX0004113755,0
TX0004113816,0
TX0004113819,0
TX0004113823,0
TX0004113829,0
TX0004113919,0
TX0004113925,0
TX0004113975,0
TX0004113996,0
TX0004113999,0
TX0004114008,0
TX0004114015,0
TX0004114031,0
TX0004114039,0
TX0004114143,0
TX0004114165,0
TX0004114242,0
TX0004114300,0
TX0004114368,0
TX0004114372,0
TX0004114395,0
TX0004114418,0
TX0004114423,0
TX0004114424,0
TX0004114434,0
TX0004114450,0
TX0004114471,0
TX0004114493,0
TX0004114565,0
TX0004114567,0
TX0004114568,0
TX0004114586,0
TX0004114606,0
TX0004114634,0
TX0004114671,0
TX0004114704,0
TX0004114729,0
TX0004114730,0
TX0004114793,0
TX0004114798,0
TX0004114850,0
TX0004114858,0
TX0004114928,0
TX0004114930,0
TX0004114977,0
TX0004115017,0
TX0004115062,0
TX0004115075,0
TX0004115110,0
TX0004115121,0
TX0004115163,0
TX0004115172,0
TX0004115193,0
TX0004115220,0
TX0004115244,0
TX0004115281,0
TX0004115293,0
TX0004115299,0
TX0004115314,0
TX0004115327,0
TX0004115362,0
TX0004115437,0
TX0004115438,0
TX0004115497,0
TX0004115498,0
TX0004115507,0
TX0004115510,0
TX0004115559,0
TX0004115607,0
TX0004115630,0
TX0004115645,0
TX0004115716,0
TX0004115735,0
TX0004115738,0
TX0004115805,0
TX0004115845,0
TX0004115902,0
TX0004115912,0
TX0004115966,0
TX0004116001,0
TX0004116003,0
TX0004116040,0
TX0004116086,0
TX0004116096,0
TX0004116114,0
TX0004116135,0
TX0004116171,0
TX0004116247,0
TX0004116272,0
TX0004116289,0
TX0004116319,0
TX0004116330,0
TX0004116354,0
TX0004116362,0
TX0004116397,0
TX0004116425,0
TX0004116433,0
TX0004116513,0
TX0004116553,0
TX0004116560,0
TX0004116613,0
TX0004116657,0
TX0004116658,0
TX0004116659,0
TX0004116770,0
TX0004116799,0
TX0004116855,0
TX0004116881,0
TX0004116953,0
TX0004116982,0
TX0004116999,0
TX0004117009,0
TX0004117018,0
TX0004117020,0
TX0004117056,0
TX0004117063,0
TX0004117064,0
TX0004117077,0
TX0004117095,0
TX0004117156,0
TX0004117166,0
TX0004117233,0
TX0004117285,0
TX0004117304,0
TX0004117349,0
TX0004117383,0
TX0004117396,0
TX0004117423,0
TX0004117431,0
TX0004117439,0
TX0004117440,0
TX0004117448,0
TX0004117453,0
TX0004117528,0
TX0004117576,0
TX0004117673,0
TX0004117704,0
TX0004117727,0
TX0004117743,0
TX0004117748,0
TX0004117809,0
TX0004117813,0
TX0004117828,0
TX0004117833,0
TX0004117846,0
TX0004117859,0
TX0004117951,0
TX0004117973,0
TX0004117991,0
TX0004117997,0
TX0004118069,0
TX0004108541,0
TX0004108555,0
TX0004108598,0
TX0004108609,0
TX0004108619,0
TX0004108673,0
TX0004108683,0
TX0004108685,0
TX0004108699,0
TX0004108715,0
TX0004108784,0
TX0004108821,0
TX0004108877,0
TX0004108888,0
TX0004108916,0
TX0004108923,0
TX0004108953,0
TX0004108954,0
TX0004108957,0
TX0004109087,0
TX0004109105,0
TX0004109109,0
TX0004109204,0
TX0004109206,0
TX0004109215,0
TX0004109295,0
TX0004109298,0
TX0004109318,0
TX0004109329,0
TX0004109348,0
TX0004109374,0
TX0004109383,0
TX0004109384,0
TX0004109462,0
TX0004109493,0
TX0004109494,0
TX0004109501,0
TX0004109634,0
TX0004109650,0
TX0004109657,0
TX0004109664,0
TX0004109724,0
TX0004109728,0
TX0004109746,0
TX0004109835,0
TX0004109846,0
TX0004109890,0
TX0004109925,0
TX0004110072,0
TX0004110081,0
TX0004110089,0
TX0004110133,0
TX0004110135,0
TX0004110139,0
TX0004110206,0
TX0004110243,0
TX0004110273,0
TX0004110284,0
TX0004110299,0
TX0004110323,0
TX0004110346,0
TX0004110348,0
TX0004110379,0
TX0004110392,0
TX0004110407,0
TX0004110420,0
TX0004110471,0
TX0004110496,0
TX0004110500,0
TX0004110514,0
TX0004110525,0
TX0004110536,0
TX0004110570,0
TX0004110610,0
TX0004110668,0
TX0004110673,0
TX0004110696,0
TX0004110768,0
TX0004110778,0
TX0004110828,0
TX0004110836,0
TX0004110889,0
TX0004110901,0
TX0004110916,0
TX0004110952,0
TX0004111017,0
TX0004111083,0
TX0004111088,0
TX0004111124,0
TX0004111142,0
TX0004111151,0
TX0004111158,0
TX0004111216,0
TX0004111227,0
TX0004111277,0
TX0004111281,0
TX0004111291,0
TX0004111295,0
TX0004111318,0
TX0004111341,0
TX0004111375,0
TX0004111396,0
TX0004111399,0
TX0004111405,0
TX0004111482,0
TX0004111494,0
TX0004111526,0
TX0004111559,0
TX0004111629,0
TX0004111644,0
TX0004111656,0
TX0004111692,0
TX0004111701,0
TX0004111722,0
TX0004111744,0
TX0004111755,0
TX0004111911,0
TX0004111994,0
TX0004112005,0
TX0004112066,0
TX0004112086,0
TX0004112100,0
TX0004112127,0
TX0004112194,0
TX0004112225,0
TX0004112228,0
TX0004112229,0
TX0004112306,0
TX0004112307,0
TX0004112353,0
TX0004112377,0
TX0004112383,0
TX0004112390,0
TX0004112403,0
TX0004112463,0
TX0004112506,0
TX0004112509,0
TX0004112542,0
TX0004112574,0
TX0004112583,0
TX0004112607,0
TX0004112621,0
TX0004112622,0
TX0004112645,0
TX0004112679,0
TX0004112705,0
TX0004112728,0
TX0004112737,0
TX0004112747,0
TX0004112782,0
TX0004112802,0
TX0004112844,0
TX0004112905,0
TX0004112925,0
TX0004112944,0
TX0004112970,0
TX0004112985,0
TX0004112986,0
TX0004113030,0
TX0004113122,0
TX0004113136,0
TX0004113162,0
TX0004113203,0
TX0004113231,0
TX0004113266,0
TX0004113293,0
TX0004113337,0
TX0004113342,0
TX0004113382,0
TX0004113438,0
TX0004113446,0
TX0004113452,0
TX0004113482,0
TX0004113499,0
TX0004113510,0
TX0004113514,0
TX0004113562,0
TX0004113564,0
TX0004113583,0
TX0004113608,0
TX0004113632,0
TX0004113647,0
TX0004113655,0
TX0004113668,0
TX0004113751,0
TX0004113757,0
TX0004113771,0
TX0004113774,0
TX0004113785,0
TX0004113858,0
TX0004113936,0
TX0004113980,0
TX0004113983,0
TX0004114007,0
TX0004114012,0
TX0004114026,0
TX0004114112,0
TX0004114154,0
TX0004114204,0
TX0004114207,0
TX0004114208,0
TX0004114271,0
TX0004114293,0
TX0004114330,0
TX0004114340,0
TX0004114344,0
TX0004114366,0
TX0004114392,0
TX0004114433,0
TX0004114505,0
TX0004114616,0
TX0004114621,0
TX0004114667,0
TX0004114716,0
TX0004114752,0
TX0004114829,0
TX0004114932,0
TX0004114950,0
TX0004114967,0
TX0004114996,0
TX0004115097,0
TX0004115112,0
TX0004115159,0
TX0004115173,0
TX0004115206,0
TX0004115208,0
TX0004115265,0
TX0004115308,0
TX0004115324,0
TX0004115340,0
TX0004115418,0
TX0004115486,0
TX0004115542,0
TX0004115551,0
TX0004115557,0
TX0004115560,0
TX0004115632,0
TX0004115762,0
TX0004115764,0
TX0004115766,0
TX0004115773,0
TX0004115776,0
TX0004115781,0
TX0004115814,0
TX0004115838,0
TX0004115840,0
TX0004115878,0
TX0004115896,0
TX0004115937,0
TX0004115977,0
TX0004115987,0
TX0004116122,0
TX0004116160,0
TX0004116191,0
TX0004116196,0
TX0004116222,0
TX0004116264,0
TX0004116269,0
TX0004116275,0
TX0004116324,0
TX0004116356,0
TX0004116364,0
TX0004116372,0
TX0004116387,0
TX0004116393,0
TX0004116473,0
TX0004116477,0
TX0004116510,0
TX0004116556,0
TX0004116574,0
TX0004116598,0
TX0004116748,0
TX0004116762,0
TX0004116807,0
TX0004116869,0
TX0004116893,0
TX0004116930,0
TX0004117050,0
TX0004117053,0
TX0004117071,0
TX0004117139,0
TX0004117155,0
TX0004117168,0
TX0004117188,0
TX0004117206,0
TX0004117211,0
TX0004117224,0
TX0004117270,0
TX0004117278,0
TX0004117311,0
TX0004117321,0
TX0004117347,0
TX0004117369,0
TX0004117485,0
TX0004117492,0
TX0004117557,0
TX0004117593,0
TX0004117605,0
TX0004117624,0
TX0004117655,0
TX0004117672,0
TX0004117677,0
TX0004117716,0
TX0004117820,0
TX0004117834,0
TX0004117895,0
TX0004117992,0
TX0004117993,0
TX0004118006,0
TX0004118061,0
TX0004118063,0
TX0004118089,0
TX0004108533,0
TX0004108542,0
TX0004108595,0
TX0004108681,0
TX0004108747,0
TX0004108780,0
TX0004108797,0
TX0004108815,0
TX0004108829,0
TX0004108860,0
TX0004108902,0
TX0004108936,0
TX0004108962,0
TX0004108996,0
TX0004109097,0
TX0004109159,0
TX0004109192,0
TX0004109207,0
TX0004109250,0
TX0004109266,0
TX0004109273,0
TX0004109277,0
TX0004109331,0
TX0004109345,0
TX0004109385,0
TX0004109395,0
TX0004109413,0
TX0004109470,0
TX0004109482,0
TX0004109489,0
TX0004109526,0
TX0004109712,0
TX0004109715,0
TX0004109727,0
TX0004109762,0
TX0004109778,0
TX0004109855,0
TX0004109911,0
TX0004109962,0
TX0004109976,0
TX0004110000,0
TX0004110011,0
TX0004110023,0
TX0004110025,0
TX0004110052,0
TX0004110080,0
TX0004110082,0
TX0004110210,0
TX0004110294,0
TX0004110298,0
TX0004110301,0
TX0004110310,0
TX0004110394,0
TX0004110441,0
TX0004110442,0
TX0004110446,0
TX0004110484,0
TX0004110533,0
TX0004110552,0
TX0004110567,0
TX0004110590,0
TX0004110593,0
TX0004110606,0
TX0004110657,0
TX0004110661,0
TX0004110723,0
TX0004110763,0
TX0004110815,0
TX0004110850,0
TX0004110852,0
TX0004110863,0
TX0004110867,0
TX0004110908,0
TX0004110921,0
TX0004110959,0
TX0004110965,0
TX0004110973,0
TX0004110975,0
TX0004110976,0
TX0004111037,0
TX0004111039,0
TX0004111056,0
TX0004111062,0
TX0004111063,0
TX0004111098,0
TX0004111101,0
TX0004111123,0
TX0004111125,0
TX0004111171,0
TX0004111189,0
TX0004111229,0
TX0004111275,0
TX0004111288,0
TX0004111305,0
TX0004111310,0
TX0004111378,0
TX0004111408,0
TX0004111417,0
TX0004111437,0
TX0004111453,0
TX0004111503,0
TX0004111510,0
TX0004111538,0
TX0004111562,0
TX0004111567,0
TX0004111622,0
TX0004111675,0
TX0004111676,0
TX0004111680,0
TX0004111729,0
TX0004111742,0
TX0004111759,0
TX0004111765,0
TX0004111774,0
TX0004111786,0
TX0004111812,0
TX0004111848,0
TX0004111927,0
TX0004111939,0
TX0004111980,0
TX0004111996,0
TX0004112039,0
TX0004112123,0
TX0004112152,0
TX0004112193,0
TX0004112195,0
TX0004112198,0
TX0004112201,0
TX0004112203,0
TX0004112207,0
TX0004112211,0
TX0004112273,0
TX0004112298,0
TX0004112318,0
TX0004112364,0
TX0004112440,0
TX0004112459,0
TX0004112532,0
TX0004112533,0
TX0004112568,0
TX0004112601,0
TX0004112631,0
TX0004112636,0
TX0004112639,0
TX0004112744,0
TX0004112811,0
TX0004112897,0
TX0004112907,0
TX0004112971,0
TX0004113042,0
TX0004113070,0
TX0004113071,0
TX0004113117,0
TX0004113155,0
TX0004113161,0
TX0004113167,0
TX0004113183,0
TX0004113198,0
TX0004113260,0
TX0004113349,0
TX0004113362,0
TX0004113394,0
TX0004113442,0
TX0004113465,0
TX0004113468,0
TX0004113484,0
TX0004113487,0
TX0004113556,0
TX0004113599,0
TX0004113703,0
TX0004113704,0
TX0004113710,0
TX0004113738,0
TX0004113873,0
TX0004113877,0
TX0004113927,0
TX0004113930,0
TX0004113955,0
TX0004113956,0
TX0004113974,0
TX0004113979,0
TX0004113988,0
TX0004114101,0
TX0004114111,0
TX0004114278,0
TX0004114282,0
TX0004114335,0
TX0004114388,0
TX0004114389,0
TX0004114393,0
TX0004114449,0
TX0004114453,0
TX0004114506,0
TX0004114515,0
TX0004114523,0
TX0004114536,0
TX0004114552,0
TX0004114670,0
TX0004114724,0
TX0004114758,0
TX0004114761,0
TX0004114777,0
TX0004114805,0
TX0004114868,0
TX0004114869,0
TX0004114942,0
TX0004114959,0
TX0004114968,0
TX0004114990,0
TX0004115018,0
TX0004115019,0
TX0004115096,0
TX0004115139,0
TX0004115250,0
TX0004115257,0
TX0004115370,0
TX0004115380,0
TX0004115381,0
TX0004115426,0
TX0004115433,0
TX0004115443,0
TX0004115444,0
TX0004115508,0
TX0004115568,0
TX0004115573,0
TX0004115649,0
TX0004115733,0
TX0004115734,0
TX0004115743,0
TX0004115804,0
TX0004115816,0
TX0004115827,0
TX0004115875,0
TX0004116035,0
TX0004116042,0
TX0004116079,0
TX0004116095,0
TX0004116126,0
TX0004116178,0
TX0004116198,0
TX0004116207,0
TX0004116208,0
TX0004116226,0
TX0004116248,0
TX0004116313,0
TX0004116322,0
TX0004116345,0
TX0004116421,0
TX0004116422,0
TX0004116453,0
TX0004116481,0
TX0004116515,0
TX0004116537,0
TX0004116546,0
TX0004116571,0
TX0004116572,0
TX0004116573,0
TX0004116619,0
TX0004116651,0
TX0004116692,0
TX0004116746,0
TX0004116812,0
TX0004116817,0
TX0004116845,0
TX0004116875,0
TX0004116902,0
TX0004116904,0
TX0004116954,0
TX0004116973,0
TX0004116980,0
TX0004116988,0
TX0004117076,0
TX0004117122,0
TX0004117182,0
TX0004117212,0
TX0004117251,0
TX0004117282,0
TX0004117412,0
TX0004117424,0
TX0004117483,0
TX0004117607,0
TX0004117639,0
TX0004117652,0
TX0004117658,0
TX0004117675,0
TX0004117745,0
TX0004117805,0
TX0004117849,0
TX0004117862,0
TX0004117875,0
TX0004117880,0
TX0004117899,0
TX0004117914,0
TX0004117922,0
TX0004117933,0
TX0004117964,0
TX0004118020,0
TX0004118029,0
TX0004118049,0
TX0004108548,0
TX0004108575,0
TX0004108588,0
TX0004108600,0
TX0004108603,0
TX0004108615,0
TX0004108648,0
TX0004108656,0
TX0004108697,0
TX0004108698,0
TX0004108709,0
TX0004108782,0
TX0004108786,0
TX0004108808,0
TX0004108863,0
TX0004108884,0
TX0004108917,0
TX0004108987,0
TX0004108988,0
TX0004109009,0
TX0004109093,0
TX0004109135,0
TX0004109179,0
TX0004109264,0
TX0004109284,0
TX0004109288,0
TX0004109296,0
TX0004109314,0
TX0004109365,0
TX0004109442,0
TX0004109499,0
TX0004109521,0
TX0004109580,0
TX0004109642,0
TX0004109678,0
TX0004109708,0
TX0004109725,0
TX0004109769,0
TX0004109818,0
TX0004109840,0
TX0004109861,0
TX0004109874,0
TX0004109875,0
TX0004109885,0
TX0004109951,0
TX0004109961,0
TX0004109971,0
TX0004109984,0
TX0004110028,0
TX0004110033,0
TX0004110043,0
TX0004110111,0
TX0004110141,0
TX0004110146,0
TX0004110191,0
TX0004110204,0
TX0004110270,0
TX0004110288,0
TX0004110412,0
TX0004110449,0
TX0004110461,0
TX0004110506,0
TX0004110557,0
TX0004110632,0
TX0004110675,0
TX0004110678,0
TX0004110716,0
TX0004110762,0
TX0004110782,0
TX0004110783,0
TX0004110789,0
TX0004110791,0
TX0004110797,0
TX0004110801,0
TX0004110807,0
TX0004110817,0
TX0004110881,0
TX0004110896,0
TX0004110906,0
TX0004110907,0
TX0004110977,0
TX0004111089,0
TX0004111110,0
TX0004111164,0
TX0004111166,0
TX0004111174,0
TX0004111176,0
TX0004111253,0
TX0004111265,0
TX0004111294,0
TX0004111307,0
TX0004111312,0
TX0004111314,0
TX0004111330,0
TX0004111351,0
TX0004111356,0
TX0004111372,0
TX0004111388,0
TX0004111434,0
TX0004111467,0
TX0004111468,0
TX0004111561,0
TX0004111563,0
TX0004111585,0
TX0004111595,0
TX0004111605,0
TX0004111648,0
TX0004111685,0
TX0004111793,0
TX0004111797,0
TX0004111807,0
TX0004111827,0
TX0004111850,0
TX0004111863,0
TX0004111954,0
TX0004111986,0
TX0004112000,0
TX0004112006,0
TX0004112013,0
TX0004112050,0
TX0004112071,0
TX0004112161,0
TX0004112165,0
TX0004112205,0
TX0004112252,0
TX0004112260,0
TX0004112269,0
TX0004112277,0
TX0004112312,0
TX0004112320,0
TX0004112328,0
TX0004112330,0
TX0004112373,0
TX0004112391,0
TX0004112453,0
TX0004112476,0
TX0004112523,0
TX0004112551,0
TX0004112575,0
TX0004112608,0
TX0004112674,0
TX0004112686,0
TX0004112708,0
TX0004112745,0
TX0004112788,0
TX0004112826,0
TX0004112833,0
TX0004112838,0
TX0004112856,0
TX0004112924,0
TX0004112931,0
TX0004112957,0
TX0004112959,0
TX0004112987,0
TX0004112988,0
TX0004113017,0
TX0004113018,0
TX0004113113,0
TX0004113126,0
TX0004113175,0
TX0004113182,0
TX0004113200,0
TX0004113204,0
TX0004113232,0
TX0004113239,0
TX0004113252,0
TX0004113265,0
TX0004113267,0
TX0004113279,0
TX0004113296,0
TX0004113314,0
TX0004113329,0
TX0004113356,0
TX0004113390,0
TX0004113402,0
TX0004113441,0
TX0004113455,0
TX0004113474,0
TX0004113495,0
TX0004113529,0
TX0004113536,0
TX0004113573,0
TX0004113610,0
TX0004113626,0
TX0004113628,0
TX0004113654,0
TX0004113675,0
TX0004113794,0
TX0004113796,0
TX0004113809,0
TX0004113890,0
TX0004113962,0
TX0004113986,0
TX0004114023,0
TX0004114034,0
TX0004114044,0
TX0004114072,0
TX0004114170,0
TX0004114185,0
TX0004114189,0
TX0004114197,0
TX0004114213,0
TX0004114236,0
TX0004114244,0
TX0004114319,0
TX0004114339,0
TX0004114376,0
TX0004114468,0
TX0004114512,0
TX0004114602,0
TX0004114613,0
TX0004114617,0
TX0004114639,0
TX0004114640,0
TX0004114755,0
TX0004114762,0
TX0004114772,0
TX0004114783,0
TX0004114817,0
TX0004114830,0
TX0004114846,0
TX0004114855,0
TX0004114885,0
TX0004114944,0
TX0004114972,0
TX0004115051,0
TX0004115102,0
TX0004115156,0
TX0004115196,0
TX0004115210,0
TX0004115252,0
TX0004115264,0
TX0004115267,0
TX0004115268,0
TX0004115423,0
TX0004115441,0
TX0004115526,0
TX0004115550,0
TX0004115635,0
TX0004115642,0
TX0004115644,0
TX0004115651,0
TX0004115658,0
TX0004115665,0
TX0004115685,0
TX0004115739,0
TX0004115754,0
TX0004115774,0
TX0004115780,0
TX0004115810,0
TX0004115817,0
TX0004115826,0
TX0004115863,0
TX0004115914,0
TX0004115946,0
TX0004115979,0
TX0004115989,0
TX0004115997,0
TX0004116065,0
TX0004116100,0
TX0004116133,0
TX0004116157,0
TX0004116174,0
TX0004116193,0
TX0004116235,0
TX0004116237,0
TX0004116240,0
TX0004116242,0
TX0004116299,0
TX0004116323,0
TX0004116334,0
TX0004116366,0
TX0004116416,0
TX0004116431,0
TX0004116488,0
TX0004116489,0
TX0004116509,0
TX0004116511,0
TX0004116516,0
TX0004116580,0
TX0004116581,0
TX0004116608,0
TX0004116612,0
TX0004116627,0
TX0004116663,0
TX0004116701,0
TX0004116715,0
TX0004116771,0
TX0004116778,0
TX0004116795,0
TX0004116838,0
TX0004116844,0
TX0004116865,0
TX0004116894,0
TX0004116903,0
TX0004116924,0
TX0004116995,0
TX0004117035,0
TX0004117060,0
TX0004117111,0
TX0004117140,0
TX0004117159,0
TX0004117195,0
TX0004117207,0
TX0004117213,0
TX0004117255,0
TX0004117298,0
TX0004117328,0
TX0004117331,0
TX0004117346,0
TX0004117362,0
TX0004117422,0
TX0004117450,0
TX0004117489,0
TX0004117516,0
TX0004117540,0
TX0004117573,0
TX0004117585,0
TX0004117591,0
TX0004117602,0
TX0004117615,0
TX0004117724,0
TX0004117729,0
TX0004117730,0
TX0004117741,0
TX0004117789,0
TX0004117803,0
TX0004117818,0
TX0004117855,0
TX0004117865,0
TX0004117884,0
TX0004117941,0
TX0004118035,0
TX0004118053,0
TX0004118075,0
TX0004118081,0
TX0004108607,0
TX0004108680,0
TX0004108750,0
TX0004108757,0
TX0004108768,0
TX0004108773,0
TX0004108790,0
TX0004108802,0
TX0004108856,0
TX0004108876,0
TX0004108882,0
TX0004108967,0
TX0004108970,0
TX0004109003,0
TX0004109050,0
TX0004109053,0
TX0004109106,0
TX0004109119,0
TX0004109121,0
TX0004109128,0
TX0004109155,0
TX0004109170,0
TX0004109183,0
TX0004109184,0
TX0004109208,0
TX0004109209,0
TX0004109251,0
TX0004109292,0
TX0004109311,0
TX0004109320,0
TX0004109342,0
TX0004109400,0
TX0004109490,0
TX0004109546,0
TX0004109557,0
TX0004109581,0
TX0004109585,0
TX0004109628,0
TX0004109695,0
TX0004109707,0
TX0004109718,0
TX0004109720,0
TX0004109738,0
TX0004109802,0
TX0004109814,0
TX0004109822,0
TX0004109862,0
TX0004109895,0
TX0004109906,0
TX0004110013,0
TX0004110020,0
TX0004110103,0
TX0004110118,0
TX0004110190,0
TX0004110196,0
TX0004110264,0
TX0004110268,0
TX0004110355,0
TX0004110399,0
TX0004110434,0
TX0004110458,0
TX0004110462,0
TX0004110492,0
TX0004110571,0
TX0004110690,0
TX0004110734,0
TX0004110737,0
TX0004110764,0
TX0004110835,0
TX0004110878,0
TX0004110882,0
TX0004110940,0
TX0004111043,0
TX0004111254,0
TX0004111324,0
TX0004111358,0
TX0004111359,0
TX0004111374,0
TX0004111415,0
TX0004111463,0
TX0004111469,0
TX0004111499,0
TX0004111516,0
TX0004111551,0
TX0004111568,0
TX0004111659,0
TX0004111683,0
TX0004111688,0
TX0004111753,0
TX0004111771,0
TX0004111798,0
TX0004111839,0
TX0004111871,0
TX0004111893,0
TX0004111900,0
TX0004111909,0
TX0004111944,0
TX0004111959,0
TX0004112009,0
TX0004112043,0
TX0004112049,0
TX0004112083,0
TX0004112115,0
TX0004112300,0
TX0004112332,0
TX0004112384,0
TX0004112398,0
TX0004112437,0
TX0004112441,0
TX0004112474,0
TX0004112478,0
TX0004112520,0
TX0004112530,0
TX0004112531,0
TX0004112534,0
TX0004112545,0
TX0004112552,0
TX0004112634,0
TX0004112638,0
TX0004112641,0
TX0004112660,0
TX0004112661,0
TX0004112676,0
TX0004112753,0
TX0004112875,0
TX0004112886,0
TX0004112919,0
TX0004112949,0
TX0004112964,0
TX0004112983,0
TX0004112984,0
TX0004113053,0
TX0004113086,0
TX0004113089,0
TX0004113094,0
TX0004113137,0
TX0004113150,0
TX0004113153,0
TX0004113247,0
TX0004113295,0
TX0004113450,0
TX0004113551,0
TX0004113558,0
TX0004113576,0
TX0004113701,0
TX0004113702,0
TX0004113708,0
TX0004113729,0
TX0004113748,0
TX0004113749,0
TX0004113752,0
TX0004113754,0
TX0004113802,0
TX0004113807,0
TX0004113810,0
TX0004113811,0
TX0004113836,0
TX0004113851,0
TX0004113991,0
TX0004114053,0
TX0004114076,0
TX0004114116,0
TX0004114124,0
TX0004114139,0
TX0004114142,0
TX0004114144,0
TX0004114175,0
TX0004114188,0
TX0004114268,0
TX0004114351,0
TX0004114359,0
TX0004114412,0
TX0004114440,0
TX0004114475,0
TX0004114502,0
TX0004114589,0
TX0004114652,0
TX0004114658,0
TX0004114665,0
TX0004114677,0
TX0004114680,0
TX0004114685,0
TX0004114750,0
TX0004114781,0
TX0004114787,0
TX0004114828,0
TX0004114837,0
TX0004114865,0
TX0004114866,0
TX0004114881,0
TX0004114910,0
TX0004114922,0
TX0004114925,0
TX0004114955,0
TX0004114983,0
TX0004115004,0
TX0004115026,0
TX0004115131,0
TX0004115138,0
TX0004115199,0
TX0004115287,0
TX0004115334,0
TX0004115338,0
TX0004115369,0
TX0004115391,0
TX0004115420,0
TX0004115430,0
TX0004115452,0
TX0004115463,0
TX0004115465,0
TX0004115490,0
TX0004115545,0
TX0004115562,0
TX0004115570,0
TX0004115579,0
TX0004115593,0
TX0004115676,0
TX0004115711,0
TX0004115822,0
TX0004115861,0
TX0004115934,0
TX0004115972,0
TX0004116067,0
TX0004116128,0
TX0004116129,0
TX0004116137,0
TX0004116144,0
TX0004116224,0
TX0004116238,0
TX0004116254,0
TX0004116300,0
TX0004116314,0
TX0004116358,0
TX0004116370,0
TX0004116390,0
TX0004116406,0
TX0004116411,0
TX0004116434,0
TX0004116457,0
TX0004116476,0
TX0004116508,0
TX0004116525,0
TX0004116564,0
TX0004116594,0
TX0004116636,0
TX0004116637,0
TX0004116646,0
TX0004116686,0
TX0004116687,0
TX0004116718,0
TX0004116739,0
TX0004116750,0
TX0004116760,0
TX0004116764,0
TX0004116815,0
TX0004116821,0
TX0004116849,0
TX0004116944,0
TX0004117065,0
TX0004117082,0
TX0004117083,0
TX0004117087,0
TX0004117101,0
TX0004117107,0
TX0004117109,0
TX0004117194,0
TX0004117201,0
TX0004117263,0
TX0004117323,0
TX0004117414,0
TX0004117428,0
TX0004117460,0
TX0004117484,0
TX0004117504,0
TX0004117537,0
TX0004117548,0
TX0004117588,0
TX0004117596,0
TX0004117610,0
TX0004117649,0
TX0004117669,0
TX0004117711,0
TX0004117715,0
TX0004117731,0
TX0004117734,0
TX0004117742,0
TX0004117819,0
TX0004117867,0
TX0004117883,0
TX0004117897,0
TX0004117911,0
TX0004117913,0
TX0004117959,0
TX0004117968,0
TX0004117969,0
TX0004117970,0
TX0004118004,0
TX0004118042,0
TX0004118047,0
TX0004118058,0
TX0004118062,0
TX0001237956,0
TX0001237957,1
TX0004108550,0
TX0004108590,0
TX0004108612,0
TX0004108639,0
TX0004108651,0
TX0004108692,0
TX0004108693,0
TX0004108713,0
TX0004108724,0
TX0004108739,0
TX0004108837,0
TX0004108870,0
TX0004108892,0
TX0004109030,0
TX0004109039,0
TX0004109045,0
TX0004109066,0
TX0004109083,0
TX0004109113,0
TX0004109162,0
TX0004109194,0
TX0004109195,0
TX0004109218,0
TX0004109285,0
TX0004109287,0
TX0004109317,0
TX0004109354,0
TX0004109361,0
TX0004109418,0
TX0004109428,0
TX0004109440,0
TX0004109472,0
TX0004109473,0
TX0004109485,0
TX0004109503,0
TX0004109528,0
TX0004109534,0
TX0004109584,0
TX0004109619,0
TX0004109633,0
TX0004109640,0
TX0004109693,0
TX0004109729,0
TX0004109758,0
TX0004109853,0
TX0004109883,0
TX0004109901,0
TX0004109902,0
TX0004109947,0
TX0004109975,0
TX0004109986,0
TX0004110037,0
TX0004110041,0
TX0004110142,0
TX0004110155,0
TX0004110266,0
TX0004110300,0
TX0004110336,0
TX0004110383,0
TX0004110396,0
TX0004110409,0
TX0004110415,0
TX0004110417,0
TX0004110428,0
TX0004110439,0
TX0004110440,0
TX0004110468,0
TX0004110548,0
TX0004110578,0
TX0004110617,0
TX0004110620,0
TX0004110698,0
TX0004110715,0
TX0004110720,0
TX0004110744,0
TX0004110755,0
TX0004110765,0
TX0004110773,0
TX0004110788,0
TX0004110818,0
TX0004110843,0
TX0004110869,0
TX0004110898,0
TX0004110909,0
TX0004110920,0
TX0004110932,0
TX0004110938,0
TX0004110962,0
TX0004110979,0
TX0004110981,0
TX0004111023,0
TX0004111051,0
TX0004111055,0
TX0004111068,0
TX0004111183,0
TX0004111197,0
TX0004111218,0
TX0004111280,0
TX0004111362,0
TX0004111377,0
TX0004111394,0
TX0004111420,0
TX0004111464,0
TX0004111486,0
TX0004111525,0
TX0004111535,0
TX0004111580,0
TX0004111593,0
TX0004111666,0
TX0004111678,0
TX0004111691,0
TX0004111706,0
TX0004111735,0
TX0004111747,0
TX0004111752,0
TX0004111776,0
TX0004111813,0
TX0004111814,0
TX0004111867,0
TX0004111874,0
TX0004111880,0
TX0004111895,0
TX0004111969,0
TX0004111977,0
TX0004111981,0
TX0004111982,0
TX0004112029,0
TX0004112051,0
TX0004112075,0
TX0004112113,0
TX0004112144,0
TX0004112166,0
TX0004112223,0
TX0004112308,0
TX0004112324,0
TX0004112348,0
TX0004112387,0
TX0004112405,0
TX0004112408,0
TX0004112456,0
TX0004112464,0
TX0004112487,0
TX0004112490,0
TX0004112526,0
TX0004112527,0
TX0004112541,0
TX0004112599,0
TX0004112651,0
TX0004112653,0
TX0004112684,0
TX0004112703,0
TX0004112706,0
TX0004112774,0
TX0004112869,0
TX0004112884,0
TX0004112885,0
TX0004112893,0
TX0004112901,0
TX0004112946,0
TX0004112972,0
TX0004113001,0
TX0004113023,0
TX0004113048,0
TX0004113096,0
TX0004113106,0
TX0004113111,0
TX0004113121,0
TX0004113156,0
TX0004113166,0
TX0004113269,0
TX0004113292,0
TX0004113298,0
TX0004113310,0
TX0004113327,0
TX0004113330,0
TX0004113350,0
TX0004113383,0
TX0004113399,0
TX0004113467,0
TX0004113518,0
TX0004113572,0
TX0004113596,0
TX0004113614,0
TX0004113657,0
TX0004113762,0
TX0004113805,0
TX0004113857,0
TX0004113887,0
TX0004113946,0
TX0004114000,0
TX0004114042,0
TX0004114049,0
TX0004114067,0
TX0004114106,0
TX0004114155,0
TX0004114172,0
TX0004114182,0
TX0004114228,0
TX0004114254,0
TX0004114304,0
TX0004114314,0
TX0004114324,0
TX0004114334,0
TX0004114379,0
TX0004114406,0
TX0004114416,0
TX0004114443,0
TX0004114462,0
TX0004114473,0
TX0004114516,0
TX0004114538,0
TX0004114543,0
TX0004114553,0
TX0004114585,0
TX0004114720,0
TX0004114813,0
TX0004114820,0
TX0004114839,0
TX0004114845,0
TX0004114852,0
TX0004114915,0
TX0004114991,0
TX0004115010,0
TX0004115052,0
TX0004115059,0
TX0004115101,0
TX0004115140,0
TX0004115186,0
TX0004115200,0
TX0004115234,0
TX0004115307,0
TX0004115318,0
TX0004115328,0
TX0004115331,0
TX0004115332,0
TX0004115353,0
TX0004115448,0
TX0004115533,0
TX0004115543,0
TX0004115588,0
TX0004115612,0
TX0004115653,0
TX0004115691,0
TX0004115741,0
TX0004115746,0
TX0004115771,0
TX0004115792,0
TX0004115830,0
TX0004115849,0
TX0004115887,0
TX0004115900,0
TX0004115904,0
TX0004115920,0
TX0004115961,0
TX0004115976,0
TX0004115996,0
TX0004116037,0
TX0004116055,0
TX0004116060,0
TX0004116076,0
TX0004116081,0
TX0004116119,0
TX0004116215,0
TX0004116245,0
TX0004116249,0
TX0004116291,0
TX0004116297,0
TX0004116307,0
TX0004116320,0
TX0004116339,0
TX0004116346,0
TX0004116380,0
TX0004116419,0
TX0004116430,0
TX0004116472,0
TX0004116520,0
TX0004116538,0
TX0004116624,0
TX0004116631,0
TX0004116653,0
TX0004116668,0
TX0004116749,0
TX0004116784,0
TX0004116798,0
TX0004116809,0
TX0004116811,0
TX0004116825,0
TX0004116828,0
TX0004116835,0
TX0004116857,0
TX0004116868,0
TX0004116884,0
TX0004116977,0
TX0004117004,0
TX0004117029,0
TX0004117041,0
TX0004117126,0
TX0004117158,0
TX0004117196,0
TX0004117209,0
TX0004117283,0
TX0004117295,0
TX0004117340,0
TX0004117350,0
TX0004117352,0
TX0004117365,0
TX0004117367,0
TX0004117430,0
TX0004117444,0
TX0004117472,0
TX0004117480,0
TX0004117560,0
TX0004117566,0
TX0004117570,0
TX0004117608,0
TX0004117632,0
TX0004117648,0
TX0004117679,0
TX0004117699,0
TX0004117705,0
TX0004117712,0
TX0004117726,0
TX0004117797,0
TX0004117854,0
TX0004117857,0
TX0004117860,0
TX0004117861,0
TX0004117888,0
TX0004117901,0
TX0004117910,0
TX0004117939,0
TX0004118080,0
TX0004118091,0
TX0004118093,0
TX0004108558,0
TX0004108597,0
TX0004108630,0
TX0004108636,0
TX0004108646,0
TX0004108687,0
TX0004108702,0
TX0004108723,0
TX0004108769,0
TX0004108869,0
TX0004108871,0
TX0004108911,0
TX0004108921,0
TX0004108947,0
TX0004109161,0
TX0004109181,0
TX0004109262,0
TX0004109263,0
TX0004109303,0
TX0004109330,0
TX0004109334,0
TX0004109353,0
TX0004109363,0
TX0004109381,0
TX0004109382,0
TX0004109404,0
TX0004109426,0
TX0004109487,0
TX0004109519,0
TX0004109533,0
TX0004109537,0
TX0004109605,0
TX0004109635,0
TX0004109641,0
TX0004109710,0
TX0004109755,0
TX0004109824,0
TX0004109841,0
TX0004109876,0
TX0004109877,0
TX0004109892,0
TX0004109903,0
TX0004109957,0
TX0004109963,0
TX0004110099,0
TX0004110113,0
TX0004110138,0
TX0004110159,0
TX0004110161,0
TX0004110208,0
TX0004110215,0
TX0004110226,0
TX0004110241,0
TX0004110242,0
TX0004110276,0
TX0004110283,0
TX0004110302,0
TX0004110306,0
TX0004110357,0
TX0004110402,0
TX0004110426,0
TX0004110448,0
TX0004110522,0
TX0004110530,0
TX0004110559,0
TX0004110579,0
TX0004110621,0
TX0004110626,0
TX0004110637,0
TX0004110654,0
TX0004110667,0
TX0004110672,0
TX0004110700,0
TX0004110813,0
TX0004110824,0
TX0004110833,0
TX0004110846,0
TX0004110865,0
TX0004110875,0
TX0004110950,0
TX0004110954,0
TX0004110993,0
TX0004110998,0
TX0004111018,0
TX0004111026,0
TX0004111032,0
TX0004111047,0
TX0004111092,0
TX0004111106,0
TX0004111148,0
TX0004111150,0
TX0004111167,0
TX0004111194,0
TX0004111208,0
TX0004111240,0
TX0004111268,0
TX0004111302,0
TX0004111385,0
TX0004111402,0
TX0004111423,0
TX0004111424,0
TX0004111429,0
TX0004111440,0
TX0004111444,0
TX0004111450,0
TX0004111452,0
TX0004111479,0
TX0004111497,0
TX0004111498,0
TX0004111501,0
TX0004111558,0
TX0004111584,0
TX0004111673,0
TX0004111674,0
TX0004111728,0
TX0004111768,0
TX0004111773,0
TX0004111782,0
TX0004111802,0
TX0004111853,0
TX0004111901,0
TX0004111903,0
TX0004111979,0
TX0004111999,0
TX0004112014,0
TX0004112022,0
TX0004112119,0
TX0004112121,0
TX0004112126,0
TX0004112146,0
TX0004112167,0
TX0004112234,0
TX0004112238,0
TX0004112239,0
TX0004112288,0
TX0004112346,0
TX0004112376,0
TX0004112394,0
TX0004112395,0
TX0004112396,0
TX0004112424,0
TX0004112426,0
TX0004112468,0
TX0004112505,0
TX0004112560,0
TX0004112561,0
TX0004112592,0
TX0004112596,0
TX0004112597,0
TX0004112600,0
TX0004112633,0
TX0004112680,0
TX0004112687,0
TX0004112722,0
TX0004112730,0
TX0004112857,0
TX0004112867,0
TX0004112871,0
TX0004112872,0
TX0004112909,0
TX0004112973,0
TX0004112974,0
TX0004112976,0
TX0004112996,0
TX0004113074,0
TX0004113085,0
TX0004113097,0
TX0004113123,0
TX0004113216,0
TX0004113217,0
TX0004113221,0
TX0004113257,0
TX0004113283,0
TX0004113307,0
TX0004113341,0
TX0004113384,0
TX0004113479,0
TX0004113496,0
TX0004113511,0
TX0004113587,0
TX0004113600,0
TX0004113616,0
TX0004113667,0
TX0004113722,0
TX0004113723,0
TX0004113741,0
TX0004113742,0
TX0004113773,0
TX0004113830,0
TX0004113854,0
TX0004113855,0
TX0004113895,0
TX0004113897,0
TX0004113909,0
TX0004113920,0
TX0004113984,0
TX0004113995,0
TX0004114018,0
TX0004114022,0
TX0004114051,0
TX0004114055,0
TX0004114220,0
TX0004114233,0
TX0004114251,0
TX0004114252,0
TX0004114343,0
TX0004114356,0
TX0004114463,0
TX0004114474,0
TX0004114490,0
TX0004114494,0
TX0004114510,0
TX0004114530,0
TX0004114535,0
TX0004114562,0
TX0004114647,0
TX0004114659,0
TX0004114682,0
TX0004114702,0
TX0004114710,0
TX0004114728,0
TX0004114749,0
TX0004114789,0
TX0004114841,0
TX0004114895,0
TX0004114913,0
TX0004114933,0
TX0004114956,0
TX0004115013,0
TX0004115067,0
TX0004115092,0
TX0004115113,0
TX0004115136,0
TX0004115201,0
TX0004115230,0
TX0004115245,0
TX0004115247,0
TX0004115271,0
TX0004115274,0
TX0004115301,0
TX0004115321,0
TX0004115335,0
TX0004115351,0
TX0004115357,0
TX0004115424,0
TX0004115432,0
TX0004115461,0
TX0004115502,0
TX0004115692,0
TX0004115706,0
TX0004115709,0
TX0004115710,0
TX0004115722,0
TX0004115745,0
TX0004115842,0
TX0004115891,0
TX0004115919,0
TX0004115935,0
TX0004115943,0
TX0004115967,0
TX0004116033,0
TX0004116047,0
TX0004116071,0
TX0004116147,0
TX0004116232,0
TX0004116239,0
TX0004116273,0
TX0004116282,0
TX0004116371,0
TX0004116382,0
TX0004116407,0
TX0004116440,0
TX0004116450,0
TX0004116549,0
TX0004116592,0
TX0004116610,0
TX0004116611,0
TX0004116628,0
TX0004116664,0
TX0004116694,0
TX0004116709,0
TX0004116725,0
TX0004116728,0
TX0004116729,0
TX0004116738,0
TX0004116758,0
TX0004116834,0
TX0004116839,0
TX0004116899,0
TX0004116994,0
TX0004117013,0
TX0004117034,0
TX0004117045,0
TX0004117066,0
TX0004117080,0
TX0004117081,0
TX0004117113,0
TX0004117170,0
TX0004117179,0
TX0004117200,0
TX0004117259,0
TX0004117313,0
TX0004117451,0
TX0004117474,0
TX0004117511,0
TX0004117520,0
TX0004117535,0
TX0004117546,0
TX0004117549,0
TX0004117582,0
TX0004117622,0
TX0004117646,0
TX0004117707,0
TX0004117821,0
TX0004117845,0
TX0004117882,0
TX0004117936,0
TX0004118018,0
TX0004118052,0
